ad_id,image_path,zip_member,original_ad_id,year,product_type,youth_cartoon,youth_theme_indep,youth_theme_rebel,youth_theme_arts,youth_theme_social,youth_theme_sophis,youth_theme_sex,youth_theme_athl,youth_acad_contest,youth_influencers,youth_vapetricks,youth_covert,youth_humor,youth_memes,youth_emojis,youth_restrict
15003347690,C:\Users\Eric\Documents\cig-ads-image\data\images\15003347690.png,Ad images for Yiqun/December 2021/Online Display/Reynolds American (Cig)/15003347690.png,15003347690,2021,0,0,0,0,0,1,0,0,0,0,0,0,0,0,0,0,0
15007874162,C:\Users\Eric\Documents\cig-ads-image\data\images\15007874162.png,Ad images for Yiqun/Feb 2022/Mobile App/Harmless Cigarette (Cig)/15007874162.png,15007874162,2022,0,1,0,0,0,0,0,0,0,0,0,0,0,0,0,0,0
15007999347,C:\Users\Eric\Documents\cig-ads-image\data\images\15007999347.png,Ad images for Yiqun/Feb 2022/Mobile App/Harmless Cigarette (Cig)/15007999347.png,15007999347,2022,0,1,0,0,0,0,0,0,0,0,0,0,0,0,0,0,0
15008259856,C:\Users\Eric\Documents\cig-ads-image\data\images\15008259856.png,Ad images for Yiqun/Feb 2022/Mobile App/Harmless Cigarette (Cig)/15008259856.png,15008259856,2022,0,0,0,0,0,0,0,0,0,0,0,0,0,0,0,0,0
15008842035,C:\Users\Eric\Documents\cig-ads-image\data\images\15008842035.png,Ad images for Yiqun/Feb 2022/Mobile App/Harmless Cigarette (Cig)/15008842035.png,15008842035,2022,0,0,0,0,0,0,0,0,0,0,0,0,0,0,0,0,0
15009421317,C:\Users\Eric\Documents\cig-ads-image\data\images\15009421317.png,Ad images for Yiqun/Feb 2022/Online Display/Harmless Cigarette (Cig)/15009421317.png,15009421317,2022,0,0,0,0,0,0,0,0,0,0,0,0,0,0,0,0,0
15010665869,C:\Users\Eric\Documents\cig-ads-image\data\images\15010665869.png,Ad images for Yiqun/Mar 2022/Mobile/Harmless (Cig)/15010665869.png,15010665869,2022,0,1,0,0,0,0,0,0,0,0,0,0,0,0,0,0,0
15010679983,C:\Users\Eric\Documents\cig-ads-image\data\images\15010679983.png,Ad images for Yiqun/Mar 2022/Mobile/Harmless (Cig)/15010679983.png,15010679983,2022,0,1,0,0,0,0,0,0,0,0,0,0,0,0,0,0,0
15010689681,C:\Users\Eric\Documents\cig-ads-image\data\images\15010689681.png,Ad images for Yiqun/Mar 2022/Online Display/Harmless (cig)/15010689681.png,15010689681,2022,0,0,0,0,0,0,0,0,0,0,0,0,0,0,0,0,0
15010694840,C:\Users\Eric\Documents\cig-ads-image\data\images\15010694840.png,Ad images for Yiqun/Mar 2022/Mobile/Harmless (Cig)/15010694840.png,15010694840,2022,0,0,0,0,0,0,0,0,0,0,0,0,0,0,0,0,0
15010699436,C:\Users\Eric\Documents\cig-ads-image\data\images\15010699436.png,Ad images for Yiqun/Mar 2022/Mobile/Harmless (Cig)/15010699436.png,15010699436,2022,0,1,0,0,0,0,0,0,0,0,0,0,0,0,0,0,0
15010700129,C:\Users\Eric\Documents\cig-ads-image\data\images\15010700129.png,Ad images for Yiqun/Mar 2022/Mobile/Harmless (Cig)/15010700129.png,15010700129,2022,0,0,0,0,0,0,0,0,0,0,0,0,0,0,0,0,0
15010759959,C:\Users\Eric\Documents\cig-ads-image\data\images\15010759959.png,Ad images for Yiqun/Mar 2022/Mobile/Harmless (Cig)/15010759959.png,15010759959,2022,0,0,0,0,0,0,0,0,0,0,0,0,0,0,0,0,0
15010759984,C:\Users\Eric\Documents\cig-ads-image\data\images\15010759984.png,Ad images for Yiqun/Mar 2022/Mobile/Harmless (Cig)/15010759984.png,15010759984,2022,0,1,0,0,0,0,0,0,0,0,0,0,0,0,0,0,0
15220546476,C:\Users\Eric\Documents\cig-ads-image\data\images\15220546476.png,Ad images for Yiqun/Aug 2022/Magazine/15220546476.png,15220546476,2022,0,0,0,0,0,0,0,0,0,0,0,0,0,0,0,0,0
15221239263,C:\Users\Eric\Documents\cig-ads-image\data\images\15221239263.png,Ad images for Yiqun/Sept 2022/OD/Backwoods (Cig)/15221239263.png,15221239263,2022,0,0,0,0,0,0,0,0,0,0,0,0,0,0,0,0,0
15222338140,C:\Users\Eric\Documents\cig-ads-image\data\images\15222338140.png,Ad images for Yiqun/Sept 2022/OD/Backwoods (Cig)/15222338140.png,15222338140,2022,0,0,0,0,0,0,1,0,0,0,0,0,0,0,0,0,0
15242199441,C:\Users\Eric\Documents\cig-ads-image\data\images\15242199441.png,Ad images for Yiqun/Feb-Mar 2023/Online Display/Anti Tar/15242199441.png,15242199441,2023,0,0,0,0,0,0,0,0,0,0,0,0,0,0,0,0,0
15242431927,C:\Users\Eric\Documents\cig-ads-image\data\images\15242431927.png,Ad images for Yiqun/Feb-Mar 2023/Online Display/Blu Cigs/15242431927.png,15242431927,2023,0,0,0,0,0,0,0,0,0,0,0,0,0,0,0,0,1
15242598738,C:\Users\Eric\Documents\cig-ads-image\data\images\15242598738.png,Ad images for Yiqun/Feb-Mar 2023/Online Display/Blu Cigs/15242598738.png,15242598738,2023,0,0,0,0,0,0,0,0,0,0,0,0,0,1,0,0,1
15242598765,C:\Users\Eric\Documents\cig-ads-image\data\images\15242598765.png,Ad images for Yiqun/Feb-Mar 2023/Online Display/Blu Cigs/15242598765.png,15242598765,2023,0,0,0,0,0,0,0,0,0,0,0,0,0,0,0,0,1
15242971671,C:\Users\Eric\Documents\cig-ads-image\data\images\15242971671.png,Ad images for Yiqun/Feb-Mar 2023/Online Display/Blu Cigs/15242971671.png,15242971671,2023,0,0,0,0,0,0,0,0,0,0,0,0,0,1,0,0,1
200486950,C:\Users\Eric\Documents\cig-ads-image\data\images\200486950.png,Ad images for Yiqun/Aug 2022/Magazine/Winston/200486950.png,200486950,2022,0,1,0,0,0,1,0,0,0,0,0,0,0,0,0,0,0
200509786,C:\Users\Eric\Documents\cig-ads-image\data\images\200509786.png,Ad images for Yiqun/Sept 2022/Magazine/Winston/200509786.png,200509786,2022,0,0,0,0,0,1,0,0,0,0,0,0,0,0,0,0,0
200522591,C:\Users\Eric\Documents\cig-ads-image\data\images\200522591.png,Ad images for Yiqun/Oct 2022/Magazine/Winston/200522591.png,200522591,2022,0,0,0,1,0,1,0,0,0,0,0,0,0,0,0,0,0
200522886,C:\Users\Eric\Documents\cig-ads-image\data\images\200522886.png,Ad images for Yiqun/Sept 2022/Magazine/Winston/200522886.png,200522886,2022,0,0,0,0,0,0,0,0,0,0,0,0,0,0,0,0,0
200530026,C:\Users\Eric\Documents\cig-ads-image\data\images\200530026.png,Ad images for Yiqun/Sept 2022/Magazine/Winston/200530026.png,200530026,2022,0,0,0,0,0,0,0,0,0,0,0,0,0,0,0,0,0
200617147,C:\Users\Eric\Documents\cig-ads-image\data\images\200617147.png,Ad images for Yiqun/Nov and Dec 2022/Magazine/Winston/200617147.png,200617147,2022,0,0,0,0,0,1,0,0,0,0,0,0,0,0,0,0,0
200617744,C:\Users\Eric\Documents\cig-ads-image\data\images\200617744.png,Ad images for Yiqun/Oct 2022/Magazine/Winston/200617744.png,200617744,2022,0,0,0,0,0,0,0,0,0,0,0,0,0,0,0,0,0
200627751,C:\Users\Eric\Documents\cig-ads-image\data\images\200627751.png,Ad images for Yiqun/Nov and Dec 2022/Magazine/Winston/200627751.png,200627751,2022,0,0,0,0,0,0,0,0,0,0,0,0,0,0,0,0,0
200782610,C:\Users\Eric\Documents\cig-ads-image\data\images\200782610.png,Ad images for Yiqun/Nov and Dec 2022/Magazine/Winston/200782610.png,200782610,2022,0,0,0,1,0,1,0,0,0,0,0,0,0,0,0,0,0
200783012,C:\Users\Eric\Documents\cig-ads-image\data\images\200783012.png,Ad images for Yiqun/Nov and Dec 2022/Magazine/Winston/200783012.png,200783012,2022,0,1,0,0,0,0,0,0,0,0,0,0,0,0,0,0,0
200783503,C:\Users\Eric\Documents\cig-ads-image\data\images\200783503.png,Ad images for Yiqun/Jan 2023/Magazine/Winston/200783503.png,200783503,2023,0,0,0,0,0,0,0,0,0,0,0,0,0,0,0,0,0
200889961,C:\Users\Eric\Documents\cig-ads-image\data\images\200889961.jpg,Ad images for Yiqun/Jan 2023/Newspaper/VLN/200889961.JPG,200889961,2023,0,0,0,0,0,0,0,0,0,0,0,0,0,0,0,0,0
200937256,C:\Users\Eric\Documents\cig-ads-image\data\images\200937256.png,Ad images for Yiqun/Feb-Mar 2023/Magazine/Lucky Strike/200937256.png,200937256,2023,0,0,0,0,0,0,1,0,0,0,0,0,0,0,0,0,0
200983329,C:\Users\Eric\Documents\cig-ads-image\data\images\200983329.png,Ad images for Yiqun/Feb-Mar 2023/Magazine/Winston/200983329.png,200983329,2023,0,0,0,0,0,0,0,0,0,0,0,0,0,0,0,0,0
201068150,C:\Users\Eric\Documents\cig-ads-image\data\images\201068150.jpeg,Ad images for Yiqun/April-May 2023/Magazine/Winston/201068150.jpeg,201068150,2023,0,0,0,1,0,1,0,0,0,0,0,0,0,0,0,0,0
201306006,C:\Users\Eric\Documents\cig-ads-image\data\images\201306006.png,Ad images for Yiqun/June- July 2023/Magazine/Lucky Strike/201306006.png,201306006​,2023,0,0,0,0,1,0,0,0,0,0,0,0,0,0,0,0,0
201319535,C:\Users\Eric\Documents\cig-ads-image\data\images\201319535.jpeg,Ad images for Yiqun/June- July 2023/Magazine/Winston/201319535.jpeg,201319535,2023,0,0,0,0,0,0,0,0,0,0,0,0,0,0,0,0,0
201322620,C:\Users\Eric\Documents\cig-ads-image\data\images\201322620.jpeg,Ad images for Yiqun/April-May 2023/Magazine/Kool/201322620.jpeg,201322620​,2023,0,0,0,1,0,0,0,0,0,0,0,0,0,0,0,0,0
201337354,C:\Users\Eric\Documents\cig-ads-image\data\images\201337354.jpeg,Ad images for Yiqun/April-May 2023/Magazine/Winston/201337354.jpeg,201337354​,2023,0,0,0,0,0,0,0,0,0,0,0,0,0,0,0,0,0
202540112,C:\Users\Eric\Documents\cig-ads-image\data\images\202540112.jpeg,Ad images for Yiqun/June- July 2023/Magazine/Winston/202540112.jpeg,202540112,2023,0,0,0,1,0,1,0,0,0,0,0,0,0,0,0,0,0
202563953,C:\Users\Eric\Documents\cig-ads-image\data\images\202563953.jpeg,Ad images for Yiqun/June- July 2023/Magazine/Lucky Strike/202563953.jpeg,202563953,2023,0,0,0,0,1,0,0,0,0,0,0,0,0,0,0,0,0
202624040,C:\Users\Eric\Documents\cig-ads-image\data\images\202624040.png,Ad images for Yiqun/August 2023/Magazine/Natural American Spirit/202624040.png,202624040,2023,0,0,0,0,0,1,0,0,0,0,0,0,0,0,0,0,0
202696181,C:\Users\Eric\Documents\cig-ads-image\data\images\202696181.jpeg,Ad images for Yiqun/September 2023/Magazine/Winston/202696181.jpeg,202696181,2023,0,0,0,0,0,0,0,0,0,0,0,0,0,0,0,0,0
202734694,C:\Users\Eric\Documents\cig-ads-image\data\images\202734694.jpeg,Ad images for Yiqun/September 2023/Magazine/Kool/202734694.jpeg,202734694,2023,0,0,0,0,0,0,1,0,0,0,0,0,0,0,0,0,0
202791003,C:\Users\Eric\Documents\cig-ads-image\data\images\202791003.png,Ad images for Yiqun/December 2023/Magazine/Winston/202791003.png,202791003,2023,0,0,0,0,0,1,0,0,0,0,0,0,0,0,0,0,0
2843216646,C:\Users\Eric\Documents\cig-ads-image\data\images\2843216646.png,Ad images for Yiqun/Feb 2021/Online Display/Harmless Cigarette (Other)/2843216646.png,2843216646,2021,0,1,0,0,0,0,0,0,0,0,0,0,0,0,0,0,0
3163144896,C:\Users\Eric\Documents\cig-ads-image\data\images\3163144896.png,Ad images for Yiqun/Mar 2022/Online Display/Harmless (cig)/3163144896.png,3163144896,2022,0,0,0,0,0,0,0,0,0,0,0,0,0,0,0,0,0
3179960543,C:\Users\Eric\Documents\cig-ads-image\data\images\3179960543.png,Ad images for Yiqun/Mar 2022/Online Display/Harmless (cig)/3179960543.png,3179960543,2022,0,0,0,0,0,0,0,0,0,0,0,0,0,0,0,0,0
3475240831,C:\Users\Eric\Documents\cig-ads-image\data\images\3475240831.png,Ad images for Yiqun/August 2021/Online Display/Reynolds American/3475240831.png,3475240831,2021,0,0,0,0,0,1,0,0,0,0,0,0,0,0,0,0,0
3613472400,C:\Users\Eric\Documents\cig-ads-image\data\images\3613472400.png,Ad images for Yiqun/August 2021/Online Display/Reynolds American/3613472400.png,3613472400,2021,0,0,0,0,0,1,0,0,0,0,0,0,0,0,0,0,0
3617789110,C:\Users\Eric\Documents\cig-ads-image\data\images\3617789110.jpeg,Ad images for Yiqun/August 2021/Mobile/Reynolds American (Cig)/3617789110.jpeg,3617789110,2021,0,0,0,0,0,1,0,0,0,0,0,0,0,0,0,0,0
3620491301,C:\Users\Eric\Documents\cig-ads-image\data\images\3620491301.jpeg,Ad images for Yiqun/August 2021/Mobile/Reynolds American (Cig)/3620491301.jpeg,3620491301,2021,0,0,0,0,0,1,0,0,0,0,0,0,0,0,0,0,0
3626176381,C:\Users\Eric\Documents\cig-ads-image\data\images\3626176381.jpeg,Ad images for Yiqun/August 2021/Mobile/Reynolds American (Cig)/3626176381.jpeg,3626176381,2021,0,0,0,0,0,1,0,0,0,0,0,0,0,0,0,0,0
3628782543,C:\Users\Eric\Documents\cig-ads-image\data\images\3628782543.jpeg,Ad images for Yiqun/August 2021/Mobile/Reynolds American (Cig)/3628782543.jpeg,3628782543,2021,0,0,0,0,0,0,0,0,0,0,0,0,0,0,0,0,0
50462337,C:\Users\Eric\Documents\cig-ads-image\data\images\50462337.png,Ad images for Yiqun/Sept 2022/Magazine/Natural America Spirit/50462337.png,50462337,2022,0,1,0,0,0,0,0,0,0,0,0,0,0,0,0,0,0
64374652,C:\Users\Eric\Documents\cig-ads-image\data\images\64374652.jpg,Ad images for Yiqun/Feb 2021/Magazine/Lucky Strike (Cig)/64374652.jpg,64374652,2021,0,0,0,0,0,0,0,0,0,0,0,0,0,0,0,0,0
64374652_99,C:\Users\Eric\Documents\cig-ads-image\data\images\64374652_99.jpg,Ad images for Yiqun/Jan 2021/Magazine/Natural American Spirit (Cig)/64374652_99.jpg,64374652_99,2021,0,0,0,0,0,0,0,0,0,0,0,0,0,0,0,0,0
64496889,C:\Users\Eric\Documents\cig-ads-image\data\images\64496889.jpg,Ad images for Yiqun/April 2021/Magazine/Winston (Cig)/64496889.jpg,64496889,2021,0,0,0,0,0,0,0,0,0,0,0,0,0,0,0,0,0
64499368,C:\Users\Eric\Documents\cig-ads-image\data\images\64499368.jpg,Ad images for Yiqun/March 2021/Magazine/Lucky Strike (Cig)/64499368.jpg,64499368,2021,0,0,0,0,0,0,0,0,0,0,0,0,0,0,0,0,0
64506149,C:\Users\Eric\Documents\cig-ads-image\data\images\64506149.jpg,Ad images for Yiqun/March 2021/Magazine/Lucky Strike (Cig)/64506149.jpg,64506149,2021,0,0,0,1,1,0,0,0,0,0,0,0,0,0,0,0,0
64506174,C:\Users\Eric\Documents\cig-ads-image\data\images\64506174.jpg,Ad images for Yiqun/April 2021/Magazine/Natural American Spirit (Cig)/64506174.jpg,64506174,2021,0,0,0,0,0,0,0,0,0,0,0,0,0,0,0,0,0
64518174,C:\Users\Eric\Documents\cig-ads-image\data\images\64518174.jpg,Ad images for Yiqun/April 2021/Magazine/Natural American Spirit (Cig)/64518174.jpg,64518174,2021,0,0,0,0,0,0,0,0,0,0,0,0,0,0,0,0,0
64531659,C:\Users\Eric\Documents\cig-ads-image\data\images\64531659.jpg,Ad images for Yiqun/April 2021/Magazine/Natural American Spirit (Cig)/64531659A.jpg,64531659,2021,0,0,0,0,0,0,0,0,0,0,0,0,0,0,0,0,0
64531689,C:\Users\Eric\Documents\cig-ads-image\data\images\64531689.jpg,Ad images for Yiqun/April 2021/Magazine/Lucky Strike (Cig)/64531689.jpg,64531689,2021,0,0,0,1,1,0,0,0,0,0,0,0,0,0,0,0,0
64531718,C:\Users\Eric\Documents\cig-ads-image\data\images\64531718.jpg,Ad images for Yiqun/April 2021/Magazine/Natural American Spirit (Cig)/64531718A.jpg,64531718,2021,0,0,0,0,0,0,0,0,0,0,0,0,0,0,0,0,0
64531727,C:\Users\Eric\Documents\cig-ads-image\data\images\64531727.jpg,Ad images for Yiqun/March 2021/Magazine/Natural American Spirit (Cig)/64531727A.jpg,64531727,2021,0,0,0,0,0,0,0,0,0,0,0,0,0,0,0,0,0
64532068,C:\Users\Eric\Documents\cig-ads-image\data\images\64532068.jpg,Ad images for Yiqun/May 2021/Magazine/Lucky Strike (Cig)/64532068.jpg,64532068,2021,0,0,0,0,0,0,0,0,0,0,0,0,0,0,0,0,0
64532107,C:\Users\Eric\Documents\cig-ads-image\data\images\64532107.jpg,Ad images for Yiqun/April 2021/Magazine/Natural American Spirit (Cig)/64532107A.jpg,64532107,2021,0,0,0,0,0,0,0,0,0,0,0,0,0,0,0,0,0
64550737,C:\Users\Eric\Documents\cig-ads-image\data\images\64550737.jpg,Ad images for Yiqun/April 2021/Magazine/Natural American Spirit (Cig)/64550737.jpg,64550737,2021,0,0,0,0,0,0,0,0,0,0,0,0,0,0,0,0,0
64550738,C:\Users\Eric\Documents\cig-ads-image\data\images\64550738.jpg,Ad images for Yiqun/April 2021/Magazine/Natural American Spirit (Cig)/64550738.jpg,64550738,2021,0,0,0,0,0,0,0,0,0,0,0,0,0,0,0,0,0
64582893,C:\Users\Eric\Documents\cig-ads-image\data\images\64582893.jpg,Ad images for Yiqun/May 2021/Magazine/Winston (Cig)/64582893.jpg,64582893,2021,0,0,0,0,0,0,0,0,0,0,0,0,0,0,0,0,0
64622813,C:\Users\Eric\Documents\cig-ads-image\data\images\64622813.jpg,Ad images for Yiqun/May 2021/Magazine/Newport (Cig)/64622813.jpg,64622813,2021,0,0,1,0,0,0,0,0,0,0,0,0,0,0,0,0,0
64622984,C:\Users\Eric\Documents\cig-ads-image\data\images\64622984.jpg,Ad images for Yiqun/May 2021/Magazine/Newport (Cig)/64622984.jpg,64622984,2021,0,0,1,0,0,0,1,0,0,0,0,0,0,0,0,0,0
64629119,C:\Users\Eric\Documents\cig-ads-image\data\images\64629119.jpg,Ad images for Yiqun/May 2021/Magazine/Newport (Cig)/64629119.jpg,64629119,2021,0,0,0,1,0,0,0,0,0,0,0,0,0,0,0,0,0
64642332,C:\Users\Eric\Documents\cig-ads-image\data\images\64642332.jpeg,Ad images for Yiqun/July 2021/Magazine/Natural American Spirit (Cig)/64642332.jpeg,64642332,2021,0,0,0,0,0,0,0,0,0,0,0,0,0,0,0,0,0
64650715,C:\Users\Eric\Documents\cig-ads-image\data\images\64650715.jpg,Ad images for Yiqun/May 2021/Magazine/Newport (Cig)/64650715.jpg,64650715,2021,0,0,1,0,0,0,1,0,0,0,0,0,0,0,0,0,0
64653086,C:\Users\Eric\Documents\cig-ads-image\data\images\64653086.jpeg,Ad images for Yiqun/July 2021/Magazine/Black & Mild (LCC)/64653086.jpeg,64653086,2021,3,0,0,0,0,0,1,0,0,0,0,0,0,0,0,0,0
64664876,C:\Users\Eric\Documents\cig-ads-image\data\images\64664876.jpeg,Ad images for Yiqun/July 2021/Magazine/Black & Mild (LCC)/64664876.jpeg,64664876,2021,3,0,0,0,0,0,1,0,0,0,0,0,0,0,0,0,0
64665659,C:\Users\Eric\Documents\cig-ads-image\data\images\64665659.jpg,Ad images for Yiqun/May 2021/Magazine/Newport (Cig)/64665659.jpg,64665659,2021,0,0,1,0,0,0,1,0,0,0,0,0,0,0,0,0,0
64666994,C:\Users\Eric\Documents\cig-ads-image\data\images\64666994.jpeg,Ad images for Yiqun/July 2021/Newspaper/Philip Morris (Oth)/64666994.jpeg,64666994,2021,99,0,0,0,0,0,0,0,0,0,1,0,0,0,0,0,0
64689034,C:\Users\Eric\Documents\cig-ads-image\data\images\64689034.jpeg,Ad images for Yiqun/July 2021/Newspaper/Philip Morris (Oth)/64689034.jpeg,64689034,2021,99,0,0,0,0,0,0,0,0,0,0,0,0,0,0,0,0
64704038,C:\Users\Eric\Documents\cig-ads-image\data\images\64704038.jpeg,Ad images for Yiqun/July 2021/Newspaper/Philip Morris (Oth)/64704038.jpeg,64704038,2021,99,0,0,0,0,0,0,0,0,0,0,0,0,0,0,0,0
64716764,C:\Users\Eric\Documents\cig-ads-image\data\images\64716764.jpeg,Ad images for Yiqun/July 2021/Newspaper/IQOS (HTP)/64716764.jpeg,64716764,2021,2,0,0,0,0,0,0,0,0,0,0,0,0,0,0,0,0
64743595,C:\Users\Eric\Documents\cig-ads-image\data\images\64743595.jpeg,Ad images for Yiqun/August 2021/Magazine/Newport (Cig)/64743595.jpeg,64743595,2021,0,0,0,1,0,0,0,0,0,0,0,0,0,0,0,0,0
64744657,C:\Users\Eric\Documents\cig-ads-image\data\images\64744657.jpeg,Ad images for Yiqun/July 2021/Magazine/Newport (Cig)/64744657_A.jpeg,64744657,2021,0,0,1,0,0,0,0,0,0,0,0,0,0,0,0,0,0
64757562,C:\Users\Eric\Documents\cig-ads-image\data\images\64757562.jpeg,Ad images for Yiqun/July 2021/Magazine/Lucky Strike (Cig)/64757562.jpeg,64757562,2021,0,0,0,0,0,0,0,0,0,0,0,0,0,0,0,0,0
64761243,C:\Users\Eric\Documents\cig-ads-image\data\images\64761243.jpeg,Ad images for Yiqun/August 2021/Magazine/Lucky Strike (Cig)/64761243.jpeg,64761243,2021,0,0,0,0,0,0,0,0,0,0,0,0,0,0,0,0,0
64761294,C:\Users\Eric\Documents\cig-ads-image\data\images\64761294.jpeg,Ad images for Yiqun/August 2021/Magazine/Newport (Cig)/64761294.jpeg,64761294,2021,0,0,1,0,0,0,0,0,0,0,0,0,0,0,0,0,0
64761350,C:\Users\Eric\Documents\cig-ads-image\data\images\64761350.jpeg,Ad images for Yiqun/July 2021/Magazine/Winston (Cig)/64761350.jpeg,64761350,2021,0,0,0,1,0,1,0,0,0,0,0,0,0,0,0,0,0
64761933,C:\Users\Eric\Documents\cig-ads-image\data\images\64761933.jpeg,Ad images for Yiqun/July 2021/Magazine/Lucky Strike (Cig)/64761933.jpeg,64761933,2021,0,1,0,0,0,0,0,0,0,0,0,0,0,1,0,0,0
64762145,C:\Users\Eric\Documents\cig-ads-image\data\images\64762145.jpeg,Ad images for Yiqun/July 2021/Magazine/Lucky Strike (Cig)/64762145_A.jpeg,64762145,2021,0,0,0,0,0,0,0,0,0,0,0,0,0,0,0,0,0
64763949,C:\Users\Eric\Documents\cig-ads-image\data\images\64763949.jpeg,Ad images for Yiqun/July 2021/Magazine/Lucky Strike (Cig)/64763949_A.jpeg,64763949,2021,0,0,0,0,0,0,0,0,0,0,0,0,0,0,0,0,0
64764061,C:\Users\Eric\Documents\cig-ads-image\data\images\64764061.jpeg,Ad images for Yiqun/August 2021/Magazine/Lucky Strike (Cig)/64764061_A.jpeg,64764061,2021,0,0,0,0,0,0,0,0,0,0,0,0,0,0,0,0,0
64766287,C:\Users\Eric\Documents\cig-ads-image\data\images\64766287.jpeg,Ad images for Yiqun/August 2021/Magazine/Lucky Strike (Cig)/64766287_A.jpeg,64766287,2021,0,0,0,1,0,0,0,0,0,0,0,0,0,0,0,0,0
64771373,C:\Users\Eric\Documents\cig-ads-image\data\images\64771373.jpeg,Ad images for Yiqun/July 2021/Magazine/Winston (Cig)/64771373.jpeg,64771373,2021,0,0,0,1,0,0,0,0,0,0,0,0,0,0,0,0,0
64771544,C:\Users\Eric\Documents\cig-ads-image\data\images\64771544.jpeg,Ad images for Yiqun/September 2021/Magazine/Newport (Cig)/64771544.jpeg,64771544,2021,0,0,1,0,0,0,1,0,0,0,0,0,0,0,0,0,0
64774581,C:\Users\Eric\Documents\cig-ads-image\data\images\64774581.jpeg,Ad images for Yiqun/August 2021/Magazine/Lucky Strike (Cig)/64774581_A.jpeg,64774581,2021,0,0,0,1,0,0,0,0,0,0,0,0,0,0,0,0,0
64778920,C:\Users\Eric\Documents\cig-ads-image\data\images\64778920.jpeg,Ad images for Yiqun/July 2021/Magazine/Lucky Strike (Cig)/64778920.jpeg,64778920,2021,0,0,0,0,0,0,0,0,0,0,0,0,0,0,0,0,0
64797264,C:\Users\Eric\Documents\cig-ads-image\data\images\64797264.jpeg,Ad images for Yiqun/September 2021/Magazine/Lucky Strike (cig)/64797264.jpeg,64797264,2021,0,0,0,0,0,0,0,0,0,0,0,0,0,0,0,0,0
64821682,C:\Users\Eric\Documents\cig-ads-image\data\images\64821682.jpeg,Ad images for Yiqun/October 2021/Magazine/IQOS (HTP)/64821682_A.jpeg,64821682,2021,2,0,0,0,0,0,0,0,0,0,0,0,0,0,0,0,0
64826697,C:\Users\Eric\Documents\cig-ads-image\data\images\64826697.jpeg,Ad images for Yiqun/September 2021/Newspaper/IQOS (HTP)/64826697.jpeg,64826697,2021,2,0,0,0,0,0,0,0,0,0,0,0,0,0,0,0,0
64835305,C:\Users\Eric\Documents\cig-ads-image\data\images\64835305.jpeg,Ad images for Yiqun/September 2021/Newspaper/Philip Morris (Oth)/64835305.jpeg,64835305,2021,99,0,0,0,0,0,0,0,0,0,0,0,0,0,0,0,0
64838054,C:\Users\Eric\Documents\cig-ads-image\data\images\64838054.jpeg,Ad images for Yiqun/September 2021/Magazine/Winston (Cig)/64838054.jpeg,64838054,2021,0,0,0,1,0,0,0,0,0,0,0,0,0,0,0,0,0
64847754,C:\Users\Eric\Documents\cig-ads-image\data\images\64847754.jpeg,Ad images for Yiqun/September 2021/Magazine/Lucky Strike (cig)/64847754.jpeg,64847754,2021,0,1,0,0,0,0,0,0,0,0,0,0,0,0,0,0,0
64864323,C:\Users\Eric\Documents\cig-ads-image\data\images\64864323.jpg,Ad images for Yiqun/December 2021/Magazine/Natural American Spirit (Cig)/64864323.jpg,64864323,2021,0,1,0,0,0,0,0,0,0,0,0,0,0,0,0,0,0
64872294,C:\Users\Eric\Documents\cig-ads-image\data\images\64872294.jpeg,Ad images for Yiqun/November 2021/Magazine/IQOS (HTP)/64872294.jpeg,64872294,2021,2,0,0,0,0,0,0,0,0,0,0,0,0,0,0,0,0
64872300,C:\Users\Eric\Documents\cig-ads-image\data\images\64872300.jpeg,Ad images for Yiqun/October 2021/Magazine/Newport (Cig)/64872300.jpeg,64872300,2021,0,0,1,0,0,0,1,0,0,0,0,0,0,0,0,0,0
64880881,C:\Users\Eric\Documents\cig-ads-image\data\images\64880881.jpeg,Ad images for Yiqun/November 2021/Magazine/IQOS (HTP)/64880881_A.jpeg,64880881,2021,2,0,0,0,0,1,1,0,0,0,0,0,0,0,0,0,0
64910759,C:\Users\Eric\Documents\cig-ads-image\data\images\64910759.jpeg,Ad images for Yiqun/October 2021/Magazine/Reynolds American (Cig)/64910759.jpeg,64910759,2021,0,0,0,0,0,0,0,0,0,0,0,0,0,0,0,0,0
64914037,C:\Users\Eric\Documents\cig-ads-image\data\images\64914037.jpeg,Ad images for Yiqun/October 2021/Magazine/Philip Morris (Cig)/64914037.jpeg,64914037,2021,0,0,0,0,0,0,0,0,0,0,0,0,0,0,0,0,0
64915102,C:\Users\Eric\Documents\cig-ads-image\data\images\64915102.jpeg,Ad images for Yiqun/November 2021/Magazine/Lucky Strike (Cig)/64915102.jpeg,64915102,2021,0,0,0,1,0,0,0,0,0,0,0,0,0,0,0,0,0
64933649,C:\Users\Eric\Documents\cig-ads-image\data\images\64933649.jpg,Ad images for Yiqun/November 2021/Newspaper/Philip Morris (Oth)/64933649.jpg,64933649,2021,99,0,0,0,0,0,0,0,0,0,0,0,0,0,0,0,0
64941822,C:\Users\Eric\Documents\cig-ads-image\data\images\64941822.jpeg,Ad images for Yiqun/November 2021/Magazine/Lucky Strike (Cig)/64941822.jpeg,64941822,2021,0,0,0,1,0,0,0,0,0,0,0,0,0,0,0,0,0
64945503,C:\Users\Eric\Documents\cig-ads-image\data\images\64945503.jpg,Ad images for Yiqun/December 2021/Newspaper/Philip Morris Intl/64945503.jpg,64945503,2021,99,0,0,0,0,0,0,0,0,0,0,0,0,0,0,0,0
64946200,C:\Users\Eric\Documents\cig-ads-image\data\images\64946200.jpeg,Ad images for Yiqun/November 2021/Magazine/Black & Mild (Cig)/64946200.jpeg,64946200,2021,0,0,0,0,0,0,0,0,0,0,0,0,0,0,0,0,0
64970598,C:\Users\Eric\Documents\cig-ads-image\data\images\64970598.jpg,Ad images for Yiqun/December 2021/Magazine/Lucky Strike (Cig)/64970598.jpg,64970598,2021,0,0,0,1,0,0,0,0,0,0,0,0,0,0,0,0,0
64981645,C:\Users\Eric\Documents\cig-ads-image\data\images\64981645.jpg,Ad images for Yiqun/December 2021/Magazine/Lucky Strike (Cig)/64981645.jpg,64981645,2021,0,0,0,1,0,0,0,0,0,0,0,0,0,0,0,0,0
64994690,C:\Users\Eric\Documents\cig-ads-image\data\images\64994690.jpg,Ad images for Yiqun/December 2021/Magazine/Lucky Strike (Cig)/64994690.jpg,64994690,2021,0,0,0,0,0,0,0,0,0,0,0,0,0,1,0,0,0
65064405,C:\Users\Eric\Documents\cig-ads-image\data\images\65064405.png,Ad images for Yiqun/Feb 2022/Magazine/Lucky Strike (Cig)/65064405.png,65064405,2022,0,0,1,0,1,0,0,0,0,0,0,0,0,0,0,0,0
65086198,C:\Users\Eric\Documents\cig-ads-image\data\images\65086198.png,Ad images for Yiqun/Feb 2022/Magazine/Lucky Strike (Cig)/65086198.png,65086198,2022,0,0,0,0,1,0,0,0,0,0,0,0,0,0,0,0,0
65099820,C:\Users\Eric\Documents\cig-ads-image\data\images\65099820.jpeg,Ad images for Yiqun/Mar 2022/Magazine/Lucky Strike (Cig)/65099820.jpeg,65099820,2022,0,0,0,0,0,0,0,0,0,0,0,0,0,0,0,0,0
65099932,C:\Users\Eric\Documents\cig-ads-image\data\images\65099932.jpeg,Ad images for Yiqun/Mar 2022/Magazine/Lucky Strike (Cig)/65099932.jpeg,65099932,2022,0,0,0,1,0,0,0,0,0,0,0,0,0,0,0,0,0
65143872,C:\Users\Eric\Documents\cig-ads-image\data\images\65143872.jpeg,Ad images for Yiqun/Mar 2022/Magazine/Lucky Strike (Cig)/65143872.jpeg,65143872,2022,0,0,0,0,1,0,0,0,0,0,0,0,0,0,0,0,0
65146566,C:\Users\Eric\Documents\cig-ads-image\data\images\65146566.png,Ad images for Yiqun/May 2022/Magazine/Natural American (cig)/65146566.png,65146566,2022,0,1,0,0,0,0,0,0,0,0,0,0,0,0,0,0,0
65164711,C:\Users\Eric\Documents\cig-ads-image\data\images\65164711.png,Ad images for Yiqun/May 2022/Magazine/Natural American (cig)/65164711.png,65164711,2022,0,0,0,0,0,1,0,0,0,0,0,0,0,0,0,0,0
65179655,C:\Users\Eric\Documents\cig-ads-image\data\images\65179655.png,Ad images for Yiqun/Apr 2022/Magazine/Winston (cig)/65179655.png,65179655,2022,0,0,0,0,0,0,0,0,0,0,0,0,0,0,0,0,0
65194364,C:\Users\Eric\Documents\cig-ads-image\data\images\65194364.png,Ad images for Yiqun/Apr 2022/Magazine/Lucky Strike (Cig)/65194364.png,65194364,2022,0,0,1,0,0,0,0,0,0,0,0,0,0,0,0,0,0
65213881,C:\Users\Eric\Documents\cig-ads-image\data\images\65213881.png,Ad images for Yiqun/June 2022/Magazine/Lucky Strike/65213881.png,65213881,2022,0,0,0,0,0,0,0,0,0,0,0,0,0,0,0,0,0
65214291,C:\Users\Eric\Documents\cig-ads-image\data\images\65214291.png,Ad images for Yiqun/May 2022/Magazine/Lucky Strike (cig)/65214291.png,65214291,2022,0,0,0,0,0,0,1,0,0,0,0,0,0,0,0,0,0
65214332,C:\Users\Eric\Documents\cig-ads-image\data\images\65214332.png,Ad images for Yiqun/June 2022/Magazine/Lucky Strike/65214332.png,65214332,2022,0,0,0,0,1,0,0,0,0,0,0,0,0,0,0,0,0
65215060,C:\Users\Eric\Documents\cig-ads-image\data\images\65215060.png,Ad images for Yiqun/May 2022/Magazine/Lucky Strike (cig)/65215060.png,65215060,2022,0,0,0,0,0,1,1,0,0,0,0,0,0,0,0,0,0
65215169,C:\Users\Eric\Documents\cig-ads-image\data\images\65215169.png,Ad images for Yiqun/May 2022/Magazine/Lucky Strike (cig)/65215169.png,65215169,2022,0,0,0,0,0,1,1,0,0,0,0,0,0,0,0,0,0
65224089,C:\Users\Eric\Documents\cig-ads-image\data\images\65224089.png,Ad images for Yiqun/May 2022/Magazine/Winston (cig)/65224089.png,65224089,2022,0,0,0,0,0,1,0,0,0,0,0,0,0,0,0,0,0
65224104,C:\Users\Eric\Documents\cig-ads-image\data\images\65224104.png,Ad images for Yiqun/May 2022/Magazine/Lucky Strike (cig)/65224104.png,65224104,2022,0,0,0,1,0,0,0,0,0,0,0,0,0,0,0,0,0
65225801,C:\Users\Eric\Documents\cig-ads-image\data\images\65225801.png,Ad images for Yiqun/May 2022/Magazine/Winston (cig)/65225801.png,65225801,2022,0,0,0,0,0,1,0,0,0,0,0,0,0,0,0,0,0
65227542,C:\Users\Eric\Documents\cig-ads-image\data\images\65227542.png,Ad images for Yiqun/May 2022/Magazine/Winston (cig)/65227542.png,65227542,2022,0,0,0,0,0,1,0,0,0,0,0,0,0,0,0,0,0
65238951,C:\Users\Eric\Documents\cig-ads-image\data\images\65238951.png,Ad images for Yiqun/May 2022/Magazine/Winston (cig)/65238951.png,65238951,2022,0,0,0,0,0,1,0,0,0,0,0,0,0,0,0,0,0
65243243,C:\Users\Eric\Documents\cig-ads-image\data\images\65243243.png,Ad images for Yiqun/June 2022/Magazine/Natural American Spirit/65243243.png,65243243,2022,0,1,0,0,0,0,0,0,0,0,0,0,0,0,0,0,0
65273335,C:\Users\Eric\Documents\cig-ads-image\data\images\65273335.png,Ad images for Yiqun/June 2022/Magazine/Lucky Strike/65273335.png,65273335,2022,0,0,0,0,1,0,0,0,0,0,0,0,0,0,0,0,0
65273955,C:\Users\Eric\Documents\cig-ads-image\data\images\65273955.png,Ad images for Yiqun/June 2022/Magazine/Natural American Spirit/65273955.png,65273955,2022,0,1,0,0,0,0,0,0,0,0,0,0,0,0,0,0,0
65274700,C:\Users\Eric\Documents\cig-ads-image\data\images\65274700.png,Ad images for Yiqun/June 2022/Magazine/Lucky Strike/65274700.png,65274700,2022,0,0,0,0,0,0,0,0,0,0,0,0,0,0,0,0,0
65289753,C:\Users\Eric\Documents\cig-ads-image\data\images\65289753.png,Ad images for Yiqun/June 2022/Magazine/Winston/65289753.png,65289753,2022,0,0,0,0,0,0,0,0,0,0,0,0,0,0,0,0,0
65289880,C:\Users\Eric\Documents\cig-ads-image\data\images\65289880.png,Ad images for Yiqun/June 2022/Magazine/Lucky Strike/65289880.png,65289880,2022,0,0,0,0,1,0,0,0,0,0,0,0,0,0,0,0,0
65299092,C:\Users\Eric\Documents\cig-ads-image\data\images\65299092.png,Ad images for Yiqun/June 2022/Magazine/Winston/65299092.png,65299092,2022,0,1,0,0,0,0,0,0,0,0,0,0,0,0,0,0,0
65315137,C:\Users\Eric\Documents\cig-ads-image\data\images\65315137.png,Ad images for Yiqun/June 2022/Magazine/Lucky Strike/65315137.png,65315137,2022,0,0,0,0,1,1,0,0,0,0,0,0,0,0,0,0,0
65315756,C:\Users\Eric\Documents\cig-ads-image\data\images\65315756.png,Ad images for Yiqun/July 2022/Magazine/Winston/65315756.png,65315756,2022,0,0,0,0,0,0,0,1,0,0,0,0,0,0,0,0,0
65315825,C:\Users\Eric\Documents\cig-ads-image\data\images\65315825.png,Ad images for Yiqun/July 2022/Magazine/Lucky Strike (cig)/65315825.png,65315825,2022,0,0,0,0,1,1,0,0,0,0,0,0,0,0,0,0,0
65322380,C:\Users\Eric\Documents\cig-ads-image\data\images\65322380.png,Ad images for Yiqun/June 2022/Magazine/Lucky Strike/65322380.png,65322380,2022,0,0,0,0,1,1,0,0,0,0,0,0,0,0,0,0,0
65322732,C:\Users\Eric\Documents\cig-ads-image\data\images\65322732.png,Ad images for Yiqun/June 2022/Magazine/Winston/65322732.png,65322732,2022,0,0,0,0,0,0,0,0,0,0,0,0,0,0,0,0,0
65323206,C:\Users\Eric\Documents\cig-ads-image\data\images\65323206.png,Ad images for Yiqun/July 2022/Magazine/Lucky Strike (cig)/65323206.png,65323206,2022,0,0,0,0,1,0,0,0,0,0,0,0,0,0,0,0,0
65337953,C:\Users\Eric\Documents\cig-ads-image\data\images\65337953.png,Ad images for Yiqun/Aug 2022/Magazine/Winston/65337953.png,65337953,2022,0,1,0,0,0,0,0,1,0,0,0,0,0,0,0,0,0
65339789,C:\Users\Eric\Documents\cig-ads-image\data\images\65339789.png,Ad images for Yiqun/July 2022/Magazine/Winston/65339789.png,65339789,2022,0,0,0,0,0,0,0,0,0,0,0,0,0,0,0,0,0
65355083,C:\Users\Eric\Documents\cig-ads-image\data\images\65355083.png,Ad images for Yiqun/Aug 2022/Magazine/Winston/65355083.png,65355083,2022,0,0,0,1,0,1,0,0,0,0,0,0,0,0,0,0,0
65390614,C:\Users\Eric\Documents\cig-ads-image\data\images\65390614.png,Ad images for Yiqun/Aug 2022/Magazine/Winston/65390614.png,65390614,2022,0,1,0,0,0,0,0,0,0,0,0,0,0,0,0,0,0
65390783,C:\Users\Eric\Documents\cig-ads-image\data\images\65390783.png,Ad images for Yiqun/Aug 2022/Magazine/Winston/65390783.png,65390783,2022,0,1,0,0,0,0,0,0,0,0,0,0,0,0,0,0,0
65401298,C:\Users\Eric\Documents\cig-ads-image\data\images\65401298.png,Ad images for Yiqun/Sept 2022/Magazine/Camel/65401298.png,65401298,2022,0,0,0,0,0,0,0,0,0,0,0,0,0,1,0,0,0
65461520,C:\Users\Eric\Documents\cig-ads-image\data\images\65461520.png,Ad images for Yiqun/Nov and Dec 2022/Magazine/Winston/65461520.png,65461520,2022,0,1,0,0,0,0,0,0,0,0,0,0,0,0,0,0,0
65461778,C:\Users\Eric\Documents\cig-ads-image\data\images\65461778.png,Ad images for Yiqun/Nov and Dec 2022/Magazine/Winston/65461778.png,65461778,2022,0,0,0,0,0,0,0,0,0,0,0,0,0,0,0,0,0
65538773,C:\Users\Eric\Documents\cig-ads-image\data\images\65538773.png,Ad images for Yiqun/Feb-Mar 2023/Magazine/Lucky Strike/65538773.png,65538773,2023,0,0,0,0,0,0,1,1,0,0,0,0,0,0,0,0,0
65573303,C:\Users\Eric\Documents\cig-ads-image\data\images\65573303.png,Ad images for Yiqun/Feb-Mar 2023/Magazine/Lucky Strike/65573303.png,65573303,2023,0,0,0,0,0,0,1,1,0,0,0,0,0,0,0,0,0
65573566,C:\Users\Eric\Documents\cig-ads-image\data\images\65573566.png,Ad images for Yiqun/Feb-Mar 2023/Magazine/Lucky Strike/65573566.png,65573566,2023,0,0,0,0,0,0,1,1,0,0,0,0,0,0,0,0,0
65573567,C:\Users\Eric\Documents\cig-ads-image\data\images\65573567.png,Ad images for Yiqun/Feb-Mar 2023/Magazine/Lucky Strike/65573567.png,65573567,2023,0,0,0,0,0,0,1,1,0,0,0,0,0,0,0,0,0
65585846,C:\Users\Eric\Documents\cig-ads-image\data\images\65585846.png,Ad images for Yiqun/Feb-Mar 2023/Magazine/Lucky Strike/65585846.png,65585846,2023,0,0,0,0,1,0,0,0,0,0,0,0,0,0,0,0,0
65588452,C:\Users\Eric\Documents\cig-ads-image\data\images\65588452.png,Ad images for Yiqun/Feb-Mar 2023/Magazine/Natural American Spirit/65588452.png,65588452,2023,0,1,0,0,0,0,0,0,0,0,0,0,0,0,0,0,0
65591392,C:\Users\Eric\Documents\cig-ads-image\data\images\65591392.png,Ad images for Yiqun/Feb-Mar 2023/Magazine/Natural American Spirit/65591392.png,65591392,2023,0,1,0,0,0,0,0,0,0,0,0,0,0,0,0,0,0
65591879,C:\Users\Eric\Documents\cig-ads-image\data\images\65591879.png,Ad images for Yiqun/Feb-Mar 2023/Magazine/Lucky Strike/65591879.png,65591879,2023,0,0,0,0,1,0,0,0,0,0,0,0,0,0,0,0,0
65601232,C:\Users\Eric\Documents\cig-ads-image\data\images\65601232.png,Ad images for Yiqun/Feb-Mar 2023/Magazine/Winston/65601232.png,65601232,2023,0,0,0,0,0,0,0,0,0,0,0,0,0,0,0,0,0
65606953,C:\Users\Eric\Documents\cig-ads-image\data\images\65606953.png,Ad images for Yiqun/Feb-Mar 2023/Magazine/Natural American Spirit/65606953.png,65606953,2023,0,1,0,0,0,0,0,0,0,0,0,0,0,0,0,0,0
65613129,C:\Users\Eric\Documents\cig-ads-image\data\images\65613129.png,Ad images for Yiqun/Feb-Mar 2023/Magazine/Winston/65613129.png,65613129,2023,0,0,0,0,0,0,0,1,0,0,0,0,0,0,0,0,0
65614740,C:\Users\Eric\Documents\cig-ads-image\data\images\65614740.png,Ad images for Yiqun/Feb-Mar 2023/Magazine/Lucky Strike/65614740.png,65614740,2023,0,0,0,1,0,0,0,0,0,0,0,0,0,0,0,0,0
65615315,C:\Users\Eric\Documents\cig-ads-image\data\images\65615315.png,Ad images for Yiqun/Feb-Mar 2023/Magazine/Winston/65615315.png,65615315,2023,0,0,0,0,0,0,0,0,0,0,0,0,0,0,0,0,0
65618384,C:\Users\Eric\Documents\cig-ads-image\data\images\65618384.png,Ad images for Yiqun/Feb-Mar 2023/Magazine/Natural American Spirit/65618384.png,65618384,2022,0,1,0,0,0,0,0,0,0,0,0,0,0,0,0,0,0
65631471,C:\Users\Eric\Documents\cig-ads-image\data\images\65631471.png,Ad images for Yiqun/Feb-Mar 2023/Magazine/Lucky Strike/65631471.png,65631471,2023,0,0,0,0,1,0,0,0,0,0,0,0,0,0,0,0,0
BIDICFACE_010121_0,C:\Users\Eric\Documents\cig-ads-image\data\images\BIDICFACE_010121_0.png,Ad images for Yiqun/BidiCares/Facebook/BidiCare Facebook 2021/BidiCFace_010121_0.png,BidiCFace_010121_0,2021,1,1,0,0,0,0,0,0,0,0,0,0,0,0,0,0,0
BIDICFACE_010122_0,C:\Users\Eric\Documents\cig-ads-image\data\images\BIDICFACE_010122_0.png,Ad images for Yiqun/BidiCares/Facebook/BidiCare Facebook 2022/BidiCFace_010122_0.png,BidiCFace_010122_0,2022,1,1,0,0,0,0,0,0,0,0,0,0,0,0,0,0,1
BIDICFACE_010321_0,C:\Users\Eric\Documents\cig-ads-image\data\images\BIDICFACE_010321_0.png,Ad images for Yiqun/BidiCares/Facebook/BidiCare Facebook 2021/BidiCFace_010321_0.png,BidiCFace_010321_0,2021,1,1,0,0,0,1,0,0,0,0,0,0,0,0,0,0,0
BIDICFACE_010921_0,C:\Users\Eric\Documents\cig-ads-image\data\images\BIDICFACE_010921_0.png,Ad images for Yiqun/BidiCares/Facebook/BidiCare Facebook 2021/BidiCFace_010921_0.png,BidiCFace_010921_0,2021,1,0,0,0,0,0,0,0,0,0,0,0,0,0,0,0,0
BIDICFACE_011221_0,C:\Users\Eric\Documents\cig-ads-image\data\images\BIDICFACE_011221_0.png,Ad images for Yiqun/BidiCares/Facebook/BidiCare Facebook 2021/BidiCFace_011221_0.png,BidiCFace_011221_0,2021,1,1,0,0,0,0,0,0,0,0,0,0,0,0,0,0,0
BIDICFACE_011421_0,C:\Users\Eric\Documents\cig-ads-image\data\images\BIDICFACE_011421_0.png,Ad images for Yiqun/BidiCares/Facebook/BidiCare Facebook 2021/BidiCFace_011421_0.png,BidiCFace_011421_0,2021,1,0,0,0,0,0,0,0,0,0,0,0,0,0,0,0,0
BIDICFACE_011721_0,C:\Users\Eric\Documents\cig-ads-image\data\images\BIDICFACE_011721_0.png,Ad images for Yiqun/BidiCares/Facebook/BidiCare Facebook 2021/BidiCFace_011721_0.png,BidiCFace_011721_0,2021,1,0,0,0,0,0,0,0,0,0,0,0,0,0,0,0,0
BIDICFACE_011921_0,C:\Users\Eric\Documents\cig-ads-image\data\images\BIDICFACE_011921_0.png,Ad images for Yiqun/BidiCares/Facebook/BidiCare Facebook 2021/BidiCFace_011921_0.png,BidiCFace_011921_0,2021,1,0,0,0,0,0,0,0,0,0,0,0,0,0,0,0,0
BIDICFACE_012121_0,C:\Users\Eric\Documents\cig-ads-image\data\images\BIDICFACE_012121_0.png,Ad images for Yiqun/BidiCares/Facebook/BidiCare Facebook 2021/BidiCFace_012121_0.png,BidiCFace_012121_0,2021,1,0,0,0,0,0,0,0,0,0,0,0,0,0,0,0,0
BIDICFACE_012321_0,C:\Users\Eric\Documents\cig-ads-image\data\images\BIDICFACE_012321_0.png,Ad images for Yiqun/BidiCares/Facebook/BidiCare Facebook 2021/BidiCFace_012321_0.png,BidiCFace_012321_0,2021,1,0,0,0,0,0,0,0,0,0,0,0,0,0,0,0,0
BIDICFACE_012421_0,C:\Users\Eric\Documents\cig-ads-image\data\images\BIDICFACE_012421_0.png,Ad images for Yiqun/BidiCares/Facebook/BidiCare Facebook 2021/BidiCFace_012421_0.png,BidiCFace_012421_0,2021,1,0,0,0,0,1,0,0,0,0,0,0,0,0,0,0,0
BIDICFACE_012921_0,C:\Users\Eric\Documents\cig-ads-image\data\images\BIDICFACE_012921_0.png,Ad images for Yiqun/BidiCares/Facebook/BidiCare Facebook 2021/BidiCFace_012921_0.png,BidiCFace_012921_0,2021,1,1,0,0,0,0,0,0,0,0,0,0,0,0,0,0,0
BIDICFACE_020121_0,C:\Users\Eric\Documents\cig-ads-image\data\images\BIDICFACE_020121_0.png,Ad images for Yiqun/BidiCares/Facebook/BidiCare Facebook 2021/BidiCFace_020121_0.png,BidiCFace_020121_0,2021,1,0,0,0,0,1,0,0,0,0,0,0,0,0,0,0,0
BIDICFACE_020321_0,C:\Users\Eric\Documents\cig-ads-image\data\images\BIDICFACE_020321_0.png,Ad images for Yiqun/BidiCares/Facebook/BidiCare Facebook 2021/BidiCFace_020321_0.png,BidiCFace_020321_0,2021,1,0,0,0,0,0,0,0,0,0,0,0,0,0,0,0,0
BIDICFACE_020521_0,C:\Users\Eric\Documents\cig-ads-image\data\images\BIDICFACE_020521_0.png,Ad images for Yiqun/BidiCares/Facebook/BidiCare Facebook 2021/BidiCFace_020521_0.png,BidiCFace_020521_0,2021,1,1,0,0,0,0,0,0,0,0,0,0,0,0,0,0,0
BIDICFACE_020621_0,C:\Users\Eric\Documents\cig-ads-image\data\images\BIDICFACE_020621_0.png,Ad images for Yiqun/BidiCares/Facebook/BidiCare Facebook 2021/BidiCFace_020621_0.png,BidiCFace_020621_0,2021,1,1,1,0,0,0,0,0,0,0,0,0,0,0,0,0,0
BIDICFACE_020821_0,C:\Users\Eric\Documents\cig-ads-image\data\images\BIDICFACE_020821_0.png,Ad images for Yiqun/BidiCares/Facebook/BidiCare Facebook 2021/BidiCFace_020821_0.png,BidiCFace_020821_0,2021,1,1,0,0,0,0,0,0,0,0,0,0,0,0,0,0,0
BIDICFACE_021021_0,C:\Users\Eric\Documents\cig-ads-image\data\images\BIDICFACE_021021_0.png,Ad images for Yiqun/BidiCares/Facebook/BidiCare Facebook 2021/BidiCFace_021021_0.png,BidiCFace_021021_0,2021,1,0,0,0,0,0,0,0,0,0,0,0,0,0,0,0,0
BIDICFACE_021122_0,C:\Users\Eric\Documents\cig-ads-image\data\images\BIDICFACE_021122_0.png,Ad images for Yiqun/BidiCares/Facebook/BidiCare Facebook 2022/BidiCFace_021122_0.png,BidiCFace_021122_0,2022,1,1,0,0,0,0,0,0,0,0,0,0,0,0,0,0,1
BIDICFACE_021721_0,C:\Users\Eric\Documents\cig-ads-image\data\images\BIDICFACE_021721_0.png,Ad images for Yiqun/BidiCares/Facebook/BidiCare Facebook 2021/BidiCFace_021721_0.png,BidiCFace_021721_0,2021,1,0,0,0,0,0,0,0,0,0,0,0,0,0,0,0,0
BIDICFACE_022121_0,C:\Users\Eric\Documents\cig-ads-image\data\images\BIDICFACE_022121_0.jpg,Ad images for Yiqun/BidiCares/Facebook/BidiCare Facebook 2021/BidiCFace_022121_0.jpg,BidiCFace_022121_0,2021,1,1,0,0,0,0,0,0,0,0,0,0,0,0,0,1,0
BIDICFACE_022221_0,C:\Users\Eric\Documents\cig-ads-image\data\images\BIDICFACE_022221_0.jpg,Ad images for Yiqun/BidiCares/Facebook/BidiCare Facebook 2021/BidiCFace_022221_0.jpg,BidiCFace_022221_0,2021,1,0,0,0,0,0,0,0,0,0,0,0,0,0,0,0,0
BIDICFACE_022421_0,C:\Users\Eric\Documents\cig-ads-image\data\images\BIDICFACE_022421_0.jpg,Ad images for Yiqun/BidiCares/Facebook/BidiCare Facebook 2021/BidiCFace_022421_0.jpg,BidiCFace_022421_0,2021,1,0,0,0,0,1,0,0,0,0,0,0,0,0,0,0,0
BIDICFACE_022721_0,C:\Users\Eric\Documents\cig-ads-image\data\images\BIDICFACE_022721_0.jpg,Ad images for Yiqun/BidiCares/Facebook/BidiCare Facebook 2021/BidiCFace_022721_0.jpg,BidiCFace_022721_0,2021,1,0,0,0,0,0,0,0,0,0,0,0,0,0,0,0,0
BIDICFACE_031021_0,C:\Users\Eric\Documents\cig-ads-image\data\images\BIDICFACE_031021_0.png,Ad images for Yiqun/BidiCares/Facebook/BidiCare Facebook 2021/BidiCFace_031021_0.png,BidiCFace_031021_0,2021,1,0,0,0,0,1,0,0,0,0,0,0,0,0,0,0,0
BIDICFACE_031221_0,C:\Users\Eric\Documents\cig-ads-image\data\images\BIDICFACE_031221_0.png,Ad images for Yiqun/BidiCares/Facebook/BidiCare Facebook 2021/BidiCFace_031221_0.png,BidiCFace_031221_0,2021,1,1,0,0,0,1,0,0,0,0,0,0,0,0,0,0,0
BIDICFACE_031521_0,C:\Users\Eric\Documents\cig-ads-image\data\images\BIDICFACE_031521_0.png,Ad images for Yiqun/BidiCares/Facebook/BidiCare Facebook 2021/BidiCFace_031521_0.png,BidiCFace_031521_0,2021,1,0,0,0,0,1,0,0,0,0,0,0,0,0,0,0,0
BIDICFACE_032021_0,C:\Users\Eric\Documents\cig-ads-image\data\images\BIDICFACE_032021_0.png,Ad images for Yiqun/BidiCares/Facebook/BidiCare Facebook 2021/BidiCFace_032021_0.png,BidiCFace_032021_0,2021,1,1,0,0,0,0,0,0,0,0,0,0,0,1,0,1,1
BIDICFACE_032221_0,C:\Users\Eric\Documents\cig-ads-image\data\images\BIDICFACE_032221_0.png,Ad images for Yiqun/BidiCares/Facebook/BidiCare Facebook 2021/BidiCFace_032221_0.png,BidiCFace_032221_0,2021,1,1,0,0,0,0,0,0,0,0,0,0,0,0,0,1,1
BIDICFACE_042321_0,C:\Users\Eric\Documents\cig-ads-image\data\images\BIDICFACE_042321_0.png,Ad images for Yiqun/BidiCares/Facebook/BidiCare Facebook 2021/BidiCFace_042321_0.png,BidiCFace_042321_0,2021,1,1,0,0,0,0,0,0,0,0,0,0,0,0,0,1,1
BIDICFACE_042421_0,C:\Users\Eric\Documents\cig-ads-image\data\images\BIDICFACE_042421_0.png,Ad images for Yiqun/BidiCares/Facebook/BidiCare Facebook 2021/BidiCFace_042421_0.png,BidiCFace_042421_0,2021,1,1,0,0,0,0,0,0,0,0,0,0,0,0,0,1,1
BIDICFACE_042621_0,C:\Users\Eric\Documents\cig-ads-image\data\images\BIDICFACE_042621_0.png,Ad images for Yiqun/BidiCares/Facebook/BidiCare Facebook 2021/BidiCFace_042621_0.png,BidiCFace_042621_0,2021,1,1,0,0,0,0,0,0,0,0,0,0,0,0,0,1,1
BIDICFACE_042821_0,C:\Users\Eric\Documents\cig-ads-image\data\images\BIDICFACE_042821_0.png,Ad images for Yiqun/BidiCares/Facebook/BidiCare Facebook 2021/BidiCFace_042821_0.png,BidiCFace_042821_0,2021,1,1,0,0,0,0,0,0,0,0,0,0,0,0,0,1,1
BIDICFACE_043021_0,C:\Users\Eric\Documents\cig-ads-image\data\images\BIDICFACE_043021_0.png,Ad images for Yiqun/BidiCares/Facebook/BidiCare Facebook 2021/BidiCFace_043021_0.png,BidiCFace_043021_0,2021,1,0,0,0,0,0,0,0,0,0,0,0,0,0,0,1,1
BIDICFACE_050421_0,C:\Users\Eric\Documents\cig-ads-image\data\images\BIDICFACE_050421_0.png,Ad images for Yiqun/BidiCares/Facebook/BidiCare Facebook 2021/BidiCFace_050421_0.png,BidiCFace_050421_0,2021,1,1,0,0,0,0,0,0,0,0,0,0,0,0,0,1,1
BIDICFACE_050621_0,C:\Users\Eric\Documents\cig-ads-image\data\images\BIDICFACE_050621_0.png,Ad images for Yiqun/BidiCares/Facebook/BidiCare Facebook 2021/BidiCFace_050621_0.png,BidiCFace_050621_0,2021,1,1,0,0,0,0,0,0,0,0,0,0,0,0,0,1,1
BIDICFACE_050721_0,C:\Users\Eric\Documents\cig-ads-image\data\images\BIDICFACE_050721_0.png,Ad images for Yiqun/BidiCares/Facebook/BidiCare Facebook 2021/BidiCFace_050721_0.png,BidiCFace_050721_0,2021,1,1,0,0,0,0,0,0,0,0,0,0,0,0,0,1,1
BIDICFACE_051121_0,C:\Users\Eric\Documents\cig-ads-image\data\images\BIDICFACE_051121_0.png,Ad images for Yiqun/BidiCares/Facebook/BidiCare Facebook 2021/BidiCFace_051121_0.png,BidiCFace_051121_0,2021,1,1,0,0,0,0,0,0,0,0,0,0,0,0,0,1,1
BIDICFACE_051321_0,C:\Users\Eric\Documents\cig-ads-image\data\images\BIDICFACE_051321_0.png,Ad images for Yiqun/BidiCares/Facebook/BidiCare Facebook 2021/BidiCFace_051321_0.png,BidiCFace_051321_0,2021,1,1,0,0,0,0,0,0,0,0,0,0,0,0,0,1,1
BIDICFACE_051521_0,C:\Users\Eric\Documents\cig-ads-image\data\images\BIDICFACE_051521_0.png,Ad images for Yiqun/BidiCares/Facebook/BidiCare Facebook 2021/BidiCFace_051521_0.png,BidiCFace_051521_0,2021,1,1,0,0,0,0,0,0,0,0,0,0,0,0,0,1,1
BIDICFACE_052121_0,C:\Users\Eric\Documents\cig-ads-image\data\images\BIDICFACE_052121_0.png,Ad images for Yiqun/BidiCares/Facebook/BidiCare Facebook 2021/BidiCFace_052121_0.png,BidiCFace_052121_0,2021,1,0,0,0,0,0,0,0,0,0,0,0,0,0,0,1,1
BIDICFACE_061721_0,C:\Users\Eric\Documents\cig-ads-image\data\images\BIDICFACE_061721_0.png,Ad images for Yiqun/BidiCares/Facebook/BidiCare Facebook 2021/BidiCFace_061721_0.png,BidiCFace_061721_0​,2021,1,1,0,0,0,0,0,0,0,0,0,0,0,0,0,0,0
BIDICFACE_102621_0,C:\Users\Eric\Documents\cig-ads-image\data\images\BIDICFACE_102621_0.png,Ad images for Yiqun/BidiCares/Facebook/BidiCare Facebook 2021/BidiCFace_102621_0.png,BidiCFace_102621_0​,2021,1,1,0,0,0,0,0,0,0,0,0,0,0,0,0,0,1
BIDICFACE_112521_0,C:\Users\Eric\Documents\cig-ads-image\data\images\BIDICFACE_112521_0.png,Ad images for Yiqun/BidiCares/Facebook/BidiCare Facebook 2021/BidiCFace_112521_0.png,BidiCFace_112521_0​,2021,0,1,0,0,0,0,0,0,0,0,0,0,0,0,0,0,1
BIDICFACE_122421_0,C:\Users\Eric\Documents\cig-ads-image\data\images\BIDICFACE_122421_0.png,Ad images for Yiqun/BidiCares/Facebook/BidiCare Facebook 2021/BidiCFace_122421_0.png,BidiCFace_122421_0​,2021,1,1,0,0,0,0,0,0,0,0,0,0,0,0,0,0,1
BIDICINSTA_010121_0,C:\Users\Eric\Documents\cig-ads-image\data\images\BIDICINSTA_010121_0.png,Ad images for Yiqun/BidiCares/Instagram/BidiCare Instagram 2021/BidiCInsta_010121_0A.png,BidiCInsta_010121_0,2021,1,1,0,0,0,0,0,0,0,0,0,0,0,0,0,0,1
BIDICINSTA_010321_0,C:\Users\Eric\Documents\cig-ads-image\data\images\BIDICINSTA_010321_0.png,Ad images for Yiqun/BidiCares/Instagram/BidiCare Instagram 2021/BidiCInsta_010321_0A.png,BidiCInsta_010321_0,2021,1,1,0,0,0,0,0,0,0,0,0,0,0,0,0,0,1
BIDICINSTA_011121_0,C:\Users\Eric\Documents\cig-ads-image\data\images\BIDICINSTA_011121_0.png,Ad images for Yiqun/BidiCares/Instagram/BidiCare Instagram 2021/BidiCInsta_011121_0A.png,BidiCInsta_011121_0,2021,1,0,0,0,1,0,0,0,0,0,0,0,0,0,0,0,1
BIDICINSTA_011221_0,C:\Users\Eric\Documents\cig-ads-image\data\images\BIDICINSTA_011221_0.png,Ad images for Yiqun/BidiCares/Instagram/BidiCare Instagram 2021/BidiCInsta_011221_0.png,BidiCInsta_011221_0,2021,1,1,0,0,0,0,0,0,0,0,0,0,0,0,0,0,1
BIDICINSTA_011421_0,C:\Users\Eric\Documents\cig-ads-image\data\images\BIDICINSTA_011421_0.png,Ad images for Yiqun/BidiCares/Instagram/BidiCare Instagram 2021/BidiCInsta_011421_0.png,BidiCInsta_011421_0,2021,1,0,0,0,0,0,0,0,0,0,0,0,0,0,0,0,1
BIDICINSTA_011721_0,C:\Users\Eric\Documents\cig-ads-image\data\images\BIDICINSTA_011721_0.png,Ad images for Yiqun/BidiCares/Instagram/BidiCare Instagram 2021/BidiCInsta_011721_0.png,BidiCInsta_011721_0,2021,1,0,0,0,0,0,0,0,0,0,0,0,0,0,0,0,1
BIDICINSTA_011921_0,C:\Users\Eric\Documents\cig-ads-image\data\images\BIDICINSTA_011921_0.png,Ad images for Yiqun/BidiCares/Instagram/BidiCare Instagram 2021/BidiCInsta_011921_0A.png,BidiCInsta_011921_0,2021,1,0,0,0,0,0,0,0,0,0,0,0,0,0,0,0,1
BIDICINSTA_012121_0,C:\Users\Eric\Documents\cig-ads-image\data\images\BIDICINSTA_012121_0.png,Ad images for Yiqun/BidiCares/Instagram/BidiCare Instagram 2021/BidiCInsta_012121_0A.png,BidiCInsta_012121_0,2021,1,0,0,0,0,0,0,0,0,0,0,0,0,0,0,0,1
BIDICINSTA_013121_0,C:\Users\Eric\Documents\cig-ads-image\data\images\BIDICINSTA_013121_0.png,Ad images for Yiqun/BidiCares/Instagram/BidiCare Instagram 2021/BidiCInsta_013121_0A.png,BidiCInsta_013121_0,2021,1,1,0,0,0,0,0,0,0,0,0,0,0,0,0,0,1
BIDICINSTA_020121_0,C:\Users\Eric\Documents\cig-ads-image\data\images\BIDICINSTA_020121_0.png,Ad images for Yiqun/BidiCares/Instagram/BidiCare Instagram 2021/BidiCInsta_020121_0A.png,BidiCInsta_020121_0,2021,1,0,0,0,0,0,0,0,0,0,0,0,0,0,0,0,1
BIDICINSTA_020222_0,C:\Users\Eric\Documents\cig-ads-image\data\images\BIDICINSTA_020222_0.png,Ad images for Yiqun/BidiCares/Instagram/BC Insta 2022/BidiCInsta_020222_0.png,BidiCInsta_020222_0,2022,1,1,0,0,0,0,0,0,0,0,0,0,0,0,0,0,1
BIDICINSTA_020321_0,C:\Users\Eric\Documents\cig-ads-image\data\images\BIDICINSTA_020321_0.png,Ad images for Yiqun/BidiCares/Instagram/BidiCare Instagram 2021/BidiCInsta_020321_0A.png,BidiCInsta_020321_0,2021,1,0,0,0,0,0,0,0,0,0,0,0,0,0,0,0,1
BIDICINSTA_020821_0,C:\Users\Eric\Documents\cig-ads-image\data\images\BIDICINSTA_020821_0.png,Ad images for Yiqun/BidiCares/Instagram/BidiCare Instagram 2021/BidiCInsta_020821_0.png,BidiCInsta_020821_0,2021,1,1,0,0,0,0,0,0,0,0,0,0,0,0,0,0,1
BIDICINSTA_020821_1,C:\Users\Eric\Documents\cig-ads-image\data\images\BIDICINSTA_020821_1.png,Ad images for Yiqun/BidiCares/Instagram/BidiCare Instagram 2021/BidiCInsta_020821_1.png,BidiCInsta_020821_1,2021,1,1,0,0,0,0,0,0,0,0,0,0,0,0,0,0,1
BIDICINSTA_020821_2,C:\Users\Eric\Documents\cig-ads-image\data\images\BIDICINSTA_020821_2.png,Ad images for Yiqun/BidiCares/Instagram/BidiCare Instagram 2021/BidiCInsta_020821_2.png,BidiCInsta_020821_2,2021,1,0,0,0,0,0,0,0,0,0,0,0,0,0,0,0,1
BIDICINSTA_021021_0,C:\Users\Eric\Documents\cig-ads-image\data\images\BIDICINSTA_021021_0.png,Ad images for Yiqun/BidiCares/Instagram/BidiCare Instagram 2021/BidiCInsta_021021_0A.png,BidiCInsta_021021_0,2021,1,0,0,0,0,0,0,0,0,0,0,0,0,0,0,0,1
BIDICINSTA_021122_0,C:\Users\Eric\Documents\cig-ads-image\data\images\BIDICINSTA_021122_0.png,Ad images for Yiqun/BidiCares/Instagram/BC Insta 2022/BidiCInsta_021122_0.png,BidiCInsta_021122_0,2022,1,1,0,0,0,0,0,0,0,0,0,0,0,0,0,0,1
BIDICINSTA_021721_0,C:\Users\Eric\Documents\cig-ads-image\data\images\BIDICINSTA_021721_0.png,Ad images for Yiqun/BidiCares/Instagram/BidiCare Instagram 2021/BidiCInsta_021721_0A.png,BidiCInsta_021721_0,2021,1,0,0,0,0,0,0,0,0,0,0,0,0,0,0,0,1
BIDICINSTA_022221_0,C:\Users\Eric\Documents\cig-ads-image\data\images\BIDICINSTA_022221_0.png,Ad images for Yiqun/BidiCares/Instagram/BidiCare Instagram 2021/BidiCInsta_022221_0A.png,BidiCInsta_022221_0,2021,1,0,0,0,0,0,0,0,0,0,0,0,0,0,0,0,0
BIDICINSTA_022421_0,C:\Users\Eric\Documents\cig-ads-image\data\images\BIDICINSTA_022421_0.png,Ad images for Yiqun/BidiCares/Instagram/BidiCare Instagram 2021/BidiCInsta_022421_0A.png,BidiCInsta_022421_0,2021,1,0,0,0,0,0,0,0,0,0,0,0,0,0,0,0,0
BIDICINSTA_022721_0,C:\Users\Eric\Documents\cig-ads-image\data\images\BIDICINSTA_022721_0.png,Ad images for Yiqun/BidiCares/Instagram/BidiCare Instagram 2021/BidiCInsta_022721_0A.png,BidiCInsta_022721_0,2021,1,0,0,0,0,0,0,0,0,0,0,0,0,0,0,0,0
BIDICINSTA_031021_0,C:\Users\Eric\Documents\cig-ads-image\data\images\BIDICINSTA_031021_0.png,Ad images for Yiqun/BidiCares/Instagram/BidiCare Instagram 2021/BidiCInsta_031021_0A.png,BidiCInsta_031021_0,2021,1,0,0,0,0,0,0,0,0,0,0,0,0,0,0,0,0
BIDICINSTA_031221_0,C:\Users\Eric\Documents\cig-ads-image\data\images\BIDICINSTA_031221_0.png,Ad images for Yiqun/BidiCares/Instagram/BidiCare Instagram 2021/BidiCInsta_031221_0A.png,BidiCInsta_031221_0,2021,1,1,0,0,0,0,0,0,0,0,0,0,0,0,0,0,0
BIDICINSTA_031521_0,C:\Users\Eric\Documents\cig-ads-image\data\images\BIDICINSTA_031521_0.png,Ad images for Yiqun/BidiCares/Instagram/BidiCare Instagram 2021/BidiCInsta_031521_0A.png,BidiCInsta_031521_0,2021,1,0,0,0,0,0,0,0,0,0,0,0,0,0,0,0,0
BIDICINSTA_032021_0,C:\Users\Eric\Documents\cig-ads-image\data\images\BIDICINSTA_032021_0.png,Ad images for Yiqun/BidiCares/Instagram/BidiCare Instagram 2021/BidiCInsta_032021_0A.png,BidiCInsta_032021_0,2021,1,1,0,0,0,0,0,0,0,0,0,0,0,1,0,0,0
BIDICINSTA_042321_0,C:\Users\Eric\Documents\cig-ads-image\data\images\BIDICINSTA_042321_0.png,Ad images for Yiqun/BidiCares/Instagram/BidiCare Instagram 2021/BidiCInsta_042321_0.png,BidiCInsta_042321_0,2021,1,0,0,0,0,0,0,0,0,0,0,0,0,0,0,0,0
BIDICINSTA_042321_1,C:\Users\Eric\Documents\cig-ads-image\data\images\BIDICINSTA_042321_1.png,Ad images for Yiqun/BidiCares/Instagram/BidiCare Instagram 2021/BidiCInsta_042321_1.png,BidiCInsta_042321_1,2021,1,0,0,0,0,0,0,0,0,0,0,0,0,0,0,1,0
BIDICINSTA_042321_2,C:\Users\Eric\Documents\cig-ads-image\data\images\BIDICINSTA_042321_2.png,Ad images for Yiqun/BidiCares/Instagram/BidiCare Instagram 2021/BidiCInsta_042321_2.png,BidiCInsta_042321_2,2021,1,0,0,0,0,0,0,0,0,0,0,0,0,0,0,1,0
BIDICINSTA_042821_0,C:\Users\Eric\Documents\cig-ads-image\data\images\BIDICINSTA_042821_0.png,Ad images for Yiqun/BidiCares/Instagram/BidiCare Instagram 2021/BidiCInsta_042821_0A.png,BidiCInsta_042821_0,2021,1,0,0,0,0,0,0,0,0,0,0,0,0,0,0,0,1
BIDICINSTA_043021_0,C:\Users\Eric\Documents\cig-ads-image\data\images\BIDICINSTA_043021_0.png,Ad images for Yiqun/BidiCares/Instagram/BidiCare Instagram 2021/BidiCInsta_043021_0.png,BidiCInsta_043021_0,2021,1,0,0,0,0,0,0,0,0,0,0,0,0,0,0,0,1
BIDICINSTA_050321_0,C:\Users\Eric\Documents\cig-ads-image\data\images\BIDICINSTA_050321_0.png,Ad images for Yiqun/BidiCares/Instagram/BidiCare Instagram 2021/BidiCInsta_050321_0.png,BidiCInsta_050321_0,2021,1,0,0,0,0,0,0,0,0,0,0,0,0,0,0,0,1
BIDICINSTA_050421_0,C:\Users\Eric\Documents\cig-ads-image\data\images\BIDICINSTA_050421_0.png,Ad images for Yiqun/BidiCares/Instagram/BidiCare Instagram 2021/BidiCInsta_050421_0.png,BidiCInsta_050421_0,2021,1,1,0,0,0,0,0,0,0,0,0,0,0,0,0,0,1
BIDICINSTA_050621_0,C:\Users\Eric\Documents\cig-ads-image\data\images\BIDICINSTA_050621_0.png,Ad images for Yiqun/BidiCares/Instagram/BidiCare Instagram 2021/BidiCInsta_050621_0A.png,BidiCInsta_050621_0,2021,1,0,0,0,0,0,0,0,0,0,0,0,0,0,0,0,1
BIDICINSTA_050721_0,C:\Users\Eric\Documents\cig-ads-image\data\images\BIDICINSTA_050721_0.png,Ad images for Yiqun/BidiCares/Instagram/BidiCare Instagram 2021/BidiCInsta_050721_0.png,BidiCInsta_050721_0,2021,1,1,0,0,0,0,0,0,0,0,0,0,0,0,0,0,1
BIDICINSTA_051121_0,C:\Users\Eric\Documents\cig-ads-image\data\images\BIDICINSTA_051121_0.png,Ad images for Yiqun/BidiCares/Instagram/BidiCare Instagram 2021/BidiCInsta_051121_0.png,BidiCInsta_051121_0,2021,1,1,0,0,0,0,0,0,0,0,0,0,0,0,0,0,1
BIDICINSTA_051321_0,C:\Users\Eric\Documents\cig-ads-image\data\images\BIDICINSTA_051321_0.png,Ad images for Yiqun/BidiCares/Instagram/BidiCare Instagram 2021/BidiCInsta_051321_0.png,BidiCInsta_051321_0,2021,1,1,0,0,0,0,0,0,0,0,0,0,0,0,0,0,1
BIDICINSTA_051521_0,C:\Users\Eric\Documents\cig-ads-image\data\images\BIDICINSTA_051521_0.png,Ad images for Yiqun/BidiCares/Instagram/BidiCare Instagram 2021/BidiCInsta_051521_0A.png,BidiCInsta_051521_0,2021,1,1,0,0,0,0,0,0,0,0,0,0,0,1,0,0,1
BIDICINSTA_052121_0,C:\Users\Eric\Documents\cig-ads-image\data\images\BIDICINSTA_052121_0.png,Ad images for Yiqun/BidiCares/Instagram/BidiCare Instagram 2021/BidiCInsta_052121_0.png,BidiCInsta_052121_0,2021,1,0,0,0,0,0,0,0,0,0,0,0,0,0,0,1,1
BIDICINSTA_052621_0,C:\Users\Eric\Documents\cig-ads-image\data\images\BIDICINSTA_052621_0.png,Ad images for Yiqun/BidiCares/Instagram/BidiCare Instagram 2021/BidiCInsta_052621_0A.png,BidiCInsta_052621_0,2021,1,1,0,0,0,0,0,0,0,0,0,0,0,0,0,1,1
BIDICINSTA_060221_0,C:\Users\Eric\Documents\cig-ads-image\data\images\BIDICINSTA_060221_0.png,Ad images for Yiqun/BidiCares/Instagram/BidiCare Instagram 2021/BidiCInsta_060221_0.png,BidiCInsta_060221_0,2021,1,1,0,0,0,0,0,0,0,0,0,0,0,0,0,0,1
BIDICINSTA_060921_0,C:\Users\Eric\Documents\cig-ads-image\data\images\BIDICINSTA_060921_0.png,Ad images for Yiqun/BidiCares/Instagram/BidiCare Instagram 2021/BidiCInsta_060921_0.png,BidiCInsta_060921_0,2021,1,0,0,0,0,0,0,0,0,0,0,0,0,0,0,0,1
BIDICINSTA_071521_0,C:\Users\Eric\Documents\cig-ads-image\data\images\BIDICINSTA_071521_0.png,Ad images for Yiqun/BidiCares/Instagram/BidiCare Instagram 2021/BidiCInsta_071521_0.png,BidiCInsta_071521_0,2021,1,0,0,0,0,0,0,0,0,0,0,0,0,0,0,0,1
BIDICINSTA_101321_0,C:\Users\Eric\Documents\cig-ads-image\data\images\BIDICINSTA_101321_0.png,Ad images for Yiqun/BidiCares/Instagram/BidiCare Instagram 2021/BidiCInsta_101321_0.png,BidiCInsta_101321_0,2021,1,1,0,0,0,0,0,0,0,0,0,0,0,0,0,0,1
BIDICINSTA_102021_0,C:\Users\Eric\Documents\cig-ads-image\data\images\BIDICINSTA_102021_0.png,Ad images for Yiqun/BidiCares/Instagram/BidiCare Instagram 2021/BidiCInsta_102021_0.png,BidiCInsta_102021_0,2021,1,0,0,0,0,0,0,0,0,0,0,0,0,0,0,0,1
BIDICINSTA_102621_0,C:\Users\Eric\Documents\cig-ads-image\data\images\BIDICINSTA_102621_0.png,Ad images for Yiqun/BidiCares/Instagram/BidiCare Instagram 2021/BidiCInsta_102621_0.png,BidiCInsta_102621_0,2021,1,0,0,0,0,0,0,0,0,0,0,0,0,0,0,0,1
BIDICINSTA_112421_0,C:\Users\Eric\Documents\cig-ads-image\data\images\BIDICINSTA_112421_0.png,Ad images for Yiqun/BidiCares/Instagram/BidiCare Instagram 2021/BidiCInsta_112421_0.png,BidiCInsta_112421_0,2021,1,0,0,0,0,0,0,0,0,0,0,0,0,0,0,0,1
BIDICINSTA_112521_0,C:\Users\Eric\Documents\cig-ads-image\data\images\BIDICINSTA_112521_0.png,Ad images for Yiqun/BidiCares/Instagram/BidiCare Instagram 2021/BidiCInsta_112521_0.png,BidiCInsta_112521_0,2021,1,1,0,0,0,0,0,0,0,0,0,0,0,0,0,0,1
BIDICINSTA_120221_0,C:\Users\Eric\Documents\cig-ads-image\data\images\BIDICINSTA_120221_0.png,Ad images for Yiqun/BidiCares/Instagram/BidiCare Instagram 2021/BidiCInsta_120221_0.png,BidiCInsta_120221_0,2021,1,1,0,0,0,0,0,0,0,0,0,0,0,0,0,0,1
BIDICINSTA_122421_0,C:\Users\Eric\Documents\cig-ads-image\data\images\BIDICINSTA_122421_0.png,Ad images for Yiqun/BidiCares/Instagram/BidiCare Instagram 2021/BidiCInsta_122421_0.png,BidiCInsta_122421_0,2021,1,1,0,0,0,0,0,0,0,0,0,0,0,0,0,0,1
BIDICINSTA_123121_0,C:\Users\Eric\Documents\cig-ads-image\data\images\BIDICINSTA_123121_0.png,Ad images for Yiqun/BidiCares/Instagram/BidiCare Instagram 2021/BidiCInsta_123121_0.png,BidiCInsta_123121_0,2021,1,1,0,0,0,0,0,0,0,0,0,0,0,0,0,1,1
BIDICTWIT_010122_0,C:\Users\Eric\Documents\cig-ads-image\data\images\BIDICTWIT_010122_0.png,Ad images for Yiqun/BidiCares/Twitter/BidiCares Twitter 2022/BidiCTwit_010122_0.png,BidiCTwit_010122_0,2022,1,1,0,0,0,0,0,0,0,0,0,0,0,0,0,1,1
BIDICTWIT_020121_0,C:\Users\Eric\Documents\cig-ads-image\data\images\BIDICTWIT_020121_0.png,Ad images for Yiqun/BidiCares/Twitter/BidiCares Twitter 2021/BidiCTwit_020121_0.png,BidiCTwit_020121_0,2021,1,0,0,0,0,0,0,0,0,0,0,0,0,0,0,0,0
BIDICTWIT_020222_0,C:\Users\Eric\Documents\cig-ads-image\data\images\BIDICTWIT_020222_0.png,Ad images for Yiqun/BidiCares/Twitter/BidiCares Twitter 2022/BidiCTwit_020222_0.png,BidiCTwit_020222_0,2022,1,0,0,0,0,0,0,0,0,0,0,0,0,0,0,0,0
BIDICTWIT_020222_1,C:\Users\Eric\Documents\cig-ads-image\data\images\BIDICTWIT_020222_1.png,Ad images for Yiqun/BidiCares/Twitter/BidiCares Twitter 2022/BidiCTwit_020222_1.png,BidiCTwit_020222_1,2022,1,1,0,0,0,0,0,0,0,0,0,0,0,0,0,0,1
BIDICTWIT_020821_0,C:\Users\Eric\Documents\cig-ads-image\data\images\BIDICTWIT_020821_0.png,Ad images for Yiqun/BidiCares/Twitter/BidiCares Twitter 2021/BidiCTwit_020821_0.png,BidiCTwit_020821_0,2021,1,1,0,0,0,0,0,0,0,0,0,0,0,0,0,0,0
BIDICTWIT_021122_0,C:\Users\Eric\Documents\cig-ads-image\data\images\BIDICTWIT_021122_0.png,Ad images for Yiqun/BidiCares/Twitter/BidiCares Twitter 2022/BidiCTwit_021122_0.png,BidiCTwit_021122_0,2022,1,1,0,0,0,0,0,0,0,0,0,0,0,0,0,0,1
BIDICTWIT_021721_1,C:\Users\Eric\Documents\cig-ads-image\data\images\BIDICTWIT_021721_1.png,Ad images for Yiqun/BidiCares/Twitter/BidiCares Twitter 2021/BidiCTwit_021721_1.png,BidiCTwit_021721_1,2021,1,1,0,0,0,0,0,0,0,0,0,0,0,0,0,0,0
BIDICTWIT_021721_2,C:\Users\Eric\Documents\cig-ads-image\data\images\BIDICTWIT_021721_2.png,Ad images for Yiqun/BidiCares/Twitter/BidiCares Twitter 2021/BidiCTwit_021721_2.png,BidiCTwit_021721_2,2021,1,0,0,0,0,0,0,0,0,0,0,0,0,0,0,0,0
BIDICTWIT_021821_0,C:\Users\Eric\Documents\cig-ads-image\data\images\BIDICTWIT_021821_0.png,Ad images for Yiqun/BidiCares/Twitter/BidiCares Twitter 2021/BidiCTwit_021821_0.png,BidiCTwit_021821_0,2021,1,1,0,0,0,0,0,0,0,0,0,0,0,0,0,0,0
BIDICTWIT_022121_0,C:\Users\Eric\Documents\cig-ads-image\data\images\BIDICTWIT_022121_0.png,Ad images for Yiqun/BidiCares/Twitter/BidiCares Twitter 2021/BidiCTwit_022121_0.png,BidiCTwit_022121_0,2021,1,0,0,0,0,0,0,0,0,0,0,0,0,0,0,0,0
BIDICTWIT_030121_0,C:\Users\Eric\Documents\cig-ads-image\data\images\BIDICTWIT_030121_0.png,Ad images for Yiqun/BidiCares/Twitter/BidiCares Twitter 2021/BidiCTwit_030121_0.png,BidiCTwit_030121_0,2021,1,0,0,0,0,0,0,0,0,0,0,0,0,0,0,0,0
BIDICTWIT_030321_0,C:\Users\Eric\Documents\cig-ads-image\data\images\BIDICTWIT_030321_0.png,Ad images for Yiqun/BidiCares/Twitter/BidiCares Twitter 2021/BidiCTwit_030321_0.png,BidiCTwit_030321_0,2021,1,0,0,0,0,0,0,0,0,0,0,0,0,0,0,0,0
BIDICTWIT_030521_0,C:\Users\Eric\Documents\cig-ads-image\data\images\BIDICTWIT_030521_0.png,Ad images for Yiqun/BidiCares/Twitter/BidiCares Twitter 2021/BidiCTwit_030521_0.png,BidiCTwit_030521_0,2021,1,0,0,0,0,0,1,0,0,0,0,0,0,0,0,0,0
BIDICTWIT_031021_0,C:\Users\Eric\Documents\cig-ads-image\data\images\BIDICTWIT_031021_0.png,Ad images for Yiqun/BidiCares/Twitter/BidiCares Twitter 2021/BidiCTwit_031021_0.png,BidiCTwit_031021_0,2021,1,0,0,0,0,0,0,0,0,0,0,0,0,0,0,0,0
BIDICTWIT_031221_0,C:\Users\Eric\Documents\cig-ads-image\data\images\BIDICTWIT_031221_0.png,Ad images for Yiqun/BidiCares/Twitter/BidiCares Twitter 2021/BidiCTwit_031221_0.png,BidiCTwit_031221_0,2021,1,1,0,0,0,0,0,0,0,0,0,0,0,0,0,0,0
BIDICTWIT_031521_0,C:\Users\Eric\Documents\cig-ads-image\data\images\BIDICTWIT_031521_0.png,Ad images for Yiqun/BidiCares/Twitter/BidiCares Twitter 2021/BidiCTwit_031521_0.png,BidiCTwit_031521_0,2021,1,0,0,0,0,0,0,0,0,0,0,0,0,0,0,0,0
BIDICTWIT_031721_0,C:\Users\Eric\Documents\cig-ads-image\data\images\BIDICTWIT_031721_0.png,Ad images for Yiqun/BidiCares/Twitter/BidiCares Twitter 2021/BidiCTwit_031721_0.png,BidiCTwit_031721_0,2021,1,1,0,0,0,0,0,0,0,0,0,0,0,0,0,0,0
BIDICTWIT_032021_0,C:\Users\Eric\Documents\cig-ads-image\data\images\BIDICTWIT_032021_0.png,Ad images for Yiqun/BidiCares/Twitter/BidiCares Twitter 2021/BidiCTwit_032021_0.png,BidiCTwit_032021_0,2021,1,1,0,0,0,0,0,0,0,0,0,0,0,1,0,0,0
BIDICTWIT_032221_0,C:\Users\Eric\Documents\cig-ads-image\data\images\BIDICTWIT_032221_0.png,Ad images for Yiqun/BidiCares/Twitter/BidiCares Twitter 2021/BidiCTwit_032221_0.png,BidiCTwit_032221_0,2021,1,1,0,0,0,0,0,0,0,0,0,0,0,0,0,0,0
BIDICTWIT_032521_0,C:\Users\Eric\Documents\cig-ads-image\data\images\BIDICTWIT_032521_0.png,Ad images for Yiqun/BidiCares/Twitter/BidiCares Twitter 2021/BidiCTwit_032521_0.png,BidiCTwit_032521_0,2021,1,0,0,0,0,0,0,0,0,0,1,0,0,0,0,0,0
BIDICTWIT_042321_0,C:\Users\Eric\Documents\cig-ads-image\data\images\BIDICTWIT_042321_0.png,Ad images for Yiqun/BidiCares/Twitter/BidiCares Twitter 2021/BidiCTwit_042321_0.png,BidiCTwit_042321_0,2021,1,1,0,0,0,0,0,0,0,0,0,0,0,0,0,0,1
BIDICTWIT_042421_0,C:\Users\Eric\Documents\cig-ads-image\data\images\BIDICTWIT_042421_0.png,Ad images for Yiqun/BidiCares/Twitter/BidiCares Twitter 2021/BidiCTwit_042421_0.png,BidiCTwit_042421_0,2021,1,1,0,0,0,0,0,0,0,0,0,0,0,0,0,0,1
BIDICTWIT_042621_0,C:\Users\Eric\Documents\cig-ads-image\data\images\BIDICTWIT_042621_0.png,Ad images for Yiqun/BidiCares/Twitter/BidiCares Twitter 2021/BidiCTwit_042621_0.png,BidiCTwit_042621_0,2021,1,1,0,0,0,0,0,0,0,0,0,0,0,0,0,0,1
BIDICTWIT_042821_0,C:\Users\Eric\Documents\cig-ads-image\data\images\BIDICTWIT_042821_0.png,Ad images for Yiqun/BidiCares/Twitter/BidiCares Twitter 2021/BidiCTwit_042821_0.png,BidiCTwit_042821_0,2021,1,1,0,0,0,0,0,0,0,0,0,0,0,0,0,0,1
BIDICTWIT_043021_0,C:\Users\Eric\Documents\cig-ads-image\data\images\BIDICTWIT_043021_0.png,Ad images for Yiqun/BidiCares/Twitter/BidiCares Twitter 2021/BidiCTwit_043021_0.png,BidiCTwit_043021_0,2021,1,0,0,0,0,0,0,0,0,0,0,0,0,0,0,0,1
BIDICTWIT_050421_0,C:\Users\Eric\Documents\cig-ads-image\data\images\BIDICTWIT_050421_0.png,Ad images for Yiqun/BidiCares/Twitter/BidiCares Twitter 2021/BidiCTwit_050421_0.png,BidiCTwit_050421_0,2021,1,0,0,0,0,0,0,0,0,0,0,0,0,0,0,0,1
BIDICTWIT_050621_0,C:\Users\Eric\Documents\cig-ads-image\data\images\BIDICTWIT_050621_0.png,Ad images for Yiqun/BidiCares/Twitter/BidiCares Twitter 2021/BidiCTwit_050621_0.png,BidiCTwit_050621_0,2021,1,0,0,0,0,0,0,0,0,0,0,0,0,0,0,0,1
BIDICTWIT_051121_0,C:\Users\Eric\Documents\cig-ads-image\data\images\BIDICTWIT_051121_0.png,Ad images for Yiqun/BidiCares/Twitter/BidiCares Twitter 2021/BidiCTwit_051121_0.png,BidiCTwit_051121_0,2021,1,1,0,0,0,0,0,0,0,0,0,0,0,0,0,0,1
BIDICTWIT_051321_0,C:\Users\Eric\Documents\cig-ads-image\data\images\BIDICTWIT_051321_0.png,Ad images for Yiqun/BidiCares/Twitter/BidiCares Twitter 2021/BidiCTwit_051321_0.png,BidiCTwit_051321_0,2021,1,1,0,0,0,0,0,0,0,0,0,0,0,0,0,0,1
BIDICTWIT_051521_0,C:\Users\Eric\Documents\cig-ads-image\data\images\BIDICTWIT_051521_0.png,Ad images for Yiqun/BidiCares/Twitter/BidiCares Twitter 2021/BidiCTwit_051521_0.png,BidiCTwit_051521_0,2021,1,1,0,0,0,0,0,0,0,0,0,0,0,0,0,0,1
BIDICTWIT_052121_0,C:\Users\Eric\Documents\cig-ads-image\data\images\BIDICTWIT_052121_0.png,Ad images for Yiqun/BidiCares/Twitter/BidiCares Twitter 2021/BidiCTwit_052121_0.png,BidiCTwit_052121_0,2021,1,0,0,0,0,0,0,0,0,0,0,0,0,0,0,0,1
BIDICTWIT_052621_0,C:\Users\Eric\Documents\cig-ads-image\data\images\BIDICTWIT_052621_0.png,Ad images for Yiqun/BidiCares/Twitter/BidiCares Twitter 2021/BidiCTwit_052621_0.png,BidiCTwit_052621_0,2021,1,1,0,0,0,0,0,0,0,0,0,0,0,0,0,1,1
BIDICTWIT_060221_0,C:\Users\Eric\Documents\cig-ads-image\data\images\BIDICTWIT_060221_0.png,Ad images for Yiqun/BidiCares/Twitter/BidiCares Twitter 2021/BidiCTwit_060221_0.png,BidiCTwit_060221_0,2021,1,1,0,0,0,0,0,0,0,0,0,0,0,0,0,0,1
BIDICTWIT_060921_0,C:\Users\Eric\Documents\cig-ads-image\data\images\BIDICTWIT_060921_0.png,Ad images for Yiqun/BidiCares/Twitter/BidiCares Twitter 2021/BidiCTwit_060921_0.png,BidiCTwit_060921_0,2021,1,1,0,0,0,0,0,0,0,0,0,0,0,0,0,0,1
BIDICTWIT_071521_0,C:\Users\Eric\Documents\cig-ads-image\data\images\BIDICTWIT_071521_0.png,Ad images for Yiqun/BidiCares/Twitter/BidiCares Twitter 2021/BidiCTwit_071521_0.png,BidiCTwit_071521_0,2021,1,0,0,0,0,0,0,0,0,0,0,0,0,0,0,0,1
BIDICTWIT_100821_0,C:\Users\Eric\Documents\cig-ads-image\data\images\BIDICTWIT_100821_0.png,Ad images for Yiqun/BidiCares/Twitter/BidiCares Twitter 2021/BidiCTwit_100821_0.png,BidiCTwit_100821_0,2021,1,1,0,0,0,0,0,0,0,0,0,0,0,0,0,0,0
BIDICTWIT_100821_1,C:\Users\Eric\Documents\cig-ads-image\data\images\BIDICTWIT_100821_1.png,Ad images for Yiqun/BidiCares/Twitter/BidiCares Twitter 2021/BidiCTwit_100821_1.png,BidiCTwit_100821_1,2021,1,0,0,0,0,0,0,0,0,0,0,0,0,0,0,0,0
BIDICTWIT_101321_0,C:\Users\Eric\Documents\cig-ads-image\data\images\BIDICTWIT_101321_0.png,Ad images for Yiqun/BidiCares/Twitter/BidiCares Twitter 2021/BidiCTwit_101321_0.png,BidiCTwit_101321_0,2021,1,1,0,0,0,0,0,0,0,0,0,0,0,0,0,0,1
BIDICTWIT_101321_1,C:\Users\Eric\Documents\cig-ads-image\data\images\BIDICTWIT_101321_1.png,Ad images for Yiqun/BidiCares/Twitter/BidiCares Twitter 2021/BidiCTwit_101321_1.png,BidiCTwit_101321_1,2021,1,0,1,0,0,0,0,0,0,0,0,0,0,0,0,0,0
BIDICTWIT_102021_0,C:\Users\Eric\Documents\cig-ads-image\data\images\BIDICTWIT_102021_0.png,Ad images for Yiqun/BidiCares/Twitter/BidiCares Twitter 2021/BidiCTwit_102021_0.png,BidiCTwit_102021_0,2021,1,0,0,0,0,0,0,0,0,0,0,0,0,0,0,0,1
BIDICTWIT_102021_1,C:\Users\Eric\Documents\cig-ads-image\data\images\BIDICTWIT_102021_1.png,Ad images for Yiqun/BidiCares/Twitter/BidiCares Twitter 2021/BidiCTwit_102021_1.png,BidiCTwit_102021_1,2021,1,0,0,0,0,0,0,0,0,0,0,0,0,0,0,0,0
BIDICTWIT_102621_0,C:\Users\Eric\Documents\cig-ads-image\data\images\BIDICTWIT_102621_0.png,Ad images for Yiqun/BidiCares/Twitter/BidiCares Twitter 2021/BidiCTwit_102621_0.png,BidiCTwit_102621_0,2021,1,0,0,0,0,0,0,0,0,0,0,0,0,0,0,0,1
BIDICTWIT_112421_0,C:\Users\Eric\Documents\cig-ads-image\data\images\BIDICTWIT_112421_0.png,Ad images for Yiqun/BidiCares/Twitter/BidiCares Twitter 2021/BidiCTwit_112421_0.png,BidiCTwit_112421_0,2021,1,0,0,0,0,0,0,0,0,0,0,0,0,0,0,0,1
BIDICTWIT_112521_0,C:\Users\Eric\Documents\cig-ads-image\data\images\BIDICTWIT_112521_0.png,Ad images for Yiqun/BidiCares/Twitter/BidiCares Twitter 2021/BidiCTwit_112521_0.png,BidiCTwit_112521_0,2021,1,1,0,0,0,0,0,0,0,0,0,0,0,0,0,0,1
BIDICTWIT_120221_0,C:\Users\Eric\Documents\cig-ads-image\data\images\BIDICTWIT_120221_0.png,Ad images for Yiqun/BidiCares/Twitter/BidiCares Twitter 2021/BidiCTwit_120221_0.png,BidiCTwit_120221_0,2021,1,0,0,0,0,0,0,0,0,0,0,0,0,0,0,0,0
BIDICTWIT_122521_0,C:\Users\Eric\Documents\cig-ads-image\data\images\BIDICTWIT_122521_0.png,Ad images for Yiqun/BidiCares/Twitter/BidiCares Twitter 2021/BidiCTwit_122521_0.png,BidiCTwit_122521_0,2021,1,1,0,0,0,0,0,0,0,0,0,0,0,0,0,0,1
BLUFACE_010122_0,C:\Users\Eric\Documents\cig-ads-image\data\images\BLUFACE_010122_0.png,Ad images for Yiqun/Blu/Blu Facebook/Facebook 2022/BluFace_010122_0.png,BluFace_010122_0,2022,1,0,0,0,0,0,0,0,0,0,0,0,0,0,0,0,0
BLUFACE_010122_1,C:\Users\Eric\Documents\cig-ads-image\data\images\BLUFACE_010122_1.png,Ad images for Yiqun/Blu/Blu Facebook/Facebook 2022/BluFace_010122_1.png,BluFace_010122_1,2022,1,0,0,0,0,0,0,0,0,0,0,0,0,0,0,0,1
BLUFACE_010221_0,C:\Users\Eric\Documents\cig-ads-image\data\images\BLUFACE_010221_0.png,Ad images for Yiqun/Blu/Blu Facebook/Facebook 2021/BluFace_010221_0.png,BluFace_010221_0,2021,1,0,0,0,0,0,0,0,0,0,0,0,0,0,0,0,1
BLUFACE_010222_0,C:\Users\Eric\Documents\cig-ads-image\data\images\BLUFACE_010222_0.png,Ad images for Yiqun/Blu/Blu Facebook/Facebook 2022/BluFace_010222_0.png,BluFace_010222_0,2022,1,0,0,0,0,0,0,0,0,0,0,0,0,1,0,0,1
BLUFACE_010224_0,C:\Users\Eric\Documents\cig-ads-image\data\images\BLUFACE_010224_0.png,Ad images for Yiqun/Blu/Blu Facebook/Facebook 2024/BluFace_010224_0.png,BluFace_010224_0,2023,1,1,0,0,0,0,0,0,0,0,0,0,0,0,0,0,1
BLUFACE_010321_0,C:\Users\Eric\Documents\cig-ads-image\data\images\BLUFACE_010321_0.png,Ad images for Yiqun/Blu/Blu Facebook/Facebook 2021/BluFace_010321_0.png,BluFace_010321_0,2021,1,0,0,0,0,0,0,0,0,0,0,0,0,0,0,0,1
BLUFACE_010324_0,C:\Users\Eric\Documents\cig-ads-image\data\images\BLUFACE_010324_0.png,Ad images for Yiqun/Blu/Blu Facebook/Facebook 2024/BluFace_010324_0A.png,BluFace_010324_0,2023,1,0,0,0,0,0,0,0,0,0,0,0,0,0,0,0,1
BLUFACE_010421_0,C:\Users\Eric\Documents\cig-ads-image\data\images\BLUFACE_010421_0.png,Ad images for Yiqun/Blu/Blu Facebook/Facebook 2021/BluFace_010421_0.png,BluFace_010421_0,2021,1,0,0,0,0,0,0,0,0,0,0,0,0,0,0,0,1
BLUFACE_010422_0,C:\Users\Eric\Documents\cig-ads-image\data\images\BLUFACE_010422_0.png,Ad images for Yiqun/Blu/Blu Facebook/Facebook 2022/BluFace_010422_0.png,BluFace_010422_0,2022,1,0,0,0,0,0,0,0,0,0,0,0,0,0,0,0,1
BLUFACE_010423_0,C:\Users\Eric\Documents\cig-ads-image\data\images\BLUFACE_010423_0.png,Ad images for Yiqun/Blu/Blu Facebook/Facebook 2023/BluFace_010423_0.png,BluFace_010423_0,2023,1,0,0,0,0,0,0,0,0,0,0,0,0,0,0,0,1
BLUFACE_010423_1,C:\Users\Eric\Documents\cig-ads-image\data\images\BLUFACE_010423_1.png,Ad images for Yiqun/Blu/Blu Facebook/Facebook 2023/BluFace_010423_1.png,BluFace_010423_1,2023,1,0,0,0,0,0,0,0,0,0,0,0,0,0,0,0,1
BLUFACE_010424_0,C:\Users\Eric\Documents\cig-ads-image\data\images\BLUFACE_010424_0.png,Ad images for Yiqun/Blu/Blu Facebook/Facebook 2024/BluFace_010424_0.png,BluFace_010424_0,2023,1,0,1,0,0,0,0,0,0,0,0,0,0,0,0,0,1
BLUFACE_010522_0,C:\Users\Eric\Documents\cig-ads-image\data\images\BLUFACE_010522_0.png,Ad images for Yiqun/Blu/Blu Facebook/Facebook 2022/BluFace_010522_0.png,BluFace_010522_0,2022,1,0,0,0,0,0,0,0,0,0,0,0,0,0,0,0,1
BLUFACE_010523_0,C:\Users\Eric\Documents\cig-ads-image\data\images\BLUFACE_010523_0.png,Ad images for Yiqun/Blu/Blu Facebook/Facebook 2023/BluFace_010523_0.png,BluFace_010523_0,2023,1,0,0,1,0,0,0,0,0,0,0,0,0,0,0,0,1
BLUFACE_010621_0,C:\Users\Eric\Documents\cig-ads-image\data\images\BLUFACE_010621_0.png,Ad images for Yiqun/Blu/Blu Facebook/Facebook 2021/BluFace_010621_0.png,BluFace_010621_0,2021,1,0,0,0,0,0,0,0,0,0,0,0,0,0,0,1,1
BLUFACE_010622_0,C:\Users\Eric\Documents\cig-ads-image\data\images\BLUFACE_010622_0.png,Ad images for Yiqun/Blu/Blu Facebook/Facebook 2022/BluFace_010622_0.png,BluFace_010622_0,2022,1,0,0,0,0,0,0,0,1,0,0,0,0,1,0,0,0
BLUFACE_010623_0,C:\Users\Eric\Documents\cig-ads-image\data\images\BLUFACE_010623_0.png,Ad images for Yiqun/Blu/Blu Facebook/Facebook 2023/BluFace_010623_0.png,BluFace_010623_0,2023,1,0,0,0,0,0,0,0,0,0,0,0,0,0,0,0,1
BLUFACE_010722_0,C:\Users\Eric\Documents\cig-ads-image\data\images\BLUFACE_010722_0.png,Ad images for Yiqun/Blu/Blu Facebook/Facebook 2022/BluFace_010722_0.png,BluFace_010722_0,2022,1,0,0,0,0,0,0,0,0,0,0,0,0,0,0,0,1
BLUFACE_010723_0,C:\Users\Eric\Documents\cig-ads-image\data\images\BLUFACE_010723_0.png,Ad images for Yiqun/Blu/Blu Facebook/Facebook 2023/BluFace_010723_0.png,BluFace_010723_0,2023,1,0,0,0,0,0,0,0,0,0,0,0,0,0,0,0,1
BLUFACE_010821_0,C:\Users\Eric\Documents\cig-ads-image\data\images\BLUFACE_010821_0.png,Ad images for Yiqun/Blu/Blu Facebook/Facebook 2021/BluFace_010821_0.png,BluFace_010821_0,2021,1,0,0,0,0,0,0,0,0,0,0,0,0,0,0,0,1
BLUFACE_010822_0,C:\Users\Eric\Documents\cig-ads-image\data\images\BLUFACE_010822_0.png,Ad images for Yiqun/Blu/Blu Facebook/Facebook 2022/BluFace_010822_0.png,BluFace_010822_0,2022,1,0,0,0,0,0,0,0,0,0,0,0,0,1,0,0,1
BLUFACE_010921_0,C:\Users\Eric\Documents\cig-ads-image\data\images\BLUFACE_010921_0.png,Ad images for Yiqun/Blu/Blu Facebook/Facebook 2021/BluFace_010921_0.png,BluFace_010921_0,2021,1,0,0,0,0,0,0,0,0,0,0,0,0,0,0,0,1
BLUFACE_010922_0,C:\Users\Eric\Documents\cig-ads-image\data\images\BLUFACE_010922_0.png,Ad images for Yiqun/Blu/Blu Facebook/Facebook 2022/BluFace_010922_0.png,BluFace_010922_0,2022,1,0,0,0,0,0,0,0,0,0,0,0,0,0,0,0,1
BLUFACE_011021_0,C:\Users\Eric\Documents\cig-ads-image\data\images\BLUFACE_011021_0.png,Ad images for Yiqun/Blu/Blu Facebook/Facebook 2021/BluFace_011021_0.png,BluFace_011021_0,2021,1,0,0,0,0,0,0,0,0,0,0,0,0,0,0,0,1
BLUFACE_011022_0,C:\Users\Eric\Documents\cig-ads-image\data\images\BLUFACE_011022_0.png,Ad images for Yiqun/Blu/Blu Facebook/Facebook 2022/BluFace_011022_0.png,BluFace_011022_0,2022,1,0,0,0,0,0,0,0,0,0,0,0,0,0,0,0,1
BLUFACE_011023_0,C:\Users\Eric\Documents\cig-ads-image\data\images\BLUFACE_011023_0.png,Ad images for Yiqun/Blu/Blu Facebook/Facebook 2023/BluFace_011023_0.png,BluFace_011023_0,2023,1,0,0,0,0,0,0,0,0,0,0,0,0,1,0,0,1
BLUFACE_011121_0,C:\Users\Eric\Documents\cig-ads-image\data\images\BLUFACE_011121_0.png,Ad images for Yiqun/Blu/Blu Facebook/Facebook 2021/BluFace_011121_0.png,BluFace_011121_0,2021,1,0,0,0,0,0,0,0,0,0,0,0,0,0,0,0,1
BLUFACE_011122_0,C:\Users\Eric\Documents\cig-ads-image\data\images\BLUFACE_011122_0.png,Ad images for Yiqun/Blu/Blu Facebook/Facebook 2022/BluFace_011122_0.png,BluFace_011122_0,2022,1,0,0,0,0,0,0,0,0,0,0,0,0,0,0,0,1
BLUFACE_011123_0,C:\Users\Eric\Documents\cig-ads-image\data\images\BLUFACE_011123_0.png,Ad images for Yiqun/Blu/Blu Facebook/Facebook 2023/BluFace_011123_0.png,BluFace_011123_0,2023,1,0,0,0,0,0,0,0,0,0,0,0,0,0,0,0,1
BLUFACE_011221_0,C:\Users\Eric\Documents\cig-ads-image\data\images\BLUFACE_011221_0.png,Ad images for Yiqun/Blu/Blu Facebook/Facebook 2021/BluFace_011221_0.png,BluFace_011221_0,2021,1,0,0,0,0,0,0,0,0,0,0,0,0,0,0,0,1
BLUFACE_011222_0,C:\Users\Eric\Documents\cig-ads-image\data\images\BLUFACE_011222_0.png,Ad images for Yiqun/Blu/Blu Facebook/Facebook 2022/BluFace_011222_0.png,BluFace_011222_0,2022,1,0,0,0,0,0,0,0,0,0,0,0,0,0,0,0,1
BLUFACE_011223_0,C:\Users\Eric\Documents\cig-ads-image\data\images\BLUFACE_011223_0.png,Ad images for Yiqun/Blu/Blu Facebook/Facebook 2023/BluFace_011223_0.png,BluFace_011223_0,2023,1,0,0,0,0,0,0,0,0,0,0,0,0,0,0,0,1
BLUFACE_011321_0,C:\Users\Eric\Documents\cig-ads-image\data\images\BLUFACE_011321_0.png,Ad images for Yiqun/Blu/Blu Facebook/Facebook 2021/BluFace_011321_0.png,BluFace_011321_0,2021,1,0,0,0,0,0,0,0,0,0,0,0,0,0,0,0,1
BLUFACE_011322_0,C:\Users\Eric\Documents\cig-ads-image\data\images\BLUFACE_011322_0.png,Ad images for Yiqun/Blu/Blu Facebook/Facebook 2022/BluFace_011322_0.png,BluFace_011322_0,2022,1,0,0,0,0,0,0,0,0,0,0,0,0,0,0,0,1
BLUFACE_011323_0,C:\Users\Eric\Documents\cig-ads-image\data\images\BLUFACE_011323_0.png,Ad images for Yiqun/Blu/Blu Facebook/Facebook 2023/BluFace_011323_0.png,BluFace_011323_0,2023,1,0,0,0,0,0,0,0,0,0,0,0,0,0,0,0,1
BLUFACE_011422_0,C:\Users\Eric\Documents\cig-ads-image\data\images\BLUFACE_011422_0.png,Ad images for Yiqun/Blu/Blu Facebook/Facebook 2022/BluFace_011422_0.png,BluFace_011422_0,2022,1,0,0,0,0,0,0,0,0,0,0,0,0,0,0,0,1
BLUFACE_011423_0,C:\Users\Eric\Documents\cig-ads-image\data\images\BLUFACE_011423_0.png,Ad images for Yiqun/Blu/Blu Facebook/Facebook 2023/BluFace_011423_0.png,BluFace_011423_0,2023,1,0,0,0,0,0,0,0,0,0,0,0,0,0,0,0,1
BLUFACE_011521_0,C:\Users\Eric\Documents\cig-ads-image\data\images\BLUFACE_011521_0.png,Ad images for Yiqun/Blu/Blu Facebook/Facebook 2021/BluFace_011521_0.png,BluFace_011521_0,2021,1,0,0,0,0,0,0,0,0,0,0,0,0,0,0,1,1
BLUFACE_011522_0,C:\Users\Eric\Documents\cig-ads-image\data\images\BLUFACE_011522_0.png,Ad images for Yiqun/Blu/Blu Facebook/Facebook 2022/BluFace_011522_0.png,BluFace_011522_0,2022,1,0,0,0,0,0,0,0,0,0,0,0,0,1,0,0,0
BLUFACE_011621_0,C:\Users\Eric\Documents\cig-ads-image\data\images\BLUFACE_011621_0.png,Ad images for Yiqun/Blu/Blu Facebook/Facebook 2021/BluFace_011621_0.png,BluFace_011621_0,2021,1,0,0,0,0,0,0,0,0,0,0,0,0,0,0,0,1
BLUFACE_011721_0,C:\Users\Eric\Documents\cig-ads-image\data\images\BLUFACE_011721_0.png,Ad images for Yiqun/Blu/Blu Facebook/Facebook 2021/BluFace_011721_0.png,BluFace_011721_0,2021,1,0,0,0,0,0,0,0,0,0,0,0,0,0,0,0,1
BLUFACE_011723_0,C:\Users\Eric\Documents\cig-ads-image\data\images\BLUFACE_011723_0.png,Ad images for Yiqun/Blu/Blu Facebook/Facebook 2023/BluFace_011723_0.png,BluFace_011723_0,2023,1,0,0,0,0,0,0,0,0,0,0,0,0,0,0,0,1
BLUFACE_011821_0,C:\Users\Eric\Documents\cig-ads-image\data\images\BLUFACE_011821_0.png,Ad images for Yiqun/Blu/Blu Facebook/Facebook 2021/BluFace_011821_0.png,BluFace_011821_0,2021,1,0,0,0,0,0,0,0,0,0,0,0,0,0,0,0,1
BLUFACE_011822_0,C:\Users\Eric\Documents\cig-ads-image\data\images\BLUFACE_011822_0.png,Ad images for Yiqun/Blu/Blu Facebook/Facebook 2022/BluFace_011822_0.png,BluFace_011822_0,2022,1,0,0,0,0,0,0,0,0,0,0,0,0,1,0,0,1
BLUFACE_011823_0,C:\Users\Eric\Documents\cig-ads-image\data\images\BLUFACE_011823_0.png,Ad images for Yiqun/Blu/Blu Facebook/Facebook 2023/BluFace_011823_0.png,BluFace_011823_0,2023,1,0,0,0,0,0,0,0,0,0,0,0,0,0,0,0,1
BLUFACE_011921_0,C:\Users\Eric\Documents\cig-ads-image\data\images\BLUFACE_011921_0.png,Ad images for Yiqun/Blu/Blu Facebook/Facebook 2021/BluFace_011921_0.png,BluFace_011921_0,2021,1,0,0,0,0,0,0,0,0,0,0,0,0,0,0,0,1
BLUFACE_011922_0,C:\Users\Eric\Documents\cig-ads-image\data\images\BLUFACE_011922_0.png,Ad images for Yiqun/Blu/Blu Facebook/Facebook 2022/BluFace_011922_0.png,BluFace_011922_0,2022,1,0,0,0,0,0,0,0,0,0,0,0,0,0,0,0,1
BLUFACE_011923_0,C:\Users\Eric\Documents\cig-ads-image\data\images\BLUFACE_011923_0.png,Ad images for Yiqun/Blu/Blu Facebook/Facebook 2023/BluFace_011923_0.png,BluFace_011923_0,2023,1,0,0,0,0,0,0,0,0,0,0,0,0,0,0,0,1
BLUFACE_012021_0,C:\Users\Eric\Documents\cig-ads-image\data\images\BLUFACE_012021_0.png,Ad images for Yiqun/Blu/Blu Facebook/Facebook 2021/BluFace_012021_0.png,BluFace_012021_0,2021,1,1,0,0,0,0,0,0,0,0,0,0,0,0,0,1,1
BLUFACE_012022_0,C:\Users\Eric\Documents\cig-ads-image\data\images\BLUFACE_012022_0.png,Ad images for Yiqun/Blu/Blu Facebook/Facebook 2022/BluFace_012022_0.png,BluFace_012022_0,2022,1,0,0,0,0,0,0,0,0,0,0,0,0,0,0,0,1
BLUFACE_012023_0,C:\Users\Eric\Documents\cig-ads-image\data\images\BLUFACE_012023_0.png,Ad images for Yiqun/Blu/Blu Facebook/Facebook 2023/BluFace_012023_0.png,BluFace_012023_0,2023,1,0,0,0,0,0,0,0,0,0,0,0,0,0,0,0,1
BLUFACE_012121_0,C:\Users\Eric\Documents\cig-ads-image\data\images\BLUFACE_012121_0.png,Ad images for Yiqun/Blu/Blu Facebook/Facebook 2021/BluFace_012121_0.png,BluFace_012121_0,2021,1,0,0,0,0,0,0,0,0,0,0,0,0,0,0,0,1
BLUFACE_012122_0,C:\Users\Eric\Documents\cig-ads-image\data\images\BLUFACE_012122_0.png,Ad images for Yiqun/Blu/Blu Facebook/Facebook 2022/BluFace_012122_0.png,BluFace_012122_0,2022,1,0,0,0,0,0,0,0,0,0,0,0,0,0,0,0,1
BLUFACE_012123_0,C:\Users\Eric\Documents\cig-ads-image\data\images\BLUFACE_012123_0.png,Ad images for Yiqun/Blu/Blu Facebook/Facebook 2023/BluFace_012123_0.png,BluFace_012123_0,2023,1,0,0,0,0,0,0,0,0,0,0,0,0,0,0,0,1
BLUFACE_012221_0,C:\Users\Eric\Documents\cig-ads-image\data\images\BLUFACE_012221_0.png,Ad images for Yiqun/Blu/Blu Facebook/Facebook 2021/BluFace_012221_0.png,BluFace_012221_0,2021,1,0,0,0,0,0,0,0,0,0,0,0,0,0,0,0,1
BLUFACE_012222_0,C:\Users\Eric\Documents\cig-ads-image\data\images\BLUFACE_012222_0.png,Ad images for Yiqun/Blu/Blu Facebook/Facebook 2022/BluFace_012222_0.png,BluFace_012222_0,2022,1,0,0,0,0,0,0,0,0,0,0,0,0,0,0,0,1
BLUFACE_012321_0,C:\Users\Eric\Documents\cig-ads-image\data\images\BLUFACE_012321_0.png,Ad images for Yiqun/Blu/Blu Facebook/Facebook 2021/BluFace_012321_0.png,BluFace_012321_0,2021,1,0,0,0,0,0,0,0,0,0,0,0,0,0,0,0,1
BLUFACE_012421_0,C:\Users\Eric\Documents\cig-ads-image\data\images\BLUFACE_012421_0.png,Ad images for Yiqun/Blu/Blu Facebook/Facebook 2021/BluFace_012421_0.png,BluFace_012421_0,2021,1,0,0,0,0,0,0,0,0,0,0,0,0,0,0,0,1
BLUFACE_012422_0,C:\Users\Eric\Documents\cig-ads-image\data\images\BLUFACE_012422_0.png,Ad images for Yiqun/Blu/Blu Facebook/Facebook 2022/BluFace_012422_0.png,BluFace_012422_0,2022,1,0,0,0,0,0,0,0,0,0,0,0,0,0,0,0,1
BLUFACE_012423_0,C:\Users\Eric\Documents\cig-ads-image\data\images\BLUFACE_012423_0.png,Ad images for Yiqun/Blu/Blu Facebook/Facebook 2023/BluFace_012423_0.png,BluFace_012423_0,2023,1,0,0,0,0,0,0,0,0,0,0,0,0,0,0,0,1
BLUFACE_012521_0,C:\Users\Eric\Documents\cig-ads-image\data\images\BLUFACE_012521_0.png,Ad images for Yiqun/Blu/Blu Facebook/Facebook 2021/BluFace_012521_0.png,BluFace_012521_0,2021,1,0,0,0,0,0,0,0,0,0,0,0,0,0,0,0,1
BLUFACE_012522_0,C:\Users\Eric\Documents\cig-ads-image\data\images\BLUFACE_012522_0.png,Ad images for Yiqun/Blu/Blu Facebook/Facebook 2022/BluFace_012522_0.png,BluFace_012522_0,2022,1,0,0,0,0,0,0,0,0,0,0,0,0,0,0,0,1
BLUFACE_012523_0,C:\Users\Eric\Documents\cig-ads-image\data\images\BLUFACE_012523_0.png,Ad images for Yiqun/Blu/Blu Facebook/Facebook 2023/BluFace_012523_0.png,BluFace_012523_0,2023,1,0,0,0,0,0,0,0,0,0,0,0,0,0,0,0,1
BLUFACE_012621_0,C:\Users\Eric\Documents\cig-ads-image\data\images\BLUFACE_012621_0.png,Ad images for Yiqun/Blu/Blu Facebook/Facebook 2021/BluFace_012621_0.png,BluFace_012621_0,2021,1,0,0,0,0,0,0,0,0,0,0,0,0,0,0,0,1
BLUFACE_012623_0,C:\Users\Eric\Documents\cig-ads-image\data\images\BLUFACE_012623_0.png,Ad images for Yiqun/Blu/Blu Facebook/Facebook 2023/BluFace_012623_0.png,BluFace_012623_0,2023,1,0,0,0,0,0,0,0,0,0,0,0,0,0,0,0,1
BLUFACE_012721_0,C:\Users\Eric\Documents\cig-ads-image\data\images\BLUFACE_012721_0.png,Ad images for Yiqun/Blu/Blu Facebook/Facebook 2021/BluFace_012721_0.png,BluFace_012721_0,2021,1,0,0,0,0,0,0,0,0,0,0,0,0,0,0,0,1
BLUFACE_012722_0,C:\Users\Eric\Documents\cig-ads-image\data\images\BLUFACE_012722_0.png,Ad images for Yiqun/Blu/Blu Facebook/Facebook 2022/BluFace_012722_0.png,BluFace_012722_0,2022,1,0,0,0,0,0,0,0,0,0,0,0,0,0,0,0,1
BLUFACE_012723_0,C:\Users\Eric\Documents\cig-ads-image\data\images\BLUFACE_012723_0.png,Ad images for Yiqun/Blu/Blu Facebook/Facebook 2023/BluFace_012723_0.png,BluFace_012723_0,2023,1,0,0,0,0,0,0,0,0,0,0,0,0,0,0,0,1
BLUFACE_012821_0,C:\Users\Eric\Documents\cig-ads-image\data\images\BLUFACE_012821_0.png,Ad images for Yiqun/Blu/Blu Facebook/Facebook 2021/BluFace_012821_0.png,BluFace_012821_0,2021,1,0,0,0,0,0,0,0,0,0,0,0,0,0,0,1,1
BLUFACE_012822_0,C:\Users\Eric\Documents\cig-ads-image\data\images\BLUFACE_012822_0.png,Ad images for Yiqun/Blu/Blu Facebook/Facebook 2022/BluFace_012822_0.png,BluFace_012822_0,2022,1,0,1,0,0,0,0,0,0,0,0,0,0,0,0,0,1
BLUFACE_012822_1,C:\Users\Eric\Documents\cig-ads-image\data\images\BLUFACE_012822_1.png,Ad images for Yiqun/Blu/Blu Facebook/Facebook 2022/BluFace_012822_1.png,BluFace_012822_1,2022,1,0,0,0,0,0,0,0,0,0,0,0,0,0,0,0,1
BLUFACE_012921_0,C:\Users\Eric\Documents\cig-ads-image\data\images\BLUFACE_012921_0.png,Ad images for Yiqun/Blu/Blu Facebook/Facebook 2021/BluFace_012921_0.png,BluFace_012921_0,2021,1,0,0,0,0,0,0,0,0,0,0,0,0,0,0,0,1
BLUFACE_012923_0,C:\Users\Eric\Documents\cig-ads-image\data\images\BLUFACE_012923_0.png,Ad images for Yiqun/Blu/Blu Facebook/Facebook 2023/BluFace_012923_0.png,BluFace_012923_0,2023,1,0,0,0,0,0,0,0,0,0,0,0,0,0,0,0,1
BLUFACE_013021_0,C:\Users\Eric\Documents\cig-ads-image\data\images\BLUFACE_013021_0.png,Ad images for Yiqun/Blu/Blu Facebook/Facebook 2021/BluFace_013021_0.png,BluFace_013021_0,2021,1,0,0,0,0,0,0,0,0,0,0,0,0,0,0,0,1
BLUFACE_013022_0,C:\Users\Eric\Documents\cig-ads-image\data\images\BLUFACE_013022_0.png,Ad images for Yiqun/Blu/Blu Facebook/Facebook 2022/BluFace_013022_0.png,BluFace_013022_0,2022,1,0,0,0,0,0,0,0,0,0,0,0,0,0,0,0,1
BLUFACE_013121_0,C:\Users\Eric\Documents\cig-ads-image\data\images\BLUFACE_013121_0.png,Ad images for Yiqun/Blu/Blu Facebook/Facebook 2021/BluFace_013121_0.png,BluFace_013121_0,2021,1,0,0,0,0,0,0,0,0,0,0,0,0,0,0,0,1
BLUFACE_013122_0,C:\Users\Eric\Documents\cig-ads-image\data\images\BLUFACE_013122_0.png,Ad images for Yiqun/Blu/Blu Facebook/Facebook 2022/BluFace_013122_0.png,BluFace_013122_0,2022,1,0,0,0,0,0,0,0,0,0,0,0,0,0,0,0,1
BLUFACE_013123_0,C:\Users\Eric\Documents\cig-ads-image\data\images\BLUFACE_013123_0.png,Ad images for Yiqun/Blu/Blu Facebook/Facebook 2023/BluFace_013123_0.png,BluFace_013123_0,2023,1,0,0,0,0,0,0,0,0,0,0,0,0,0,0,0,1
BLUFACE_020121_0,C:\Users\Eric\Documents\cig-ads-image\data\images\BLUFACE_020121_0.png,Ad images for Yiqun/Blu/Blu Facebook/Facebook 2021/BluFace_020121_0.png,BluFace_020121_0,2021,1,0,0,0,0,0,0,0,0,0,0,0,0,0,0,0,1
BLUFACE_020122_0,C:\Users\Eric\Documents\cig-ads-image\data\images\BLUFACE_020122_0.png,Ad images for Yiqun/Blu/Blu Facebook/Facebook 2022/BluFace_020122_0.png,BluFace_020122_0,2022,1,0,0,0,0,0,0,0,0,0,0,0,0,0,0,0,0
BLUFACE_020222_0,C:\Users\Eric\Documents\cig-ads-image\data\images\BLUFACE_020222_0.png,Ad images for Yiqun/Blu/Blu Facebook/Facebook 2022/BluFace_020222_0.png,BluFace_020222_0,2022,1,0,0,0,0,0,1,1,0,0,0,0,1,0,0,0,1
BLUFACE_020223_0,C:\Users\Eric\Documents\cig-ads-image\data\images\BLUFACE_020223_0.png,Ad images for Yiqun/Blu/Blu Facebook/Facebook 2023/BluFace_020223_0.png,BluFace_020223_0,2023,1,0,0,0,0,0,0,0,0,0,0,0,0,1,0,0,1
BLUFACE_020321_0,C:\Users\Eric\Documents\cig-ads-image\data\images\BLUFACE_020321_0.png,Ad images for Yiqun/Blu/Blu Facebook/Facebook 2021/BluFace_020321_0.png,BluFace_020321_0,2021,1,0,0,0,0,0,0,0,0,0,0,0,0,0,0,0,1
BLUFACE_020322_0,C:\Users\Eric\Documents\cig-ads-image\data\images\BLUFACE_020322_0.png,Ad images for Yiqun/Blu/Blu Facebook/Facebook 2022/BluFace_020322_0.png,BluFace_020322_0,2022,1,0,0,0,0,0,0,0,0,0,0,0,0,0,0,0,1
BLUFACE_020422_0,C:\Users\Eric\Documents\cig-ads-image\data\images\BLUFACE_020422_0.png,Ad images for Yiqun/Blu/Blu Facebook/Facebook 2022/BluFace_020422_0.png,BluFace_020422_0,2022,1,0,0,0,0,0,1,1,0,0,0,0,0,0,0,0,1
BLUFACE_020423_0,C:\Users\Eric\Documents\cig-ads-image\data\images\BLUFACE_020423_0.png,Ad images for Yiqun/Blu/Blu Facebook/Facebook 2023/BluFace_020423_0.png,BluFace_020423_0,2023,1,0,0,0,0,0,0,0,0,0,0,0,0,0,0,0,1
BLUFACE_020521_0,C:\Users\Eric\Documents\cig-ads-image\data\images\BLUFACE_020521_0.png,Ad images for Yiqun/Blu/Blu Facebook/Facebook 2021/BluFace_020521_0.png,BluFace_020521_0,2021,1,0,0,0,0,0,0,0,0,0,0,0,0,0,0,0,1
BLUFACE_020522_0,C:\Users\Eric\Documents\cig-ads-image\data\images\BLUFACE_020522_0.png,Ad images for Yiqun/Blu/Blu Facebook/Facebook 2022/BluFace_020522_0.png,BluFace_020522_0,2022,1,0,0,0,0,0,0,0,0,0,0,0,0,0,0,0,1
BLUFACE_020621_0,C:\Users\Eric\Documents\cig-ads-image\data\images\BLUFACE_020621_0.png,Ad images for Yiqun/Blu/Blu Facebook/Facebook 2021/BluFace_020621_0.png,BluFace_020621_0,2021,1,0,0,0,0,0,0,0,0,0,0,0,0,0,0,0,1
BLUFACE_020721_0,C:\Users\Eric\Documents\cig-ads-image\data\images\BLUFACE_020721_0.png,Ad images for Yiqun/Blu/Blu Facebook/Facebook 2021/BluFace_020721_0.png,BluFace_020721_0,2021,1,0,0,0,0,0,0,0,0,0,0,0,0,0,0,1,1
BLUFACE_020821_0,C:\Users\Eric\Documents\cig-ads-image\data\images\BLUFACE_020821_0.png,Ad images for Yiqun/Blu/Blu Facebook/Facebook 2021/BluFace_020821_0.png,BluFace_020821_0,2021,1,0,0,0,0,0,0,0,0,0,0,0,0,0,0,0,1
BLUFACE_020822_0,C:\Users\Eric\Documents\cig-ads-image\data\images\BLUFACE_020822_0.png,Ad images for Yiqun/Blu/Blu Facebook/Facebook 2022/BluFace_020822_0.png,BluFace_020822_0,2022,1,1,0,0,0,0,0,1,0,0,0,0,0,0,0,0,1
BLUFACE_020823_0,C:\Users\Eric\Documents\cig-ads-image\data\images\BLUFACE_020823_0.png,Ad images for Yiqun/Blu/Blu Facebook/Facebook 2023/BluFace_020823_0.png,BluFace_020823_0,2023,1,1,0,0,0,0,0,0,0,0,0,0,0,0,0,0,1
BLUFACE_020921_0,C:\Users\Eric\Documents\cig-ads-image\data\images\BLUFACE_020921_0.png,Ad images for Yiqun/Blu/Blu Facebook/Facebook 2021/BluFace_020921_0.png,BluFace_020921_0,2021,1,0,0,0,0,0,0,0,0,0,0,0,0,0,0,0,1
BLUFACE_020922_0,C:\Users\Eric\Documents\cig-ads-image\data\images\BLUFACE_020922_0.png,Ad images for Yiqun/Blu/Blu Facebook/Facebook 2022/BluFace_020922_0.png,BluFace_020922_0,2022,1,0,0,0,0,0,0,0,0,0,0,0,0,0,0,0,1
BLUFACE_020923_0,C:\Users\Eric\Documents\cig-ads-image\data\images\BLUFACE_020923_0.png,Ad images for Yiqun/Blu/Blu Facebook/Facebook 2023/BluFace_020923_0.png,BluFace_020923_0,2023,1,0,0,0,0,0,0,0,0,0,0,0,0,0,0,0,1
BLUFACE_021021_0,C:\Users\Eric\Documents\cig-ads-image\data\images\BLUFACE_021021_0.png,Ad images for Yiqun/Blu/Blu Facebook/Facebook 2021/BluFace_021021_0.png,BluFace_021021_0,2021,1,0,0,0,0,0,0,0,0,0,0,0,0,0,0,0,1
BLUFACE_021022_0,C:\Users\Eric\Documents\cig-ads-image\data\images\BLUFACE_021022_0.png,Ad images for Yiqun/Blu/Blu Facebook/Facebook 2022/BluFace_021022_0.png,BluFace_021022_0,2022,1,0,0,0,0,0,0,0,0,0,0,0,0,0,0,0,1
BLUFACE_021023_0,C:\Users\Eric\Documents\cig-ads-image\data\images\BLUFACE_021023_0.png,Ad images for Yiqun/Blu/Blu Facebook/Facebook 2023/BluFace_021023_0.png,BluFace_021023_0,2023,1,1,0,0,0,0,0,0,0,0,0,0,0,0,0,0,1
BLUFACE_021122_0,C:\Users\Eric\Documents\cig-ads-image\data\images\BLUFACE_021122_0.png,Ad images for Yiqun/Blu/Blu Facebook/Facebook 2022/BluFace_021122_0.png,BluFace_021122_0,2022,1,0,0,0,0,0,0,1,0,0,0,0,0,0,0,0,1
BLUFACE_021123_0,C:\Users\Eric\Documents\cig-ads-image\data\images\BLUFACE_021123_0.png,Ad images for Yiqun/Blu/Blu Facebook/Facebook 2023/BluFace_021123_0.png,BluFace_021123_0,2023,1,0,0,0,0,0,0,0,0,0,0,0,0,1,0,0,1
BLUFACE_021221_0,C:\Users\Eric\Documents\cig-ads-image\data\images\BLUFACE_021221_0.png,Ad images for Yiqun/Blu/Blu Facebook/Facebook 2021/BluFace_021221_0.png,BluFace_021221_0,2021,1,0,0,0,0,0,0,0,0,0,0,0,0,0,0,1,1
BLUFACE_021222_0,C:\Users\Eric\Documents\cig-ads-image\data\images\BLUFACE_021222_0.png,Ad images for Yiqun/Blu/Blu Facebook/Facebook 2022/BluFace_021222_0.png,BluFace_021222_0,2022,1,1,0,0,0,0,0,0,0,0,0,0,0,0,0,0,1
BLUFACE_021321_0,C:\Users\Eric\Documents\cig-ads-image\data\images\BLUFACE_021321_0.png,Ad images for Yiqun/Blu/Blu Facebook/Facebook 2021/BluFace_021321_0.png,BluFace_021321_0,2021,1,0,0,0,0,0,0,0,0,0,0,0,0,0,0,0,1
BLUFACE_021322_0,C:\Users\Eric\Documents\cig-ads-image\data\images\BLUFACE_021322_0.png,Ad images for Yiqun/Blu/Blu Facebook/Facebook 2022/BluFace_021322_0.png,BluFace_021322_0,2022,1,0,0,0,0,0,0,0,0,0,0,0,0,0,0,0,1
BLUFACE_021421_0,C:\Users\Eric\Documents\cig-ads-image\data\images\BLUFACE_021421_0.png,Ad images for Yiqun/Blu/Blu Facebook/Facebook 2021/BluFace_021421_0.png,BluFace_021421_0,2021,1,0,0,0,0,0,0,0,0,0,0,0,0,0,0,0,1
BLUFACE_021423_0,C:\Users\Eric\Documents\cig-ads-image\data\images\BLUFACE_021423_0.png,Ad images for Yiqun/Blu/Blu Facebook/Facebook 2023/BluFace_021423_0.png,BluFace_021423_0,2023,1,0,0,0,0,0,0,0,0,0,0,0,0,0,0,0,1
BLUFACE_021521_0,C:\Users\Eric\Documents\cig-ads-image\data\images\BLUFACE_021521_0.png,Ad images for Yiqun/Blu/Blu Facebook/Facebook 2021/BluFace_021521_0.png,BluFace_021521_0,2021,1,0,0,0,0,0,0,0,0,0,0,0,0,0,0,0,1
BLUFACE_021522_0,C:\Users\Eric\Documents\cig-ads-image\data\images\BLUFACE_021522_0.png,Ad images for Yiqun/Blu/Blu Facebook/Facebook 2022/BluFace_021522_0.png,BluFace_021522_0,2022,1,1,0,0,0,0,0,0,0,0,0,0,0,0,0,0,1
BLUFACE_021621_0,C:\Users\Eric\Documents\cig-ads-image\data\images\BLUFACE_021621_0.png,Ad images for Yiqun/Blu/Blu Facebook/Facebook 2021/BluFace_021621_0.png,BluFace_021621_0,2021,1,0,0,0,0,0,0,0,0,0,0,0,0,0,0,0,1
BLUFACE_021622_0,C:\Users\Eric\Documents\cig-ads-image\data\images\BLUFACE_021622_0.png,Ad images for Yiqun/Blu/Blu Facebook/Facebook 2022/BluFace_021622_0.png,BluFace_021622_0,2022,1,0,0,0,0,0,0,0,0,0,0,0,0,0,0,0,1
BLUFACE_021623_0,C:\Users\Eric\Documents\cig-ads-image\data\images\BLUFACE_021623_0.png,Ad images for Yiqun/Blu/Blu Facebook/Facebook 2023/BluFace_021623_0.png,BluFace_021623_0,2023,1,1,0,0,0,0,0,0,0,0,0,0,0,0,0,0,1
BLUFACE_021721_0,C:\Users\Eric\Documents\cig-ads-image\data\images\BLUFACE_021721_0.png,Ad images for Yiqun/Blu/Blu Facebook/Facebook 2021/BluFace_021721_0.png,BluFace_021721_0,2021,1,0,0,0,0,0,0,0,0,0,0,0,0,0,0,0,1
BLUFACE_021722_0,C:\Users\Eric\Documents\cig-ads-image\data\images\BLUFACE_021722_0.png,Ad images for Yiqun/Blu/Blu Facebook/Facebook 2022/BluFace_021722_0.png,BluFace_021722_0,2022,1,0,0,0,0,0,0,0,0,0,0,0,0,0,0,0,0
BLUFACE_021723_0,C:\Users\Eric\Documents\cig-ads-image\data\images\BLUFACE_021723_0.png,Ad images for Yiqun/Blu/Blu Facebook/Facebook 2023/BluFace_021723_0.png,BluFace_021723_0,2023,1,0,0,0,0,0,0,0,0,0,0,0,0,0,0,0,1
BLUFACE_021822_0,C:\Users\Eric\Documents\cig-ads-image\data\images\BLUFACE_021822_0.png,Ad images for Yiqun/Blu/Blu Facebook/Facebook 2022/BluFace_021822_0.png,BluFace_021822_0,2022,1,0,0,0,0,0,0,0,0,0,0,0,0,0,0,0,1
BLUFACE_021823_0,C:\Users\Eric\Documents\cig-ads-image\data\images\BLUFACE_021823_0.png,Ad images for Yiqun/Blu/Blu Facebook/Facebook 2023/BluFace_021823_0.png,BluFace_021823_0,2023,1,1,0,0,0,0,0,0,0,0,0,0,0,0,0,0,1
BLUFACE_021921_0,C:\Users\Eric\Documents\cig-ads-image\data\images\BLUFACE_021921_0.png,Ad images for Yiqun/Blu/Blu Facebook/Facebook 2021/BluFace_021921_0.png,BluFace_021921_0,2021,1,0,0,0,0,0,0,0,0,0,0,0,0,0,0,0,1
BLUFACE_021922_0,C:\Users\Eric\Documents\cig-ads-image\data\images\BLUFACE_021922_0.png,Ad images for Yiqun/Blu/Blu Facebook/Facebook 2022/BluFace_021922_0.png,BluFace_021922_0,2022,1,0,0,0,0,0,1,1,0,0,0,0,0,0,0,0,1
BLUFACE_022021_0,C:\Users\Eric\Documents\cig-ads-image\data\images\BLUFACE_022021_0.png,Ad images for Yiqun/Blu/Blu Facebook/Facebook 2021/BluFace_022021_0.png,BluFace_022021_0,2021,1,0,0,0,0,0,0,0,0,0,0,0,0,0,0,0,1
BLUFACE_022123_0,C:\Users\Eric\Documents\cig-ads-image\data\images\BLUFACE_022123_0.png,Ad images for Yiqun/Blu/Blu Facebook/Facebook 2023/BluFace_022123_0.png,BluFace_022123_0,2023,1,0,0,0,0,0,0,0,0,0,0,0,0,0,0,0,1
BLUFACE_022221_0,C:\Users\Eric\Documents\cig-ads-image\data\images\BLUFACE_022221_0.png,Ad images for Yiqun/Blu/Blu Facebook/Facebook 2021/BluFace_022221_0.png,BluFace_022221_0,2021,1,0,0,0,0,0,0,0,0,0,0,0,0,0,0,0,1
BLUFACE_022222_0,C:\Users\Eric\Documents\cig-ads-image\data\images\BLUFACE_022222_0.png,Ad images for Yiqun/Blu/Blu Facebook/Facebook 2022/BluFace_022222_0.png,BluFace_022222_0,2022,1,0,0,0,0,0,0,0,0,0,0,0,0,0,0,0,1
BLUFACE_022321_0,C:\Users\Eric\Documents\cig-ads-image\data\images\BLUFACE_022321_0.png,Ad images for Yiqun/Blu/Blu Facebook/Facebook 2021/BluFace_022321_0.png,BluFace_022321_0,2021,1,0,0,0,0,0,0,0,0,0,0,0,0,0,0,0,1
BLUFACE_022322_0,C:\Users\Eric\Documents\cig-ads-image\data\images\BLUFACE_022322_0.png,Ad images for Yiqun/Blu/Blu Facebook/Facebook 2022/BluFace_022322_0.png,BluFace_022322_0,2022,1,0,0,0,0,0,0,0,0,0,0,0,0,0,0,0,0
BLUFACE_022421_0,C:\Users\Eric\Documents\cig-ads-image\data\images\BLUFACE_022421_0.png,Ad images for Yiqun/Blu/Blu Facebook/Facebook 2021/BluFace_022421_0.png,BluFace_022421_0,2021,1,0,0,0,0,0,0,0,0,0,0,0,0,0,0,0,1
BLUFACE_022422_0,C:\Users\Eric\Documents\cig-ads-image\data\images\BLUFACE_022422_0.png,Ad images for Yiqun/Blu/Blu Facebook/Facebook 2022/BluFace_022422_0.png,BluFace_022422_0,2022,1,0,0,0,0,0,1,1,0,0,0,0,0,0,0,0,1
BLUFACE_022423_0,C:\Users\Eric\Documents\cig-ads-image\data\images\BLUFACE_022423_0.png,Ad images for Yiqun/Blu/Blu Facebook/Facebook 2023/BluFace_022423_0.png,BluFace_022423_0,2023,1,1,0,0,0,0,0,0,0,0,0,0,0,0,0,0,1
BLUFACE_022521_0,C:\Users\Eric\Documents\cig-ads-image\data\images\BLUFACE_022521_0.png,Ad images for Yiqun/Blu/Blu Facebook/Facebook 2021/BluFace_022521_0.png,BluFace_022521_0,2021,1,0,0,0,0,0,0,0,0,0,0,0,0,0,0,0,1
BLUFACE_022522_0,C:\Users\Eric\Documents\cig-ads-image\data\images\BLUFACE_022522_0.png,Ad images for Yiqun/Blu/Blu Facebook/Facebook 2022/BluFace_022522_0.png,BluFace_022522_0,2022,1,0,0,0,0,0,0,0,1,0,0,0,0,0,0,0,1
BLUFACE_022621_0,C:\Users\Eric\Documents\cig-ads-image\data\images\BLUFACE_022621_0.png,Ad images for Yiqun/Blu/Blu Facebook/Facebook 2021/BluFace_022621_0.png,BluFace_022621_0,2021,1,0,0,0,0,0,0,0,0,0,0,0,0,0,0,0,1
BLUFACE_022622_0,C:\Users\Eric\Documents\cig-ads-image\data\images\BLUFACE_022622_0.png,Ad images for Yiqun/Blu/Blu Facebook/Facebook 2022/BluFace_022622_0.png,BluFace_022622_0,2022,1,0,0,0,0,0,0,0,0,0,0,0,0,0,0,0,1
BLUFACE_022623_0,C:\Users\Eric\Documents\cig-ads-image\data\images\BLUFACE_022623_0.png,Ad images for Yiqun/Blu/Blu Facebook/Facebook 2023/BluFace_022623_0.png,BluFace_022623_0,2023,1,0,0,0,0,0,0,0,0,0,0,0,0,0,0,0,1
BLUFACE_022721_0,C:\Users\Eric\Documents\cig-ads-image\data\images\BLUFACE_022721_0.png,Ad images for Yiqun/Blu/Blu Facebook/Facebook 2021/BluFace_022721_0.png,BluFace_022721_0,2021,1,0,0,0,0,0,0,0,0,0,0,0,0,0,0,0,1
BLUFACE_022821_0,C:\Users\Eric\Documents\cig-ads-image\data\images\BLUFACE_022821_0.png,Ad images for Yiqun/Blu/Blu Facebook/Facebook 2021/BluFace_022821_0.png,BluFace_022821_0,2021,1,0,0,0,0,0,0,0,0,0,0,0,0,0,0,0,1
BLUFACE_022822_0,C:\Users\Eric\Documents\cig-ads-image\data\images\BLUFACE_022822_0.png,Ad images for Yiqun/Blu/Blu Facebook/Facebook 2022/BluFace_022822_0.png,BluFace_022822_0,2022,1,0,0,0,0,0,0,0,0,0,0,0,0,0,0,0,0
BLUFACE_030121_0,C:\Users\Eric\Documents\cig-ads-image\data\images\BLUFACE_030121_0.png,Ad images for Yiqun/Blu/Blu Facebook/Facebook 2021/BluFace_030121_0.png,BluFace_030121_0,2021,1,0,0,0,0,0,0,0,0,0,0,0,0,0,0,0,1
BLUFACE_030122_0,C:\Users\Eric\Documents\cig-ads-image\data\images\BLUFACE_030122_0.png,Ad images for Yiqun/Blu/Blu Facebook/Facebook 2022/BluFace_030122_0.png,BluFace_030122_0,2022,1,0,0,0,0,0,0,0,0,0,0,0,0,0,0,0,1
BLUFACE_030123_0,C:\Users\Eric\Documents\cig-ads-image\data\images\BLUFACE_030123_0.png,Ad images for Yiqun/Blu/Blu Facebook/Facebook 2023/BluFace_030123_0.png,BluFace_030123_0,2023,1,0,1,0,0,0,0,0,0,0,0,0,0,0,0,0,1
BLUFACE_030221_0,C:\Users\Eric\Documents\cig-ads-image\data\images\BLUFACE_030221_0.png,Ad images for Yiqun/Blu/Blu Facebook/Facebook 2021/BluFace_030221_0.png,BluFace_030221_0,2021,1,0,0,0,0,0,0,0,0,0,0,0,0,0,0,0,1
BLUFACE_030222_0,C:\Users\Eric\Documents\cig-ads-image\data\images\BLUFACE_030222_0.png,Ad images for Yiqun/Blu/Blu Facebook/Facebook 2022/BluFace_030222_0.png,BluFace_030222_0,2022,1,0,0,0,0,0,1,0,0,0,0,0,0,0,0,0,1
BLUFACE_030223_0,C:\Users\Eric\Documents\cig-ads-image\data\images\BLUFACE_030223_0.png,Ad images for Yiqun/Blu/Blu Facebook/Facebook 2023/BluFace_030223_0.png,BluFace_030223_0,2023,1,0,0,0,0,0,0,0,0,0,0,0,0,0,0,0,1
BLUFACE_030321_0,C:\Users\Eric\Documents\cig-ads-image\data\images\BLUFACE_030321_0.png,Ad images for Yiqun/Blu/Blu Facebook/Facebook 2021/BluFace_030321_0.png,BluFace_030321_0,2021,1,0,0,0,0,0,1,0,0,0,0,0,0,0,0,0,1
BLUFACE_030323_0,C:\Users\Eric\Documents\cig-ads-image\data\images\BLUFACE_030323_0.png,Ad images for Yiqun/Blu/Blu Facebook/Facebook 2023/BluFace_030323_0.png,BluFace_030323_0,2023,1,0,0,0,0,0,0,0,0,0,0,0,0,0,0,0,1
BLUFACE_030422_0,C:\Users\Eric\Documents\cig-ads-image\data\images\BLUFACE_030422_0.png,Ad images for Yiqun/Blu/Blu Facebook/Facebook 2022/BluFace_030422_0.png,BluFace_030422_0,2022,1,0,0,0,0,0,0,0,0,0,0,0,0,0,0,0,1
BLUFACE_030423_0,C:\Users\Eric\Documents\cig-ads-image\data\images\BLUFACE_030423_0.png,Ad images for Yiqun/Blu/Blu Facebook/Facebook 2023/BluFace_030423_0.png,BluFace_030423_0,2023,1,0,0,0,0,0,0,0,0,0,0,0,0,0,0,0,1
BLUFACE_030521_0,C:\Users\Eric\Documents\cig-ads-image\data\images\BLUFACE_030521_0.png,Ad images for Yiqun/Blu/Blu Facebook/Facebook 2021/BluFace_030521_0.png,BluFace_030521_0,2021,1,0,0,0,0,0,0,0,0,0,0,0,0,0,0,0,1
BLUFACE_030522_0,C:\Users\Eric\Documents\cig-ads-image\data\images\BLUFACE_030522_0.png,Ad images for Yiqun/Blu/Blu Facebook/Facebook 2022/BluFace_030522_0.png,BluFace_030522_0,2022,1,0,0,0,0,0,0,0,0,0,0,0,0,0,0,0,0
BLUFACE_030621_0,C:\Users\Eric\Documents\cig-ads-image\data\images\BLUFACE_030621_0.png,Ad images for Yiqun/Blu/Blu Facebook/Facebook 2021/BluFace_030621_0.png,BluFace_030621_0,2021,1,0,0,0,0,0,0,0,0,0,0,0,0,0,0,0,1
BLUFACE_030721_0,C:\Users\Eric\Documents\cig-ads-image\data\images\BLUFACE_030721_0.png,Ad images for Yiqun/Blu/Blu Facebook/Facebook 2021/BluFace_030721_0.png,BluFace_030721_0,2021,1,0,0,0,0,0,0,0,0,0,0,0,0,0,0,0,1
BLUFACE_030723_0,C:\Users\Eric\Documents\cig-ads-image\data\images\BLUFACE_030723_0.png,Ad images for Yiqun/Blu/Blu Facebook/Facebook 2023/BluFace_030723_0.png,BluFace_030723_0,2023,1,0,0,0,0,0,0,0,0,0,0,0,0,0,0,0,1
BLUFACE_030821_0,C:\Users\Eric\Documents\cig-ads-image\data\images\BLUFACE_030821_0.png,Ad images for Yiqun/Blu/Blu Facebook/Facebook 2021/BluFace_030821_0.png,BluFace_030821_0,2021,1,0,0,0,0,0,0,0,0,0,0,0,0,0,0,0,1
BLUFACE_030822_0,C:\Users\Eric\Documents\cig-ads-image\data\images\BLUFACE_030822_0.png,Ad images for Yiqun/Blu/Blu Facebook/Facebook 2022/BluFace_030822_0.png,BluFace_030822_0,2022,1,0,0,0,0,0,0,0,0,0,0,0,0,0,0,0,1
BLUFACE_030823_0,C:\Users\Eric\Documents\cig-ads-image\data\images\BLUFACE_030823_0.png,Ad images for Yiqun/Blu/Blu Facebook/Facebook 2023/BluFace_030823_0.png,BluFace_030823_0,2023,1,0,0,0,0,0,0,0,0,0,0,0,0,0,0,0,1
BLUFACE_030922_0,C:\Users\Eric\Documents\cig-ads-image\data\images\BLUFACE_030922_0.png,Ad images for Yiqun/Blu/Blu Facebook/Facebook 2022/BluFace_030922_0.png,BluFace_030922_0,2022,1,0,0,0,0,0,1,0,0,0,0,0,0,0,0,0,1
BLUFACE_030923_0,C:\Users\Eric\Documents\cig-ads-image\data\images\BLUFACE_030923_0.png,Ad images for Yiqun/Blu/Blu Facebook/Facebook 2023/BluFace_030923_0.png,BluFace_030923_0,2023,1,1,0,0,0,0,0,0,0,0,0,0,0,1,0,0,1
BLUFACE_031021_0,C:\Users\Eric\Documents\cig-ads-image\data\images\BLUFACE_031021_0.png,Ad images for Yiqun/Blu/Blu Facebook/Facebook 2021/BluFace_031021_0.png,BluFace_031021_0,2021,1,0,0,0,0,0,0,0,0,0,0,0,0,0,0,0,1
BLUFACE_031023_0,C:\Users\Eric\Documents\cig-ads-image\data\images\BLUFACE_031023_0.png,Ad images for Yiqun/Blu/Blu Facebook/Facebook 2023/BluFace_031023_0.png,BluFace_031023_0,2023,1,0,0,0,0,0,0,0,0,0,0,0,0,0,0,0,1
BLUFACE_031122_0,C:\Users\Eric\Documents\cig-ads-image\data\images\BLUFACE_031122_0.png,Ad images for Yiqun/Blu/Blu Facebook/Facebook 2022/BluFace_031122_0.png,BluFace_031122_0,2022,1,0,0,0,0,0,0,0,0,0,0,0,0,0,0,0,1
BLUFACE_031123_0,C:\Users\Eric\Documents\cig-ads-image\data\images\BLUFACE_031123_0.png,Ad images for Yiqun/Blu/Blu Facebook/Facebook 2023/BluFace_031123_0.png,BluFace_031123_0,2023,1,0,0,0,0,0,0,0,0,0,0,0,0,0,0,0,1
BLUFACE_031221_0,C:\Users\Eric\Documents\cig-ads-image\data\images\BLUFACE_031221_0.png,Ad images for Yiqun/Blu/Blu Facebook/Facebook 2021/BluFace_031221_0.png,BluFace_031221_0,2021,1,0,0,0,0,0,0,0,0,0,0,0,0,0,0,0,1
BLUFACE_031222_0,C:\Users\Eric\Documents\cig-ads-image\data\images\BLUFACE_031222_0.png,Ad images for Yiqun/Blu/Blu Facebook/Facebook 2022/BluFace_031222_0.png,BluFace_031222_0,2022,1,0,0,0,0,0,0,0,0,0,0,0,0,0,0,0,1
BLUFACE_031321_0,C:\Users\Eric\Documents\cig-ads-image\data\images\BLUFACE_031321_0.png,Ad images for Yiqun/Blu/Blu Facebook/Facebook 2021/BluFace_031321_0.png,BluFace_031321_0,2021,1,0,0,0,0,0,0,0,0,0,0,0,0,0,0,0,1
BLUFACE_031322_0,C:\Users\Eric\Documents\cig-ads-image\data\images\BLUFACE_031322_0.png,Ad images for Yiqun/Blu/Blu Facebook/Facebook 2022/BluFace_031322_0.png,BluFace_031322_0,2022,1,0,0,0,0,0,0,0,0,0,0,0,0,0,0,0,1
BLUFACE_031421_0,C:\Users\Eric\Documents\cig-ads-image\data\images\BLUFACE_031421_0.png,Ad images for Yiqun/Blu/Blu Facebook/Facebook 2021/BluFace_031421_0.png,BluFace_031421_0,2021,1,0,0,0,0,0,0,0,0,0,0,0,0,0,0,0,1
BLUFACE_031422_0,C:\Users\Eric\Documents\cig-ads-image\data\images\BLUFACE_031422_0.png,Ad images for Yiqun/Blu/Blu Facebook/Facebook 2022/BluFace_031422_0.png,BluFace_031422_0,2022,1,0,0,0,0,0,0,0,0,0,0,0,0,0,0,0,1
BLUFACE_031423_0,C:\Users\Eric\Documents\cig-ads-image\data\images\BLUFACE_031423_0.png,Ad images for Yiqun/Blu/Blu Facebook/Facebook 2023/BluFace_031423_0.png,BluFace_031423_0,2023,1,0,0,0,0,0,0,0,0,0,0,0,0,0,0,0,1
BLUFACE_031521_0,C:\Users\Eric\Documents\cig-ads-image\data\images\BLUFACE_031521_0.png,Ad images for Yiqun/Blu/Blu Facebook/Facebook 2021/BluFace_031521_0.png,BluFace_031521_0,2021,1,0,0,0,0,0,0,0,0,0,0,0,0,0,0,0,1
BLUFACE_031523_0,C:\Users\Eric\Documents\cig-ads-image\data\images\BLUFACE_031523_0.png,Ad images for Yiqun/Blu/Blu Facebook/Facebook 2023/BluFace_031523_0.png,BluFace_031523_0,2023,1,0,0,0,0,0,0,0,0,0,0,0,0,0,0,0,1
BLUFACE_031621_0,C:\Users\Eric\Documents\cig-ads-image\data\images\BLUFACE_031621_0.png,Ad images for Yiqun/Blu/Blu Facebook/Facebook 2021/BluFace_031621_0.png,BluFace_031621_0,2021,1,0,0,0,0,0,0,0,0,0,0,0,0,0,0,0,1
BLUFACE_031622_0,C:\Users\Eric\Documents\cig-ads-image\data\images\BLUFACE_031622_0.png,Ad images for Yiqun/Blu/Blu Facebook/Facebook 2022/BluFace_031622_0.png,BluFace_031622_0,2022,1,0,0,0,0,0,0,0,0,0,0,0,0,0,0,0,1
BLUFACE_031623_0,C:\Users\Eric\Documents\cig-ads-image\data\images\BLUFACE_031623_0.png,Ad images for Yiqun/Blu/Blu Facebook/Facebook 2023/BluFace_031623_0.png,BluFace_031623_0,2023,1,0,0,0,0,0,0,0,0,0,0,0,0,0,0,0,1
BLUFACE_031721_0,C:\Users\Eric\Documents\cig-ads-image\data\images\BLUFACE_031721_0.png,Ad images for Yiqun/Blu/Blu Facebook/Facebook 2021/BluFace_031721_0.png,BluFace_031721_0,2021,1,0,0,0,0,0,0,0,0,0,0,0,0,0,0,0,1
BLUFACE_031722_0,C:\Users\Eric\Documents\cig-ads-image\data\images\BLUFACE_031722_0.png,Ad images for Yiqun/Blu/Blu Facebook/Facebook 2022/BluFace_031722_0.png,BluFace_031722_0,2022,1,0,0,0,0,0,0,0,0,0,0,0,0,0,0,0,1
BLUFACE_031723_0,C:\Users\Eric\Documents\cig-ads-image\data\images\BLUFACE_031723_0.png,Ad images for Yiqun/Blu/Blu Facebook/Facebook 2023/BluFace_031723_0.png,BluFace_031723_0,2023,1,0,0,0,0,0,0,0,0,0,0,0,0,0,0,0,1
BLUFACE_031822_0,C:\Users\Eric\Documents\cig-ads-image\data\images\BLUFACE_031822_0.png,Ad images for Yiqun/Blu/Blu Facebook/Facebook 2022/BluFace_031822_0.png,BluFace_031822_0,2022,1,0,0,0,0,0,1,0,0,0,0,0,0,0,0,0,1
BLUFACE_031823_0,C:\Users\Eric\Documents\cig-ads-image\data\images\BLUFACE_031823_0.png,Ad images for Yiqun/Blu/Blu Facebook/Facebook 2023/BluFace_031823_0.png,BluFace_031823_0,2023,1,0,0,0,0,0,0,0,0,0,0,0,0,0,0,0,1
BLUFACE_031921_0,C:\Users\Eric\Documents\cig-ads-image\data\images\BLUFACE_031921_0.png,Ad images for Yiqun/Blu/Blu Facebook/Facebook 2021/BluFace_031921_0A.png,BluFace_031921_0,2021,1,0,0,0,0,0,0,0,0,0,0,0,0,0,0,0,0
BLUFACE_031922_0,C:\Users\Eric\Documents\cig-ads-image\data\images\BLUFACE_031922_0.png,Ad images for Yiqun/Blu/Blu Facebook/Facebook 2022/BluFace_031922_0.png,BluFace_031922_0,2022,1,0,0,0,0,0,0,0,0,0,0,0,0,0,0,0,1
BLUFACE_032021_0,C:\Users\Eric\Documents\cig-ads-image\data\images\BLUFACE_032021_0.png,Ad images for Yiqun/Blu/Blu Facebook/Facebook 2021/BluFace_032021_0.png,BluFace_032021_0,2021,1,0,0,0,0,0,0,0,0,0,0,0,0,0,0,0,1
BLUFACE_032022_0,C:\Users\Eric\Documents\cig-ads-image\data\images\BLUFACE_032022_0.png,Ad images for Yiqun/Blu/Blu Facebook/Facebook 2022/BluFace_032022_0.png,BluFace_032022_0,2022,1,0,0,0,0,0,0,0,0,0,0,0,0,0,0,0,1
BLUFACE_032121_0,C:\Users\Eric\Documents\cig-ads-image\data\images\BLUFACE_032121_0.png,Ad images for Yiqun/Blu/Blu Facebook/Facebook 2021/BluFace_032121_0.png,BluFace_032121_0,2021,1,0,0,0,0,0,0,0,0,0,0,0,0,0,0,0,1
BLUFACE_032122_0,C:\Users\Eric\Documents\cig-ads-image\data\images\BLUFACE_032122_0.png,Ad images for Yiqun/Blu/Blu Facebook/Facebook 2022/BluFace_032122_0.png,BluFace_032122_0,2022,1,1,0,0,0,0,0,0,0,0,0,0,0,0,0,0,1
BLUFACE_032123_0,C:\Users\Eric\Documents\cig-ads-image\data\images\BLUFACE_032123_0.png,Ad images for Yiqun/Blu/Blu Facebook/Facebook 2023/BluFace_032123_0.png,BluFace_032123_0,2023,1,0,0,0,0,0,0,0,0,0,0,0,0,0,0,0,1
BLUFACE_032221_0,C:\Users\Eric\Documents\cig-ads-image\data\images\BLUFACE_032221_0.png,Ad images for Yiqun/Blu/Blu Facebook/Facebook 2021/BluFace_032221_0.png,BluFace_032221_0,2021,1,0,0,0,0,0,0,0,0,0,0,0,0,0,0,0,1
BLUFACE_032223_0,C:\Users\Eric\Documents\cig-ads-image\data\images\BLUFACE_032223_0.png,Ad images for Yiqun/Blu/Blu Facebook/Facebook 2023/BluFace_032223_0.png,BluFace_032223_0,2023,1,0,0,0,0,0,0,0,0,0,0,0,0,0,0,0,1
BLUFACE_032321_0,C:\Users\Eric\Documents\cig-ads-image\data\images\BLUFACE_032321_0.png,Ad images for Yiqun/Blu/Blu Facebook/Facebook 2021/BluFace_032321_0A.png,BluFace_032321_0,2021,1,0,0,0,0,0,0,0,0,0,0,0,0,0,0,0,1
BLUFACE_032322_0,C:\Users\Eric\Documents\cig-ads-image\data\images\BLUFACE_032322_0.png,Ad images for Yiqun/Blu/Blu Facebook/Facebook 2022/BluFace_032322_0.png,BluFace_032322_0,2022,1,0,0,0,0,0,0,0,0,0,0,0,0,1,0,0,1
BLUFACE_032323_0,C:\Users\Eric\Documents\cig-ads-image\data\images\BLUFACE_032323_0.png,Ad images for Yiqun/Blu/Blu Facebook/Facebook 2023/BluFace_032323_0.png,BluFace_032323_0,2023,1,0,0,0,0,0,0,0,0,0,0,0,0,0,0,0,1
BLUFACE_032421_0,C:\Users\Eric\Documents\cig-ads-image\data\images\BLUFACE_032421_0.png,Ad images for Yiqun/Blu/Blu Facebook/Facebook 2021/BluFace_032421_0.png,BluFace_032421_0,2021,1,0,0,0,0,0,0,0,0,0,0,0,0,0,0,0,1
BLUFACE_032422_0,C:\Users\Eric\Documents\cig-ads-image\data\images\BLUFACE_032422_0.png,Ad images for Yiqun/Blu/Blu Facebook/Facebook 2022/BluFace_032422_0.png,BluFace_032422_0,2022,1,0,0,0,0,0,0,0,0,0,0,0,0,0,0,0,1
BLUFACE_032423_0,C:\Users\Eric\Documents\cig-ads-image\data\images\BLUFACE_032423_0.png,Ad images for Yiqun/Blu/Blu Facebook/Facebook 2023/BluFace_032423_0.png,BluFace_032423_0,2023,1,0,0,0,0,0,0,0,0,0,0,0,0,0,0,0,1
BLUFACE_032521_0,C:\Users\Eric\Documents\cig-ads-image\data\images\BLUFACE_032521_0.png,Ad images for Yiqun/Blu/Blu Facebook/Facebook 2021/BluFace_032521_0.png,BluFace_032521_0,2021,1,0,0,0,0,0,0,0,0,0,0,0,0,0,0,0,1
BLUFACE_032522_0,C:\Users\Eric\Documents\cig-ads-image\data\images\BLUFACE_032522_0.png,Ad images for Yiqun/Blu/Blu Facebook/Facebook 2022/BluFace_032522_0.png,BluFace_032522_0,2022,1,0,0,0,0,0,0,0,0,0,0,0,0,0,0,0,1
BLUFACE_032523_0,C:\Users\Eric\Documents\cig-ads-image\data\images\BLUFACE_032523_0.png,Ad images for Yiqun/Blu/Blu Facebook/Facebook 2023/BluFace_032523_0.png,BluFace_032523_0,2023,1,0,0,0,0,0,0,0,0,0,0,0,0,0,0,0,1
BLUFACE_032621_0,C:\Users\Eric\Documents\cig-ads-image\data\images\BLUFACE_032621_0.png,Ad images for Yiqun/Blu/Blu Facebook/Facebook 2021/BluFace_032621_0.png,BluFace_032621_0,2021,1,0,0,0,0,0,0,0,0,0,0,0,0,0,0,0,1
BLUFACE_032622_0,C:\Users\Eric\Documents\cig-ads-image\data\images\BLUFACE_032622_0.png,Ad images for Yiqun/Blu/Blu Facebook/Facebook 2022/BluFace_032622_0.png,BluFace_032622_0,2022,1,0,0,0,0,0,0,0,0,0,0,0,0,0,0,0,1
BLUFACE_032721_0,C:\Users\Eric\Documents\cig-ads-image\data\images\BLUFACE_032721_0.png,Ad images for Yiqun/Blu/Blu Facebook/Facebook 2021/BluFace_032721_0.png,BluFace_032721_0,2021,1,0,0,0,0,0,0,0,0,0,0,0,0,0,0,0,1
BLUFACE_032722_0,C:\Users\Eric\Documents\cig-ads-image\data\images\BLUFACE_032722_0.png,Ad images for Yiqun/Blu/Blu Facebook/Facebook 2022/BluFace_032722_0.png,BluFace_032722_0,2022,1,0,0,0,0,0,1,0,0,0,0,0,0,0,0,0,1
BLUFACE_032821_0,C:\Users\Eric\Documents\cig-ads-image\data\images\BLUFACE_032821_0.png,Ad images for Yiqun/Blu/Blu Facebook/Facebook 2021/BluFace_032821_0.png,BluFace_032821_0,2021,1,0,0,0,0,0,0,0,0,0,0,0,0,0,0,0,1
BLUFACE_032823_0,C:\Users\Eric\Documents\cig-ads-image\data\images\BLUFACE_032823_0.png,Ad images for Yiqun/Blu/Blu Facebook/Facebook 2023/BluFace_032823_0.png,BluFace_032823_0,2023,1,0,0,0,0,0,0,0,0,0,0,0,0,0,0,0,1
BLUFACE_032921_0,C:\Users\Eric\Documents\cig-ads-image\data\images\BLUFACE_032921_0.png,Ad images for Yiqun/Blu/Blu Facebook/Facebook 2021/BluFace_032921_0.png,BluFace_032921_0,2021,1,0,0,0,0,0,0,1,0,0,0,0,0,0,0,0,1
BLUFACE_032923_0,C:\Users\Eric\Documents\cig-ads-image\data\images\BLUFACE_032923_0.png,Ad images for Yiqun/Blu/Blu Facebook/Facebook 2023/BluFace_032923_0.png,BluFace_032923_0,2023,1,0,0,0,0,0,0,0,0,0,0,0,0,0,0,0,1
BLUFACE_033021_0,C:\Users\Eric\Documents\cig-ads-image\data\images\BLUFACE_033021_0.png,Ad images for Yiqun/Blu/Blu Facebook/Facebook 2021/BluFace_033021_0.png,BluFace_033021_0,2021,1,0,0,0,0,0,0,0,0,0,0,0,0,0,0,0,1
BLUFACE_033022_0,C:\Users\Eric\Documents\cig-ads-image\data\images\BLUFACE_033022_0.png,Ad images for Yiqun/Blu/Blu Facebook/Facebook 2022/BluFace_033022_0.png,BluFace_033022_0,2022,1,0,0,0,0,0,1,0,0,0,0,0,0,0,0,0,1
BLUFACE_033023_0,C:\Users\Eric\Documents\cig-ads-image\data\images\BLUFACE_033023_0.png,Ad images for Yiqun/Blu/Blu Facebook/Facebook 2023/BluFace_033023_0.png,BluFace_033023_0,2023,1,1,0,0,0,0,0,0,0,0,0,0,0,0,0,0,1
BLUFACE_033121_0,C:\Users\Eric\Documents\cig-ads-image\data\images\BLUFACE_033121_0.png,Ad images for Yiqun/Blu/Blu Facebook/Facebook 2021/BluFace_033121_0.png,BluFace_033121_0,2021,1,0,0,0,0,0,0,0,0,0,0,0,0,0,0,0,1
BLUFACE_033123_0,C:\Users\Eric\Documents\cig-ads-image\data\images\BLUFACE_033123_0.png,Ad images for Yiqun/Blu/Blu Facebook/Facebook 2023/BluFace_033123_0.png,BluFace_033123_0,2023,1,0,0,0,0,0,0,0,0,0,0,0,0,0,0,0,1
BLUFACE_040122_0,C:\Users\Eric\Documents\cig-ads-image\data\images\BLUFACE_040122_0.png,Ad images for Yiqun/Blu/Blu Facebook/Facebook 2022/BluFace_040122_0.png,BluFace_040122_0,2022,1,0,0,0,0,0,0,0,0,0,0,0,0,0,0,0,1
BLUFACE_040122_1,C:\Users\Eric\Documents\cig-ads-image\data\images\BLUFACE_040122_1.png,Ad images for Yiqun/Blu/Blu Facebook/Facebook 2022/BluFace_040122_1.png,BluFace_040122_1,2022,1,0,0,0,0,0,0,0,0,0,0,0,0,0,0,0,1
BLUFACE_040221_0,C:\Users\Eric\Documents\cig-ads-image\data\images\BLUFACE_040221_0.png,Ad images for Yiqun/Blu/Blu Facebook/Facebook 2021/BluFace_040221_0.png,BluFace_040221_0,2021,1,0,0,0,0,0,0,0,0,0,0,0,0,0,0,0,1
BLUFACE_040222_0,C:\Users\Eric\Documents\cig-ads-image\data\images\BLUFACE_040222_0.png,Ad images for Yiqun/Blu/Blu Facebook/Facebook 2022/BluFace_040222_0.png,BluFace_040222_0,2022,1,0,0,0,0,0,0,0,0,0,0,0,0,0,0,0,0
BLUFACE_040321_0,C:\Users\Eric\Documents\cig-ads-image\data\images\BLUFACE_040321_0.png,Ad images for Yiqun/Blu/Blu Facebook/Facebook 2021/BluFace_040321_0.png,BluFace_040321_0,2021,1,0,0,0,0,0,0,0,0,0,0,0,1,0,0,0,1
BLUFACE_040322_0,C:\Users\Eric\Documents\cig-ads-image\data\images\BLUFACE_040322_0.png,Ad images for Yiqun/Blu/Blu Facebook/Facebook 2022/BluFace_040322_0.png,BluFace_040322_0,2022,1,0,0,0,0,0,0,0,0,0,0,0,0,0,0,0,1
BLUFACE_040522_0,C:\Users\Eric\Documents\cig-ads-image\data\images\BLUFACE_040522_0.png,Ad images for Yiqun/Blu/Blu Facebook/Facebook 2022/BluFace_040522_0.png,BluFace_040522_0,2022,1,0,0,1,0,0,0,0,0,0,0,0,0,0,0,0,1
BLUFACE_040523_0,C:\Users\Eric\Documents\cig-ads-image\data\images\BLUFACE_040523_0.png,Ad images for Yiqun/Blu/Blu Facebook/Facebook 2023/BluFace_040523_0.png,BluFace_040523_0,2023,1,0,0,0,0,0,0,0,0,0,0,0,0,0,0,0,1
BLUFACE_040621_0,C:\Users\Eric\Documents\cig-ads-image\data\images\BLUFACE_040621_0.png,Ad images for Yiqun/Blu/Blu Facebook/Facebook 2021/BluFace_040621_0.png,BluFace_040621_0,2021,1,0,0,0,0,0,0,0,0,0,0,0,0,0,0,0,1
BLUFACE_040622_0,C:\Users\Eric\Documents\cig-ads-image\data\images\BLUFACE_040622_0.png,Ad images for Yiqun/Blu/Blu Facebook/Facebook 2022/BluFace_040622_0.png,BluFace_040622_0,2022,1,0,0,0,0,0,0,0,0,0,0,0,0,0,0,0,1
BLUFACE_040623_0,C:\Users\Eric\Documents\cig-ads-image\data\images\BLUFACE_040623_0.png,Ad images for Yiqun/Blu/Blu Facebook/Facebook 2023/BluFace_040623_0.png,BluFace_040623_0,2023,1,0,0,0,0,0,0,0,0,0,0,0,0,0,0,0,1
BLUFACE_040721_0,C:\Users\Eric\Documents\cig-ads-image\data\images\BLUFACE_040721_0.png,Ad images for Yiqun/Blu/Blu Facebook/Facebook 2021/BluFace_040721_0.png,BluFace_040721_0,2021,1,0,0,0,0,0,0,0,0,0,0,0,0,0,0,0,1
BLUFACE_040723_0,C:\Users\Eric\Documents\cig-ads-image\data\images\BLUFACE_040723_0.png,Ad images for Yiqun/Blu/Blu Facebook/Facebook 2023/BluFace_040723_0.png,BluFace_040723_0,2023,1,0,0,0,0,0,0,0,0,0,0,0,0,0,0,0,1
BLUFACE_040822_0,C:\Users\Eric\Documents\cig-ads-image\data\images\BLUFACE_040822_0.png,Ad images for Yiqun/Blu/Blu Facebook/Facebook 2022/BluFace_040822_0.png,BluFace_040822_0,2022,1,0,0,0,0,0,0,0,0,0,0,0,0,0,0,0,1
BLUFACE_040823_0,C:\Users\Eric\Documents\cig-ads-image\data\images\BLUFACE_040823_0.png,Ad images for Yiqun/Blu/Blu Facebook/Facebook 2023/BluFace_040823_0.png,BluFace_040823_0,2023,1,0,0,0,0,0,0,0,0,0,0,0,0,0,0,0,1
BLUFACE_040921_0,C:\Users\Eric\Documents\cig-ads-image\data\images\BLUFACE_040921_0.png,Ad images for Yiqun/Blu/Blu Facebook/Facebook 2021/BluFace_040921_0.png,BluFace_040921_0,2021,1,0,0,0,0,0,0,0,0,0,0,0,0,0,0,0,1
BLUFACE_041021_0,C:\Users\Eric\Documents\cig-ads-image\data\images\BLUFACE_041021_0.png,Ad images for Yiqun/Blu/Blu Facebook/Facebook 2021/BluFace_041021_0.png,BluFace_041021_0,2021,1,0,0,0,0,0,0,0,0,0,0,0,0,0,0,0,1
BLUFACE_041022_0,C:\Users\Eric\Documents\cig-ads-image\data\images\BLUFACE_041022_0.png,Ad images for Yiqun/Blu/Blu Facebook/Facebook 2022/BluFace_041022_0.png,BluFace_041022_0,2022,1,0,0,0,0,0,0,0,0,0,0,0,0,0,0,0,1
BLUFACE_041121_0,C:\Users\Eric\Documents\cig-ads-image\data\images\BLUFACE_041121_0.png,Ad images for Yiqun/Blu/Blu Facebook/Facebook 2021/BluFace_041121_0.png,BluFace_041121_0,2021,1,0,0,0,0,0,0,0,0,0,0,0,0,0,0,0,1
BLUFACE_041123_0,C:\Users\Eric\Documents\cig-ads-image\data\images\BLUFACE_041123_0.png,Ad images for Yiqun/Blu/Blu Facebook/Facebook 2023/BluFace_041123_0.png,BluFace_041123_0,2023,1,0,0,0,0,0,0,0,0,0,0,0,0,0,0,0,1
BLUFACE_041221_0,C:\Users\Eric\Documents\cig-ads-image\data\images\BLUFACE_041221_0.png,Ad images for Yiqun/Blu/Blu Facebook/Facebook 2021/BluFace_041221_0.png,BluFace_041221_0,2021,1,0,0,0,0,0,0,0,0,0,0,0,0,1,0,0,1
BLUFACE_041222_0,C:\Users\Eric\Documents\cig-ads-image\data\images\BLUFACE_041222_0.png,Ad images for Yiqun/Blu/Blu Facebook/Facebook 2022/BluFace_041222_0.png,BluFace_041222_0,2022,1,0,0,0,0,0,0,0,0,0,0,0,0,0,0,0,1
BLUFACE_041223_0,C:\Users\Eric\Documents\cig-ads-image\data\images\BLUFACE_041223_0.png,Ad images for Yiqun/Blu/Blu Facebook/Facebook 2023/BluFace_041223_0.png,BluFace_041223_0,2023,1,0,1,0,0,0,0,0,0,0,0,0,0,1,0,0,1
BLUFACE_041321_0,C:\Users\Eric\Documents\cig-ads-image\data\images\BLUFACE_041321_0.png,Ad images for Yiqun/Blu/Blu Facebook/Facebook 2021/BluFace_041321_0.png,BluFace_041321_0,2021,1,0,0,0,0,0,0,0,0,0,0,0,0,0,0,0,1
BLUFACE_041322_0,C:\Users\Eric\Documents\cig-ads-image\data\images\BLUFACE_041322_0.png,Ad images for Yiqun/Blu/Blu Facebook/Facebook 2022/BluFace_041322_0.png,BluFace_041322_0,2022,1,0,0,0,0,0,0,0,0,0,0,0,0,0,0,0,1
BLUFACE_041323_0,C:\Users\Eric\Documents\cig-ads-image\data\images\BLUFACE_041323_0.png,Ad images for Yiqun/Blu/Blu Facebook/Facebook 2023/BluFace_041323_0.png,BluFace_041323_0,2023,1,0,0,0,0,0,0,0,0,0,0,0,0,0,0,0,1
BLUFACE_041421_0,C:\Users\Eric\Documents\cig-ads-image\data\images\BLUFACE_041421_0.png,Ad images for Yiqun/Blu/Blu Facebook/Facebook 2021/BluFace_041421_0.png,BluFace_041421_0,2021,1,0,0,0,0,0,0,0,0,0,0,0,0,0,0,0,1
BLUFACE_041422_0,C:\Users\Eric\Documents\cig-ads-image\data\images\BLUFACE_041422_0.png,Ad images for Yiqun/Blu/Blu Facebook/Facebook 2022/BluFace_041422_0.png,BluFace_041422_0,2022,1,0,0,0,0,0,0,0,0,0,0,0,0,0,0,0,1
BLUFACE_041423_0,C:\Users\Eric\Documents\cig-ads-image\data\images\BLUFACE_041423_0.png,Ad images for Yiqun/Blu/Blu Facebook/Facebook 2023/BluFace_041423_0.png,BluFace_041423_0,2023,1,0,0,0,0,0,0,0,0,0,0,0,0,0,0,0,1
BLUFACE_041522_0,C:\Users\Eric\Documents\cig-ads-image\data\images\BLUFACE_041522_0.png,Ad images for Yiqun/Blu/Blu Facebook/Facebook 2022/BluFace_041522_0.png,BluFace_041522_0,2022,1,0,1,0,0,0,0,0,0,0,0,0,0,0,0,0,1
BLUFACE_041523_0,C:\Users\Eric\Documents\cig-ads-image\data\images\BLUFACE_041523_0.png,Ad images for Yiqun/Blu/Blu Facebook/Facebook 2023/BluFace_041523_0.png,BluFace_041523_0,2023,1,0,0,0,0,0,0,0,0,0,0,0,0,0,0,0,1
BLUFACE_041621_0,C:\Users\Eric\Documents\cig-ads-image\data\images\BLUFACE_041621_0.png,Ad images for Yiqun/Blu/Blu Facebook/Facebook 2021/BluFace_041621_0.png,BluFace_041621_0,2021,1,0,0,0,0,0,0,0,0,0,0,0,0,0,0,0,1
BLUFACE_041622_0,C:\Users\Eric\Documents\cig-ads-image\data\images\BLUFACE_041622_0.png,Ad images for Yiqun/Blu/Blu Facebook/Facebook 2022/BluFace_041622_0.png,BluFace_041622_0,2022,1,0,0,0,0,0,0,0,0,0,0,0,0,0,0,0,1
BLUFACE_041721_0,C:\Users\Eric\Documents\cig-ads-image\data\images\BLUFACE_041721_0.png,Ad images for Yiqun/Blu/Blu Facebook/Facebook 2021/BluFace_041721_0.png,BluFace_041721_0,2021,1,0,0,0,0,0,0,0,0,0,0,0,0,0,0,0,1
BLUFACE_041823_0,C:\Users\Eric\Documents\cig-ads-image\data\images\BLUFACE_041823_0.png,Ad images for Yiqun/Blu/Blu Facebook/Facebook 2023/BluFace_041823_0.png,BluFace_041823_0,2023,1,0,1,0,0,0,0,0,0,0,0,0,0,1,0,0,1
BLUFACE_041921_0,C:\Users\Eric\Documents\cig-ads-image\data\images\BLUFACE_041921_0.png,Ad images for Yiqun/Blu/Blu Facebook/Facebook 2021/BluFace_041921_0.png,BluFace_041921_0,2021,1,0,0,0,0,0,0,0,0,0,0,0,0,0,0,0,1
BLUFACE_041922_0,C:\Users\Eric\Documents\cig-ads-image\data\images\BLUFACE_041922_0.png,Ad images for Yiqun/Blu/Blu Facebook/Facebook 2022/BluFace_041922_0.png,BluFace_041922_0,2022,1,0,0,0,0,0,0,0,0,0,0,0,0,0,0,0,1
BLUFACE_042022_0,C:\Users\Eric\Documents\cig-ads-image\data\images\BLUFACE_042022_0.png,Ad images for Yiqun/Blu/Blu Facebook/Facebook 2022/BluFace_042022_0.png,BluFace_042022_0,2022,1,0,0,0,0,0,0,0,0,0,0,0,0,0,0,0,1
BLUFACE_042023_0,C:\Users\Eric\Documents\cig-ads-image\data\images\BLUFACE_042023_0.png,Ad images for Yiqun/Blu/Blu Facebook/Facebook 2023/BluFace_042023_0.png,BluFace_042023_0,2023,1,0,0,0,0,0,0,0,0,0,0,0,0,0,0,0,1
BLUFACE_042121_0,C:\Users\Eric\Documents\cig-ads-image\data\images\BLUFACE_042121_0.png,Ad images for Yiqun/Blu/Blu Facebook/Facebook 2021/BluFace_042121_0.png,BluFace_042121_0,2021,1,0,0,0,0,0,0,0,0,0,0,0,0,0,0,0,1
BLUFACE_042122_0,C:\Users\Eric\Documents\cig-ads-image\data\images\BLUFACE_042122_0.png,Ad images for Yiqun/Blu/Blu Facebook/Facebook 2022/BluFace_042122_0.png,BluFace_042122_0,2022,1,0,0,0,0,0,0,0,0,0,0,0,0,0,0,0,1
BLUFACE_042123_0,C:\Users\Eric\Documents\cig-ads-image\data\images\BLUFACE_042123_0.png,Ad images for Yiqun/Blu/Blu Facebook/Facebook 2023/BluFace_042123_0.png,BluFace_042123_0,2023,1,0,0,0,0,0,0,0,0,0,0,0,0,0,0,0,1
BLUFACE_042222_0,C:\Users\Eric\Documents\cig-ads-image\data\images\BLUFACE_042222_0.png,Ad images for Yiqun/Blu/Blu Facebook/Facebook 2022/BluFace_042222_0.png,BluFace_042222_0,2022,1,0,0,0,0,0,0,0,0,0,0,0,0,0,0,0,1
BLUFACE_042223_0,C:\Users\Eric\Documents\cig-ads-image\data\images\BLUFACE_042223_0.png,Ad images for Yiqun/Blu/Blu Facebook/Facebook 2023/BluFace_042223_0.png,BluFace_042223_0,2023,1,0,0,0,0,0,0,0,0,0,0,0,0,0,0,0,1
BLUFACE_042321_0,C:\Users\Eric\Documents\cig-ads-image\data\images\BLUFACE_042321_0.png,Ad images for Yiqun/Blu/Blu Facebook/Facebook 2021/BluFace_042321_0.png,BluFace_042321_0,2021,1,0,0,0,0,0,0,0,0,0,0,0,0,0,0,0,1
BLUFACE_042322_0,C:\Users\Eric\Documents\cig-ads-image\data\images\BLUFACE_042322_0.png,Ad images for Yiqun/Blu/Blu Facebook/Facebook 2022/BluFace_042322_0.png,BluFace_042322_0,2022,1,0,0,0,0,0,0,0,0,0,0,0,0,0,0,0,1
BLUFACE_042422_0,C:\Users\Eric\Documents\cig-ads-image\data\images\BLUFACE_042422_0.png,Ad images for Yiqun/Blu/Blu Facebook/Facebook 2022/BluFace_042422_0.png,BluFace_042422_0,2022,1,0,0,0,0,0,0,0,0,0,0,0,0,0,0,0,1
BLUFACE_042622_0,C:\Users\Eric\Documents\cig-ads-image\data\images\BLUFACE_042622_0.png,Ad images for Yiqun/Blu/Blu Facebook/Facebook 2022/BluFace_042622_0.png,BluFace_042622_0,2022,1,0,0,1,0,0,0,0,0,0,0,0,0,0,0,0,1
BLUFACE_042623_0,C:\Users\Eric\Documents\cig-ads-image\data\images\BLUFACE_042623_0.png,Ad images for Yiqun/Blu/Blu Facebook/Facebook 2023/BluFace_042623_0.png,BluFace_042623_0,2023,1,0,1,0,0,0,0,0,0,0,0,0,0,1,0,0,1
BLUFACE_042723_0,C:\Users\Eric\Documents\cig-ads-image\data\images\BLUFACE_042723_0.png,Ad images for Yiqun/Blu/Blu Facebook/Facebook 2023/BluFace_042723_0.png,BluFace_042723_0,2023,1,1,0,0,0,0,0,0,0,0,0,0,0,0,0,0,1
BLUFACE_042822_0,C:\Users\Eric\Documents\cig-ads-image\data\images\BLUFACE_042822_0.png,Ad images for Yiqun/Blu/Blu Facebook/Facebook 2022/BluFace_042822_0.png,BluFace_042822_0,2022,1,0,0,0,0,0,0,0,0,0,0,0,0,0,0,0,1
BLUFACE_042823_0,C:\Users\Eric\Documents\cig-ads-image\data\images\BLUFACE_042823_0.png,Ad images for Yiqun/Blu/Blu Facebook/Facebook 2023/BluFace_042823_0.png,BluFace_042823_0,2023,1,0,0,0,0,0,0,0,0,0,0,0,0,0,0,0,1
BLUFACE_042921_0,C:\Users\Eric\Documents\cig-ads-image\data\images\BLUFACE_042921_0.png,Ad images for Yiqun/Blu/Blu Facebook/Facebook 2021/BluFace_042921_0A.png,BluFace_042921_0,2021,1,0,0,0,0,0,0,0,0,0,0,0,0,0,0,0,0
BLUFACE_042922_0,C:\Users\Eric\Documents\cig-ads-image\data\images\BLUFACE_042922_0.png,Ad images for Yiqun/Blu/Blu Facebook/Facebook 2022/BluFace_042922_0.png,BluFace_042922_0,2022,1,0,0,0,0,0,0,0,0,0,0,0,0,0,0,0,1
BLUFACE_042923_0,C:\Users\Eric\Documents\cig-ads-image\data\images\BLUFACE_042923_0.png,Ad images for Yiqun/Blu/Blu Facebook/Facebook 2023/BluFace_042923_0.png,BluFace_042923_0,2023,1,0,0,0,0,0,0,0,0,0,0,0,0,0,0,0,1
BLUFACE_043021_0,C:\Users\Eric\Documents\cig-ads-image\data\images\BLUFACE_043021_0.png,Ad images for Yiqun/Blu/Blu Facebook/Facebook 2021/BluFace_043021_0.png,BluFace_043021_0,2021,1,0,0,0,0,0,0,0,0,0,0,0,0,0,0,0,1
BLUFACE_043022_0,C:\Users\Eric\Documents\cig-ads-image\data\images\BLUFACE_043022_0.png,Ad images for Yiqun/Blu/Blu Facebook/Facebook 2022/BluFace_043022_0.png,BluFace_043022_0,2022,1,0,0,0,0,0,0,0,0,0,0,0,0,0,0,0,1
BLUFACE_050121_0,C:\Users\Eric\Documents\cig-ads-image\data\images\BLUFACE_050121_0.png,Ad images for Yiqun/Blu/Blu Facebook/Facebook 2021/BluFace_050121_0.png,BluFace_050121_0,2021,1,0,0,0,0,0,0,0,0,0,0,0,0,0,0,0,1
BLUFACE_050221_0,C:\Users\Eric\Documents\cig-ads-image\data\images\BLUFACE_050221_0.png,Ad images for Yiqun/Blu/Blu Facebook/Facebook 2021/BluFace_050221_0.png,BluFace_050221_0,2021,1,0,0,0,0,0,0,0,0,0,0,0,0,0,0,0,1
BLUFACE_050322_0,C:\Users\Eric\Documents\cig-ads-image\data\images\BLUFACE_050322_0.png,Ad images for Yiqun/Blu/Blu Facebook/Facebook 2022/BluFace_050322_0.png,BluFace_050322_0,2022,1,0,0,0,0,0,0,0,0,0,0,0,0,0,0,0,1
BLUFACE_050421_0,C:\Users\Eric\Documents\cig-ads-image\data\images\BLUFACE_050421_0.png,Ad images for Yiqun/Blu/Blu Facebook/Facebook 2021/BluFace_050421_0.png,BluFace_050421_0,2021,1,0,0,0,0,0,0,0,0,0,0,0,0,0,0,0,0
BLUFACE_050422_0,C:\Users\Eric\Documents\cig-ads-image\data\images\BLUFACE_050422_0.png,Ad images for Yiqun/Blu/Blu Facebook/Facebook 2022/BluFace_050422_0.png,BluFace_050422_0,2022,1,0,0,0,0,0,0,0,0,0,0,0,0,0,0,0,1
BLUFACE_050522_0,C:\Users\Eric\Documents\cig-ads-image\data\images\BLUFACE_050522_0.png,Ad images for Yiqun/Blu/Blu Facebook/Facebook 2022/BluFace_050522_0.png,BluFace_050522_0,2022,1,0,0,0,0,0,0,0,0,0,0,0,0,0,0,0,1
BLUFACE_050621_0,C:\Users\Eric\Documents\cig-ads-image\data\images\BLUFACE_050621_0.png,Ad images for Yiqun/Blu/Blu Facebook/Facebook 2021/BluFace_050621_0A.png,BluFace_050621_0,2021,1,0,0,0,0,0,0,0,0,0,0,0,0,0,0,0,1
BLUFACE_050622_0,C:\Users\Eric\Documents\cig-ads-image\data\images\BLUFACE_050622_0.png,Ad images for Yiqun/Blu/Blu Facebook/Facebook 2022/BluFace_050622_0.png,BluFace_050622_0,2022,1,0,0,0,0,0,0,0,0,0,0,0,0,0,0,0,0
BLUFACE_050722_0,C:\Users\Eric\Documents\cig-ads-image\data\images\BLUFACE_050722_0.png,Ad images for Yiqun/Blu/Blu Facebook/Facebook 2022/BluFace_050722_0.png,BluFace_050722_0,2022,1,0,0,0,0,0,0,0,0,0,0,0,0,0,0,0,1
BLUFACE_051021_0,C:\Users\Eric\Documents\cig-ads-image\data\images\BLUFACE_051021_0.png,Ad images for Yiqun/Blu/Blu Facebook/Facebook 2021/BluFace_051021_0A.png,BluFace_051021_0,2021,1,0,0,0,0,0,0,0,0,0,0,0,0,0,0,0,0
BLUFACE_051022_0,C:\Users\Eric\Documents\cig-ads-image\data\images\BLUFACE_051022_0.png,Ad images for Yiqun/Blu/Blu Facebook/Facebook 2022/BluFace_051022_0.png,BluFace_051022_0,2022,1,0,0,0,0,0,0,0,0,0,0,0,0,0,0,0,1
BLUFACE_051122_0,C:\Users\Eric\Documents\cig-ads-image\data\images\BLUFACE_051122_0.png,Ad images for Yiqun/Blu/Blu Facebook/Facebook 2022/BluFace_051122_0.png,BluFace_051122_0,2022,1,0,1,0,0,0,0,0,0,0,0,0,0,0,0,0,1
BLUFACE_051221_0,C:\Users\Eric\Documents\cig-ads-image\data\images\BLUFACE_051221_0.png,Ad images for Yiqun/Blu/Blu Facebook/Facebook 2021/BluFace_051221_0.png,BluFace_051221_0,2021,1,0,0,0,0,0,0,0,0,0,0,0,0,0,0,0,1
BLUFACE_051222_0,C:\Users\Eric\Documents\cig-ads-image\data\images\BLUFACE_051222_0.png,Ad images for Yiqun/Blu/Blu Facebook/Facebook 2022/BluFace_051222_0.png,BluFace_051222_0,2022,1,0,0,0,0,0,0,0,0,0,0,0,0,0,0,0,1
BLUFACE_051322_0,C:\Users\Eric\Documents\cig-ads-image\data\images\BLUFACE_051322_0.png,Ad images for Yiqun/Blu/Blu Facebook/Facebook 2022/BluFace_051322_0.png,BluFace_051322_0,2022,1,0,0,0,0,0,0,0,0,0,0,0,0,0,0,0,1
BLUFACE_051421_0,C:\Users\Eric\Documents\cig-ads-image\data\images\BLUFACE_051421_0.png,Ad images for Yiqun/Blu/Blu Facebook/Facebook 2021/BluFace_051421_0A.png,BluFace_051421_0,2021,1,0,0,0,0,0,0,0,0,0,0,0,0,0,0,0,0
BLUFACE_051422_0,C:\Users\Eric\Documents\cig-ads-image\data\images\BLUFACE_051422_0.png,Ad images for Yiqun/Blu/Blu Facebook/Facebook 2022/BluFace_051422_0.png,BluFace_051422_0,2022,1,0,0,0,0,0,0,0,0,0,0,0,0,0,0,0,1
BLUFACE_051521_0,C:\Users\Eric\Documents\cig-ads-image\data\images\BLUFACE_051521_0.png,Ad images for Yiqun/Blu/Blu Facebook/Facebook 2021/BluFace_051521_0.png,BluFace_051521_0,2021,1,0,0,0,0,0,0,0,0,0,0,0,0,0,0,0,1
BLUFACE_051722_0,C:\Users\Eric\Documents\cig-ads-image\data\images\BLUFACE_051722_0.png,Ad images for Yiqun/Blu/Blu Facebook/Facebook 2022/BluFace_051722_0.png,BluFace_051722_0,2022,1,0,0,1,0,0,0,0,0,0,0,0,0,0,0,0,1
BLUFACE_051821_0,C:\Users\Eric\Documents\cig-ads-image\data\images\BLUFACE_051821_0.png,Ad images for Yiqun/Blu/Blu Facebook/Facebook 2021/BluFace_051821_0A.png,BluFace_051821_0,2021,1,0,0,0,0,0,0,0,0,0,0,0,0,0,0,0,0
BLUFACE_051822_0,C:\Users\Eric\Documents\cig-ads-image\data\images\BLUFACE_051822_0.png,Ad images for Yiqun/Blu/Blu Facebook/Facebook 2022/BluFace_051822_0.png,BluFace_051822_0,2022,1,0,0,0,0,0,0,0,0,0,0,0,0,0,0,0,1
BLUFACE_051921_0,C:\Users\Eric\Documents\cig-ads-image\data\images\BLUFACE_051921_0.png,Ad images for Yiqun/Blu/Blu Facebook/Facebook 2021/BluFace_051921_0.png,BluFace_051921_0,2021,1,0,0,0,0,0,0,0,0,0,0,0,0,0,0,0,1
BLUFACE_051922_0,C:\Users\Eric\Documents\cig-ads-image\data\images\BLUFACE_051922_0.png,Ad images for Yiqun/Blu/Blu Facebook/Facebook 2022/BluFace_051922_0.png,BluFace_051922_0,2022,1,0,0,0,0,0,0,0,0,0,0,0,0,0,0,0,1
BLUFACE_052022_0,C:\Users\Eric\Documents\cig-ads-image\data\images\BLUFACE_052022_0.png,Ad images for Yiqun/Blu/Blu Facebook/Facebook 2022/BluFace_052022_0.png,BluFace_052022_0,2022,1,0,0,0,0,0,0,0,0,0,0,0,0,0,0,0,1
BLUFACE_052121_0,C:\Users\Eric\Documents\cig-ads-image\data\images\BLUFACE_052121_0.png,Ad images for Yiqun/Blu/Blu Facebook/Facebook 2021/BluFace_052121_0.png,BluFace_052121_0,2021,1,0,0,0,0,0,0,0,0,0,0,0,0,0,0,0,1
BLUFACE_052122_0,C:\Users\Eric\Documents\cig-ads-image\data\images\BLUFACE_052122_0.png,Ad images for Yiqun/Blu/Blu Facebook/Facebook 2022/BluFace_052122_0.png,BluFace_052122_0,2022,1,0,0,0,0,0,0,0,0,0,0,0,0,0,0,0,1
BLUFACE_052221_0,C:\Users\Eric\Documents\cig-ads-image\data\images\BLUFACE_052221_0.png,Ad images for Yiqun/Blu/Blu Facebook/Facebook 2021/BluFace_052221_0.png,BluFace_052221_0,2021,1,0,0,0,0,0,0,0,0,0,0,0,0,0,0,0,1
BLUFACE_052321_0,C:\Users\Eric\Documents\cig-ads-image\data\images\BLUFACE_052321_0.png,Ad images for Yiqun/Blu/Blu Facebook/Facebook 2021/BluFace_052321_0A.png,BluFace_052321_0,2021,1,0,0,0,0,0,0,0,0,0,0,0,0,0,0,0,0
BLUFACE_052422_0,C:\Users\Eric\Documents\cig-ads-image\data\images\BLUFACE_052422_0.png,Ad images for Yiqun/Blu/Blu Facebook/Facebook 2022/BluFace_052422_0.png,BluFace_052422_0,2022,1,1,0,0,0,0,0,0,0,0,0,0,0,0,0,0,1
BLUFACE_052521_0,C:\Users\Eric\Documents\cig-ads-image\data\images\BLUFACE_052521_0.png,Ad images for Yiqun/Blu/Blu Facebook/Facebook 2021/BluFace_052521_0A.png,BluFace_052521_0,2021,1,0,0,0,0,0,0,0,0,0,0,0,0,0,0,0,0
BLUFACE_052522_0,C:\Users\Eric\Documents\cig-ads-image\data\images\BLUFACE_052522_0.png,Ad images for Yiqun/Blu/Blu Facebook/Facebook 2022/BluFace_052522_0.png,BluFace_052522_0,2022,1,0,0,0,0,0,0,0,0,0,0,0,0,0,0,0,0
BLUFACE_052621_0,C:\Users\Eric\Documents\cig-ads-image\data\images\BLUFACE_052621_0.png,Ad images for Yiqun/Blu/Blu Facebook/Facebook 2021/BluFace_052621_0.png,BluFace_052621_0,2021,1,0,0,0,0,0,0,0,0,0,0,0,0,0,0,0,1
BLUFACE_052622_0,C:\Users\Eric\Documents\cig-ads-image\data\images\BLUFACE_052622_0.png,Ad images for Yiqun/Blu/Blu Facebook/Facebook 2022/BluFace_052622_0.png,BluFace_052622_0,2022,1,1,0,0,0,0,0,0,0,0,0,0,0,0,0,0,1
BLUFACE_052722_0,C:\Users\Eric\Documents\cig-ads-image\data\images\BLUFACE_052722_0.png,Ad images for Yiqun/Blu/Blu Facebook/Facebook 2022/BluFace_052722_0.png,BluFace_052722_0,2022,1,0,0,0,0,0,0,0,0,0,0,0,0,0,0,0,1
BLUFACE_052821_0,C:\Users\Eric\Documents\cig-ads-image\data\images\BLUFACE_052821_0.png,Ad images for Yiqun/Blu/Blu Facebook/Facebook 2021/BluFace_052821_0.png,BluFace_052821_0,2021,1,0,0,0,0,0,0,0,0,0,0,0,0,0,0,0,1
BLUFACE_052921_0,C:\Users\Eric\Documents\cig-ads-image\data\images\BLUFACE_052921_0.png,Ad images for Yiqun/Blu/Blu Facebook/Facebook 2021/BluFace_052921_0.png,BluFace_052921_0,2021,1,0,0,0,0,0,0,0,0,0,0,0,0,0,0,0,1
BLUFACE_052922_0,C:\Users\Eric\Documents\cig-ads-image\data\images\BLUFACE_052922_0.png,Ad images for Yiqun/Blu/Blu Facebook/Facebook 2022/BluFace_052922_0.png,BluFace_052922_0,2022,1,0,0,0,0,0,0,0,0,0,0,0,0,0,0,0,1
BLUFACE_053021_0,C:\Users\Eric\Documents\cig-ads-image\data\images\BLUFACE_053021_0.png,Ad images for Yiqun/Blu/Blu Facebook/Facebook 2021/BluFace_053021_0.png,BluFace_053021_0,2021,1,0,0,0,0,0,0,0,0,0,0,0,0,0,0,0,1
BLUFACE_053121_0,C:\Users\Eric\Documents\cig-ads-image\data\images\BLUFACE_053121_0.png,Ad images for Yiqun/Blu/Blu Facebook/Facebook 2021/BluFace_053121_0.png,BluFace_053121_0,2021,1,0,0,0,0,0,0,0,0,0,0,0,0,0,0,0,1
BLUFACE_053122_0,C:\Users\Eric\Documents\cig-ads-image\data\images\BLUFACE_053122_0.png,Ad images for Yiqun/Blu/Blu Facebook/Facebook 2022/BluFace_053122_0.png,BluFace_053122_0,2022,1,0,0,0,0,0,0,0,0,0,0,0,0,0,0,0,1
BLUFACE_060122_0,C:\Users\Eric\Documents\cig-ads-image\data\images\BLUFACE_060122_0.png,Ad images for Yiqun/Blu/Blu Facebook/Facebook 2022/BluFace_060122_0.png,BluFace_060122_0,2022,1,0,0,0,0,0,0,0,0,0,0,0,0,0,0,0,1
BLUFACE_060221_0,C:\Users\Eric\Documents\cig-ads-image\data\images\BLUFACE_060221_0.png,Ad images for Yiqun/Blu/Blu Facebook/Facebook 2021/BluFace_060221_0.png,BluFace_060221_0,2021,1,0,0,0,0,0,0,0,0,0,0,0,0,0,0,0,1
BLUFACE_060222_0,C:\Users\Eric\Documents\cig-ads-image\data\images\BLUFACE_060222_0.png,Ad images for Yiqun/Blu/Blu Facebook/Facebook 2022/BluFace_060222_0.png,BluFace_060222_0,2022,1,0,0,1,0,0,0,0,0,0,0,0,0,0,0,0,1
BLUFACE_060321_0,C:\Users\Eric\Documents\cig-ads-image\data\images\BLUFACE_060321_0.png,Ad images for Yiqun/Blu/Blu Facebook/Facebook 2021/BluFace_060321_0.png,BluFace_060321_0,2022,1,0,0,0,0,0,0,0,0,0,0,0,0,0,0,0,1
BLUFACE_060322_0,C:\Users\Eric\Documents\cig-ads-image\data\images\BLUFACE_060322_0.png,Ad images for Yiqun/Blu/Blu Facebook/Facebook 2022/BluFace_060322_0.png,BluFace_060322_0,2022,1,0,1,0,0,0,0,0,0,0,0,0,0,0,0,0,1
BLUFACE_060421_0,C:\Users\Eric\Documents\cig-ads-image\data\images\BLUFACE_060421_0.png,Ad images for Yiqun/Blu/Blu Facebook/Facebook 2021/BluFace_060421_0.png,BluFace_060421_0,2021,1,0,0,0,0,0,0,0,0,0,0,0,0,0,0,0,1
BLUFACE_060422_0,C:\Users\Eric\Documents\cig-ads-image\data\images\BLUFACE_060422_0.png,Ad images for Yiqun/Blu/Blu Facebook/Facebook 2022/BluFace_060422_0.png,BluFace_060422_0,2022,1,0,0,0,0,0,0,0,0,0,0,0,0,0,0,0,1
BLUFACE_060521_0,C:\Users\Eric\Documents\cig-ads-image\data\images\BLUFACE_060521_0.png,Ad images for Yiqun/Blu/Blu Facebook/Facebook 2021/BluFace_060521_0.png,BluFace_060521_0,2021,1,0,0,0,0,0,0,0,0,0,0,0,0,0,0,0,1
BLUFACE_060621_0,C:\Users\Eric\Documents\cig-ads-image\data\images\BLUFACE_060621_0.png,Ad images for Yiqun/Blu/Blu Facebook/Facebook 2021/BluFace_060621_0.png,BluFace_060621_0,2021,1,0,0,0,0,0,0,0,0,0,0,0,0,0,0,0,1
BLUFACE_060722_0,C:\Users\Eric\Documents\cig-ads-image\data\images\BLUFACE_060722_0.png,Ad images for Yiqun/Blu/Blu Facebook/Facebook 2022/BluFace_060722_0.png,BluFace_060722_0,2022,1,0,1,0,0,0,0,0,0,0,0,0,0,0,0,0,1
BLUFACE_060821_0,C:\Users\Eric\Documents\cig-ads-image\data\images\BLUFACE_060821_0.png,Ad images for Yiqun/Blu/Blu Facebook/Facebook 2021/BluFace_060821_0.png,BluFace_060821_0,2021,1,0,0,0,1,0,0,0,0,0,1,0,0,0,0,0,1
BLUFACE_060822_0,C:\Users\Eric\Documents\cig-ads-image\data\images\BLUFACE_060822_0.png,Ad images for Yiqun/Blu/Blu Facebook/Facebook 2022/BluFace_060822_0.png,BluFace_060822_0,2022,1,0,0,0,0,0,0,0,0,0,0,0,0,0,0,0,1
BLUFACE_060921_0,C:\Users\Eric\Documents\cig-ads-image\data\images\BLUFACE_060921_0.png,Ad images for Yiqun/Blu/Blu Facebook/Facebook 2021/BluFace_060921_0.png,BluFace_060921_0,2021,1,1,0,0,0,0,0,0,0,0,0,0,0,0,0,0,1
BLUFACE_060922_0,C:\Users\Eric\Documents\cig-ads-image\data\images\BLUFACE_060922_0.png,Ad images for Yiqun/Blu/Blu Facebook/Facebook 2022/BluFace_060922_0.png,BluFace_060922_0,2022,1,0,0,0,0,0,0,0,0,0,0,0,0,0,0,0,1
BLUFACE_061022_0,C:\Users\Eric\Documents\cig-ads-image\data\images\BLUFACE_061022_0.png,Ad images for Yiqun/Blu/Blu Facebook/Facebook 2022/BluFace_061022_0.png,BluFace_061022_0,2022,1,0,0,0,0,0,0,0,0,0,0,0,0,0,0,0,1
BLUFACE_061121_0,C:\Users\Eric\Documents\cig-ads-image\data\images\BLUFACE_061121_0.png,Ad images for Yiqun/Blu/Blu Facebook/Facebook 2021/BluFace_061121_0.png,BluFace_061121_0,2021,1,0,0,0,0,0,0,0,0,0,0,0,0,0,0,0,1
BLUFACE_061122_0,C:\Users\Eric\Documents\cig-ads-image\data\images\BLUFACE_061122_0.png,Ad images for Yiqun/Blu/Blu Facebook/Facebook 2022/BluFace_061122_0.png,BluFace_061122_0,2022,1,0,0,0,0,0,0,0,0,0,0,0,0,0,0,0,1
BLUFACE_061221_0,C:\Users\Eric\Documents\cig-ads-image\data\images\BLUFACE_061221_0.png,Ad images for Yiqun/Blu/Blu Facebook/Facebook 2021/BluFace_061221_0.png,BluFace_061221_0,2021,1,0,0,1,0,0,0,0,0,0,1,0,0,0,0,0,1
BLUFACE_061321_0,C:\Users\Eric\Documents\cig-ads-image\data\images\BLUFACE_061321_0.png,Ad images for Yiqun/Blu/Blu Facebook/Facebook 2021/BluFace_061321_0.png,BluFace_061321_0,2021,1,0,0,0,0,0,0,0,0,0,0,0,0,0,0,0,1
BLUFACE_061422_0,C:\Users\Eric\Documents\cig-ads-image\data\images\BLUFACE_061422_0.png,Ad images for Yiqun/Blu/Blu Facebook/Facebook 2022/BluFace_061422_0.png,BluFace_061422_0,2022,1,0,0,0,0,0,0,0,0,0,0,0,0,0,0,0,1
BLUFACE_061521_0,C:\Users\Eric\Documents\cig-ads-image\data\images\BLUFACE_061521_0.png,Ad images for Yiqun/Blu/Blu Facebook/Facebook 2021/BluFace_061521_0.png,BluFace_061521_0,2021,1,1,0,0,0,0,0,0,0,0,0,0,0,0,0,0,1
BLUFACE_061522_0,C:\Users\Eric\Documents\cig-ads-image\data\images\BLUFACE_061522_0.png,Ad images for Yiqun/Blu/Blu Facebook/Facebook 2022/BluFace_061522_0.png,BluFace_061522_0,2022,1,0,0,0,0,0,0,0,0,0,0,0,0,0,0,0,1
BLUFACE_061621_0,C:\Users\Eric\Documents\cig-ads-image\data\images\BLUFACE_061621_0.png,Ad images for Yiqun/Blu/Blu Facebook/Facebook 2021/BluFace_061621_0.png,BluFace_061621_0,2021,1,0,0,0,0,0,0,0,0,0,0,0,0,0,0,1,1
BLUFACE_061622_0,C:\Users\Eric\Documents\cig-ads-image\data\images\BLUFACE_061622_0.png,Ad images for Yiqun/Blu/Blu Facebook/Facebook 2022/BluFace_061622_0.png,BluFace_061622_0,2022,1,0,0,0,0,0,0,0,0,0,0,0,0,0,0,0,1
BLUFACE_061722_0,C:\Users\Eric\Documents\cig-ads-image\data\images\BLUFACE_061722_0.png,Ad images for Yiqun/Blu/Blu Facebook/Facebook 2022/BluFace_061722_0.png,BluFace_061722_0,2022,1,0,0,0,0,0,0,0,0,0,0,0,0,0,0,0,1
BLUFACE_061821_0,C:\Users\Eric\Documents\cig-ads-image\data\images\BLUFACE_061821_0.png,Ad images for Yiqun/Blu/Blu Facebook/Facebook 2021/BluFace_061821_0.png,BluFace_061821_0,2021,1,0,0,0,0,0,0,0,0,0,0,0,0,0,0,1,1
BLUFACE_061822_0,C:\Users\Eric\Documents\cig-ads-image\data\images\BLUFACE_061822_0.png,Ad images for Yiqun/Blu/Blu Facebook/Facebook 2022/BluFace_061822_0.png,BluFace_061822_0,2022,1,0,0,0,0,0,0,0,0,0,0,0,0,0,0,0,1
BLUFACE_061921_0,C:\Users\Eric\Documents\cig-ads-image\data\images\BLUFACE_061921_0.png,Ad images for Yiqun/Blu/Blu Facebook/Facebook 2021/BluFace_061921_0.png,BluFace_061921_0,2021,1,0,1,0,0,0,0,0,0,0,0,0,0,0,0,0,1
BLUFACE_061922_0,C:\Users\Eric\Documents\cig-ads-image\data\images\BLUFACE_061922_0.png,Ad images for Yiqun/Blu/Blu Facebook/Facebook 2022/BluFace_061922_0.png,BluFace_061922_0,2022,1,1,0,0,0,0,0,0,0,0,0,0,0,0,0,0,1
BLUFACE_062021_0,C:\Users\Eric\Documents\cig-ads-image\data\images\BLUFACE_062021_0.png,Ad images for Yiqun/Blu/Blu Facebook/Facebook 2021/BluFace_062021_0.png,BluFace_062021_0,2021,1,0,0,0,0,0,0,0,0,0,0,0,0,0,0,0,1
BLUFACE_062122_0,C:\Users\Eric\Documents\cig-ads-image\data\images\BLUFACE_062122_0.png,Ad images for Yiqun/Blu/Blu Facebook/Facebook 2022/BluFace_062122_0.png,BluFace_062122_0,2022,1,0,0,0,0,0,0,0,0,0,0,0,0,0,0,0,1
BLUFACE_062221_0,C:\Users\Eric\Documents\cig-ads-image\data\images\BLUFACE_062221_0.png,Ad images for Yiqun/Blu/Blu Facebook/Facebook 2021/BluFace_062221_0.png,BluFace_062221_0,2021,1,0,0,0,0,0,0,0,0,0,0,0,0,0,0,0,1
BLUFACE_062222_0,C:\Users\Eric\Documents\cig-ads-image\data\images\BLUFACE_062222_0.png,Ad images for Yiqun/Blu/Blu Facebook/Facebook 2022/BluFace_062222_0.png,BluFace_062222_0,2022,1,0,0,0,0,0,1,0,0,0,0,0,0,0,0,0,1
BLUFACE_062321_0,C:\Users\Eric\Documents\cig-ads-image\data\images\BLUFACE_062321_0.png,Ad images for Yiqun/Blu/Blu Facebook/Facebook 2021/BluFace_062321_0.png,BluFace_062321_0,2021,1,0,0,0,0,0,0,0,0,0,0,0,0,1,0,0,1
BLUFACE_062322_0,C:\Users\Eric\Documents\cig-ads-image\data\images\BLUFACE_062322_0.png,Ad images for Yiqun/Blu/Blu Facebook/Facebook 2022/BluFace_062322_0.png,BluFace_062322_0,2022,1,0,0,1,0,0,0,0,0,0,0,0,0,0,0,0,1
BLUFACE_062422_0,C:\Users\Eric\Documents\cig-ads-image\data\images\BLUFACE_062422_0.png,Ad images for Yiqun/Blu/Blu Facebook/Facebook 2022/BluFace_062422_0.png,BluFace_062422_0,2022,1,0,0,0,0,0,0,0,0,0,0,0,0,0,0,0,1
BLUFACE_062521_0,C:\Users\Eric\Documents\cig-ads-image\data\images\BLUFACE_062521_0.png,Ad images for Yiqun/Blu/Blu Facebook/Facebook 2021/BluFace_062521_0.png,BluFace_062521_0,2021,1,1,0,0,1,0,0,0,0,0,0,0,0,0,0,1,1
BLUFACE_062522_0,C:\Users\Eric\Documents\cig-ads-image\data\images\BLUFACE_062522_0.png,Ad images for Yiqun/Blu/Blu Facebook/Facebook 2022/BluFace_062522_0.png,BluFace_062522_0,2022,1,0,0,0,0,0,0,0,0,0,0,0,0,0,0,0,1
BLUFACE_062621_0,C:\Users\Eric\Documents\cig-ads-image\data\images\BLUFACE_062621_0.png,Ad images for Yiqun/Blu/Blu Facebook/Facebook 2021/BluFace_062621_0.png,BluFace_062621_0,2021,1,0,0,0,0,0,0,0,0,0,0,0,0,0,0,0,1
BLUFACE_062721_0,C:\Users\Eric\Documents\cig-ads-image\data\images\BLUFACE_062721_0.png,Ad images for Yiqun/Blu/Blu Facebook/Facebook 2021/BluFace_062721_0.png,BluFace_062721_0,2021,1,0,0,0,0,0,0,0,0,0,0,0,0,0,0,0,1
BLUFACE_062822_0,C:\Users\Eric\Documents\cig-ads-image\data\images\BLUFACE_062822_0.png,Ad images for Yiqun/Blu/Blu Facebook/Facebook 2022/BluFace_062822_0.png,BluFace_062822_0,2022,1,0,0,0,0,0,0,0,0,0,0,0,0,0,0,0,1
BLUFACE_062921_0,C:\Users\Eric\Documents\cig-ads-image\data\images\BLUFACE_062921_0.png,Ad images for Yiqun/Blu/Blu Facebook/Facebook 2021/BluFace_062921_0.png,BluFace_062921_0,2021,1,1,1,0,0,0,0,0,0,0,0,0,0,0,0,0,1
BLUFACE_062922_0,C:\Users\Eric\Documents\cig-ads-image\data\images\BLUFACE_062922_0.png,Ad images for Yiqun/Blu/Blu Facebook/Facebook 2022/BluFace_062922_0.png,BluFace_062922_0,2022,1,0,0,0,0,0,0,0,0,0,0,0,0,0,0,0,1
BLUFACE_063021_0,C:\Users\Eric\Documents\cig-ads-image\data\images\BLUFACE_063021_0.png,Ad images for Yiqun/Blu/Blu Facebook/Facebook 2021/BluFace_063021_0.png,BluFace_063021_0,2021,1,0,0,0,0,0,0,0,0,0,0,0,0,0,0,0,1
BLUFACE_063022_0,C:\Users\Eric\Documents\cig-ads-image\data\images\BLUFACE_063022_0.png,Ad images for Yiqun/Blu/Blu Facebook/Facebook 2022/BluFace_063022_0.png,BluFace_063022_0,2022,1,0,0,1,0,0,0,0,0,0,0,0,0,0,0,0,1
BLUFACE_070121_0,C:\Users\Eric\Documents\cig-ads-image\data\images\BLUFACE_070121_0.png,Ad images for Yiqun/Blu/Blu Facebook/Facebook 2021/BluFace_070121_0.png,BluFace_070121_0,2021,1,0,0,0,0,0,0,0,0,0,0,0,0,0,0,0,1
BLUFACE_070821_0,C:\Users\Eric\Documents\cig-ads-image\data\images\BLUFACE_070821_0.png,Ad images for Yiqun/Blu/Blu Facebook/Facebook 2021/BluFace_070821_0.png,BluFace_070821_0,2021,1,0,0,0,0,0,0,0,0,0,0,0,0,0,0,0,1
BLUFACE_070921_0,C:\Users\Eric\Documents\cig-ads-image\data\images\BLUFACE_070921_0.png,Ad images for Yiqun/Blu/Blu Facebook/Facebook 2021/BluFace_070921_0.png,BluFace_070921_0,2021,1,0,0,0,0,0,0,0,0,0,0,0,0,0,0,0,1
BLUFACE_071021_0,C:\Users\Eric\Documents\cig-ads-image\data\images\BLUFACE_071021_0.png,Ad images for Yiqun/Blu/Blu Facebook/Facebook 2021/BluFace_071021_0.png,BluFace_071021_0,2021,1,0,0,0,0,0,0,0,0,0,0,0,0,0,0,0,1
BLUFACE_071121_0,C:\Users\Eric\Documents\cig-ads-image\data\images\BLUFACE_071121_0.png,Ad images for Yiqun/Blu/Blu Facebook/Facebook 2021/BluFace_071121_0.png,BluFace_071121_0,2021,1,0,0,0,0,0,0,0,0,0,0,0,0,0,0,0,1
BLUFACE_071222_0,C:\Users\Eric\Documents\cig-ads-image\data\images\BLUFACE_071222_0.png,Ad images for Yiqun/Blu/Blu Facebook/Facebook 2022/BluFace_071222_0.png,BluFace_071222_0,2022,1,0,0,0,0,0,0,0,0,0,0,0,0,0,0,0,1
BLUFACE_071321_0,C:\Users\Eric\Documents\cig-ads-image\data\images\BLUFACE_071321_0.png,Ad images for Yiqun/Blu/Blu Facebook/Facebook 2021/BluFace_071321_0.png,BluFace_071321_0,2021,1,0,0,0,0,0,0,0,0,0,0,0,0,0,0,0,1
BLUFACE_071322_0,C:\Users\Eric\Documents\cig-ads-image\data\images\BLUFACE_071322_0.png,Ad images for Yiqun/Blu/Blu Facebook/Facebook 2022/BluFace_071322_0.png,BluFace_071322_0,2022,1,0,0,0,0,0,0,0,0,0,0,0,0,0,0,0,1
BLUFACE_071421_0,C:\Users\Eric\Documents\cig-ads-image\data\images\BLUFACE_071421_0.png,Ad images for Yiqun/Blu/Blu Facebook/Facebook 2021/BluFace_071421_0.png,BluFace_071421_0,2021,1,0,0,0,0,0,0,0,0,0,0,0,0,0,0,0,1
BLUFACE_071422_0,C:\Users\Eric\Documents\cig-ads-image\data\images\BLUFACE_071422_0.png,Ad images for Yiqun/Blu/Blu Facebook/Facebook 2022/BluFace_071422_0.png,BluFace_071422_0,2022,1,0,0,0,0,0,0,0,0,0,0,0,0,0,0,0,1
BLUFACE_071522_0,C:\Users\Eric\Documents\cig-ads-image\data\images\BLUFACE_071522_0.png,Ad images for Yiqun/Blu/Blu Facebook/Facebook 2022/BluFace_071522_0.png,BluFace_071522_0,2022,1,0,0,1,0,0,0,0,0,0,0,0,0,1,0,0,1
BLUFACE_071621_0,C:\Users\Eric\Documents\cig-ads-image\data\images\BLUFACE_071621_0.png,Ad images for Yiqun/Blu/Blu Facebook/Facebook 2021/BluFace_071621_0.png,BluFace_071621_0,2021,1,0,0,0,0,0,0,0,0,0,0,0,0,0,0,0,1
BLUFACE_071622_0,C:\Users\Eric\Documents\cig-ads-image\data\images\BLUFACE_071622_0.png,Ad images for Yiqun/Blu/Blu Facebook/Facebook 2022/BluFace_071622_0.png,BluFace_071622_0,2022,1,0,0,0,0,0,0,0,0,0,0,0,0,0,0,0,1
BLUFACE_071721_0,C:\Users\Eric\Documents\cig-ads-image\data\images\BLUFACE_071721_0.png,Ad images for Yiqun/Blu/Blu Facebook/Facebook 2021/BluFace_071721_0.png,BluFace_071721_0,2021,1,0,0,0,0,0,0,0,0,0,0,0,0,0,0,0,1
BLUFACE_071722_0,C:\Users\Eric\Documents\cig-ads-image\data\images\BLUFACE_071722_0.png,Ad images for Yiqun/Blu/Blu Facebook/Facebook 2022/BluFace_071722_0.png,BluFace_071722_0,2022,1,0,0,0,0,0,0,0,0,0,0,0,0,0,0,0,1
BLUFACE_071821_0,C:\Users\Eric\Documents\cig-ads-image\data\images\BLUFACE_071821_0.png,Ad images for Yiqun/Blu/Blu Facebook/Facebook 2021/BluFace_071821_0.png,BluFace_071821_0,2021,1,0,0,0,0,0,1,0,0,0,0,0,0,0,0,0,1
BLUFACE_071922_0,C:\Users\Eric\Documents\cig-ads-image\data\images\BLUFACE_071922_0.png,Ad images for Yiqun/Blu/Blu Facebook/Facebook 2022/BluFace_071922_0.png,BluFace_071922_0,2022,1,0,0,0,0,0,0,0,0,0,0,0,0,0,0,0,1
BLUFACE_072021_0,C:\Users\Eric\Documents\cig-ads-image\data\images\BLUFACE_072021_0.png,Ad images for Yiqun/Blu/Blu Facebook/Facebook 2021/BluFace_072021_0.png,BluFace_072021_0,2021,1,0,1,0,0,0,0,0,0,0,0,0,0,0,0,0,1
BLUFACE_072022_0,C:\Users\Eric\Documents\cig-ads-image\data\images\BLUFACE_072022_0.png,Ad images for Yiqun/Blu/Blu Facebook/Facebook 2022/BluFace_072022_0.png,BluFace_072022_0,2022,1,0,0,0,0,0,0,0,0,0,0,0,0,0,0,0,1
BLUFACE_072121_0,C:\Users\Eric\Documents\cig-ads-image\data\images\BLUFACE_072121_0.png,Ad images for Yiqun/Blu/Blu Facebook/Facebook 2021/BluFace_072121_0.png,BluFace_072121_0,2021,1,1,1,0,0,0,0,0,0,0,0,0,0,0,0,0,1
BLUFACE_072122_0,C:\Users\Eric\Documents\cig-ads-image\data\images\BLUFACE_072122_0.png,Ad images for Yiqun/Blu/Blu Facebook/Facebook 2022/BluFace_072122_0.png,BluFace_072122_0,2022,1,0,0,0,0,0,0,0,0,0,0,0,0,0,0,0,1
BLUFACE_072222_0,C:\Users\Eric\Documents\cig-ads-image\data\images\BLUFACE_072222_0.png,Ad images for Yiqun/Blu/Blu Facebook/Facebook 2022/BluFace_072222_0.png,BluFace_072222_0,2022,1,0,0,0,0,0,1,0,0,0,0,0,0,0,0,0,1
BLUFACE_072321_0,C:\Users\Eric\Documents\cig-ads-image\data\images\BLUFACE_072321_0.png,Ad images for Yiqun/Blu/Blu Facebook/Facebook 2021/BluFace_072321_0.png,BluFace_072321_0,2021,1,0,0,0,0,0,0,0,0,0,0,0,0,1,0,0,1
BLUFACE_072322_0,C:\Users\Eric\Documents\cig-ads-image\data\images\BLUFACE_072322_0.png,Ad images for Yiqun/Blu/Blu Facebook/Facebook 2022/BluFace_072322_0.png,BluFace_072322_0,2022,1,0,0,0,0,0,0,0,0,0,0,0,0,0,0,0,0
BLUFACE_072422_0,C:\Users\Eric\Documents\cig-ads-image\data\images\BLUFACE_072422_0.png,Ad images for Yiqun/Blu/Blu Facebook/Facebook 2022/BluFace_072422_0.png,BluFace_072422_0,2022,1,0,0,0,0,0,0,0,0,0,0,0,0,0,0,0,1
BLUFACE_072521_0,C:\Users\Eric\Documents\cig-ads-image\data\images\BLUFACE_072521_0.png,Ad images for Yiqun/Blu/Blu Facebook/Facebook 2021/BluFace_072521_0.png,BluFace_072521_0,2021,1,0,0,0,0,0,0,0,0,0,0,0,0,0,0,0,1
BLUFACE_072622_0,C:\Users\Eric\Documents\cig-ads-image\data\images\BLUFACE_072622_0.png,Ad images for Yiqun/Blu/Blu Facebook/Facebook 2022/BluFace_072622_0.png,BluFace_072622_0,2022,1,0,0,0,0,0,0,0,0,0,0,0,0,0,0,0,1
BLUFACE_072721_0,C:\Users\Eric\Documents\cig-ads-image\data\images\BLUFACE_072721_0.png,Ad images for Yiqun/Blu/Blu Facebook/Facebook 2021/BluFace_072721_0.png,BluFace_072721_0,2021,1,1,0,0,0,0,0,0,0,0,0,0,0,0,0,0,1
BLUFACE_072821_0,C:\Users\Eric\Documents\cig-ads-image\data\images\BLUFACE_072821_0.png,Ad images for Yiqun/Blu/Blu Facebook/Facebook 2021/BluFace_072821_0.png,BluFace_072821_0,2021,1,0,0,0,0,0,0,0,0,0,0,0,1,0,0,0,1
BLUFACE_073021_0,C:\Users\Eric\Documents\cig-ads-image\data\images\BLUFACE_073021_0.png,Ad images for Yiqun/Blu/Blu Facebook/Facebook 2021/BluFace_073021_0.png,BluFace_073021_0,2021,1,0,0,0,0,0,0,0,0,0,0,0,0,0,0,0,1
BLUFACE_073022_0,C:\Users\Eric\Documents\cig-ads-image\data\images\BLUFACE_073022_0.png,Ad images for Yiqun/Blu/Blu Facebook/Facebook 2022/BluFace_073022_0.png,BluFace_073022_0,2022,1,0,0,0,0,0,0,0,0,0,0,0,0,0,0,0,1
BLUFACE_073121_0,C:\Users\Eric\Documents\cig-ads-image\data\images\BLUFACE_073121_0.png,Ad images for Yiqun/Blu/Blu Facebook/Facebook 2021/BluFace_073121_0.png,BluFace_073121_0,2021,1,0,0,0,0,0,0,0,0,0,0,0,0,0,0,0,1
BLUFACE_073122_0,C:\Users\Eric\Documents\cig-ads-image\data\images\BLUFACE_073122_0.png,Ad images for Yiqun/Blu/Blu Facebook/Facebook 2022/BluFace_073122_0.png,BluFace_073122_0,2022,1,0,0,0,0,0,0,0,0,0,0,0,0,0,0,0,1
BLUFACE_080121_0,C:\Users\Eric\Documents\cig-ads-image\data\images\BLUFACE_080121_0.png,Ad images for Yiqun/Blu/Blu Facebook/Facebook 2021/BluFace_080121_0.png,BluFace_080121_0,2021,1,0,0,0,0,0,0,0,0,0,0,0,0,0,0,0,1
BLUFACE_080222_0,C:\Users\Eric\Documents\cig-ads-image\data\images\BLUFACE_080222_0.png,Ad images for Yiqun/Blu/Blu Facebook/Facebook 2022/BluFace_080222_0.png,BluFace_080222_0,2022,1,0,0,0,0,0,0,0,0,0,0,0,0,0,0,0,1
BLUFACE_080321_0,C:\Users\Eric\Documents\cig-ads-image\data\images\BLUFACE_080321_0.png,Ad images for Yiqun/Blu/Blu Facebook/Facebook 2021/BluFace_080321_0.png,BluFace_080321_0,2021,1,0,0,0,0,0,0,0,0,0,0,0,0,0,0,0,1
BLUFACE_080322_0,C:\Users\Eric\Documents\cig-ads-image\data\images\BLUFACE_080322_0.png,Ad images for Yiqun/Blu/Blu Facebook/Facebook 2022/BluFace_080322_0.png,BluFace_080322_0,2022,1,0,0,0,0,0,0,0,0,0,0,0,0,0,0,0,1
BLUFACE_080421_0,C:\Users\Eric\Documents\cig-ads-image\data\images\BLUFACE_080421_0.png,Ad images for Yiqun/Blu/Blu Facebook/Facebook 2021/BluFace_080421_0.png,BluFace_080421_0,2021,1,0,0,0,0,0,1,0,0,0,0,0,0,0,0,0,1
BLUFACE_080621_0,C:\Users\Eric\Documents\cig-ads-image\data\images\BLUFACE_080621_0.png,Ad images for Yiqun/Blu/Blu Facebook/Facebook 2021/BluFace_080621_0.png,BluFace_080621_0,2021,1,0,0,0,0,0,0,0,0,0,0,0,0,0,0,0,1
BLUFACE_080622_0,C:\Users\Eric\Documents\cig-ads-image\data\images\BLUFACE_080622_0.png,Ad images for Yiqun/Blu/Blu Facebook/Facebook 2022/BluFace_080622_0.png,BluFace_080622_0,2022,1,0,0,0,0,0,0,0,0,0,0,0,0,0,0,0,1
BLUFACE_080721_0,C:\Users\Eric\Documents\cig-ads-image\data\images\BLUFACE_080721_0.png,Ad images for Yiqun/Blu/Blu Facebook/Facebook 2021/BluFace_080721_0.png,BluFace_080721_0,2021,1,0,0,0,0,1,0,1,0,0,0,0,0,0,0,0,1
BLUFACE_080821_0,C:\Users\Eric\Documents\cig-ads-image\data\images\BLUFACE_080821_0.png,Ad images for Yiqun/Blu/Blu Facebook/Facebook 2021/BluFace_080821_0.png,BluFace_080821_0,2021,1,0,0,0,0,0,0,0,0,0,0,0,0,0,0,0,1
BLUFACE_080921_0,C:\Users\Eric\Documents\cig-ads-image\data\images\BLUFACE_080921_0.png,Ad images for Yiqun/Blu/Blu Facebook/Facebook 2021/BluFace_080921_0.png,BluFace_080921_0,2021,1,1,0,0,0,0,0,0,0,0,0,0,0,0,0,0,1
BLUFACE_080922_0,C:\Users\Eric\Documents\cig-ads-image\data\images\BLUFACE_080922_0.png,Ad images for Yiqun/Blu/Blu Facebook/Facebook 2022/BluFace_080922_0.png,BluFace_080922_0,2022,1,0,0,0,0,0,0,0,0,0,0,0,0,0,0,0,1
BLUFACE_081021_0,C:\Users\Eric\Documents\cig-ads-image\data\images\BLUFACE_081021_0.png,Ad images for Yiqun/Blu/Blu Facebook/Facebook 2021/BluFace_081021_0.png,BluFace_081021_0,2021,1,0,0,0,0,0,0,0,0,0,0,0,0,1,0,0,1
BLUFACE_081022_0,C:\Users\Eric\Documents\cig-ads-image\data\images\BLUFACE_081022_0.png,Ad images for Yiqun/Blu/Blu Facebook/Facebook 2022/BluFace_081022_0.png,BluFace_081022_0,2022,1,0,0,0,0,0,0,0,0,0,0,0,0,0,0,0,1
BLUFACE_081121_0,C:\Users\Eric\Documents\cig-ads-image\data\images\BLUFACE_081121_0.png,Ad images for Yiqun/Blu/Blu Facebook/Facebook 2021/BluFace_081121_0.png,BluFace_081121_0,2021,1,0,1,0,0,0,1,0,0,0,0,0,0,0,0,0,1
BLUFACE_081122_0,C:\Users\Eric\Documents\cig-ads-image\data\images\BLUFACE_081122_0.png,Ad images for Yiqun/Blu/Blu Facebook/Facebook 2022/BluFace_081122_0.png,BluFace_081122_0,2022,1,0,0,0,0,0,0,0,0,0,0,0,0,0,0,0,1
BLUFACE_081222_0,C:\Users\Eric\Documents\cig-ads-image\data\images\BLUFACE_081222_0.png,Ad images for Yiqun/Blu/Blu Facebook/Facebook 2022/BluFace_081222_0.png,BluFace_081222_0,2022,1,0,0,0,0,0,0,0,0,0,0,0,0,0,0,0,1
BLUFACE_081321_0,C:\Users\Eric\Documents\cig-ads-image\data\images\BLUFACE_081321_0.png,Ad images for Yiqun/Blu/Blu Facebook/Facebook 2021/BluFace_081321_0.png,BluFace_081321_0,2021,1,0,0,0,0,0,0,0,0,0,0,0,0,0,0,0,1
BLUFACE_081421_0,C:\Users\Eric\Documents\cig-ads-image\data\images\BLUFACE_081421_0.png,Ad images for Yiqun/Blu/Blu Facebook/Facebook 2021/BluFace_081421_0.png,BluFace_081421_0,2021,1,0,0,0,0,0,0,0,0,0,0,0,0,0,0,0,1
BLUFACE_081521_0,C:\Users\Eric\Documents\cig-ads-image\data\images\BLUFACE_081521_0.png,Ad images for Yiqun/Blu/Blu Facebook/Facebook 2021/BluFace_081521_0.png,BluFace_081521_0,2021,1,0,0,0,0,1,0,0,0,0,0,0,0,0,0,0,1
BLUFACE_081621_0,C:\Users\Eric\Documents\cig-ads-image\data\images\BLUFACE_081621_0.png,Ad images for Yiqun/Blu/Blu Facebook/Facebook 2021/BluFace_081621_0.png,BluFace_081621_0,2021,1,0,0,0,0,0,0,0,0,0,0,0,0,0,0,0,1
BLUFACE_081721_0,C:\Users\Eric\Documents\cig-ads-image\data\images\BLUFACE_081721_0.png,Ad images for Yiqun/Blu/Blu Facebook/Facebook 2021/BluFace_081721_0.png,BluFace_081721_0,2021,1,0,1,0,0,0,0,0,0,0,0,0,0,0,0,0,1
BLUFACE_081722_0,C:\Users\Eric\Documents\cig-ads-image\data\images\BLUFACE_081722_0.png,Ad images for Yiqun/Blu/Blu Facebook/Facebook 2022/BluFace_081722_0.png,BluFace_081722_0,2022,1,0,0,0,0,0,0,0,0,0,0,0,0,0,0,0,1
BLUFACE_081821_0,C:\Users\Eric\Documents\cig-ads-image\data\images\BLUFACE_081821_0.png,Ad images for Yiqun/Blu/Blu Facebook/Facebook 2021/BluFace_081821_0.png,BluFace_081821_0,2021,1,0,0,0,0,0,0,0,0,0,0,0,0,0,0,0,1
BLUFACE_081822_0,C:\Users\Eric\Documents\cig-ads-image\data\images\BLUFACE_081822_0.png,Ad images for Yiqun/Blu/Blu Facebook/Facebook 2022/BluFace_081822_0.png,BluFace_081822_0,2022,1,0,0,0,0,0,0,0,0,0,0,0,0,0,0,0,1
BLUFACE_081921_0,C:\Users\Eric\Documents\cig-ads-image\data\images\BLUFACE_081921_0.png,Ad images for Yiqun/Blu/Blu Facebook/Facebook 2021/BluFace_081921_0.png,BluFace_081921_0,2021,1,0,0,0,0,0,0,0,0,0,0,0,0,0,0,0,1
BLUFACE_081922_0,C:\Users\Eric\Documents\cig-ads-image\data\images\BLUFACE_081922_0.png,Ad images for Yiqun/Blu/Blu Facebook/Facebook 2022/BluFace_081922_0.png,BluFace_081922_0,2022,1,0,0,0,0,0,0,0,0,0,0,0,0,0,0,0,1
BLUFACE_082021_0,C:\Users\Eric\Documents\cig-ads-image\data\images\BLUFACE_082021_0.png,Ad images for Yiqun/Blu/Blu Facebook/Facebook 2021/BluFace_082021_0.png,BluFace_082021_0,2021,1,0,0,0,0,0,0,0,0,0,0,0,0,0,0,0,1
BLUFACE_082022_0,C:\Users\Eric\Documents\cig-ads-image\data\images\BLUFACE_082022_0.png,Ad images for Yiqun/Blu/Blu Facebook/Facebook 2022/BluFace_082022_0.png,BluFace_082022_0,2022,1,0,0,0,0,0,0,0,0,0,0,0,0,0,0,0,1
BLUFACE_082121_0,C:\Users\Eric\Documents\cig-ads-image\data\images\BLUFACE_082121_0.png,Ad images for Yiqun/Blu/Blu Facebook/Facebook 2021/BluFace_082121_0.png,BluFace_082121_0,2021,1,0,0,0,0,0,0,0,0,0,0,0,0,0,0,0,1
BLUFACE_082221_0,C:\Users\Eric\Documents\cig-ads-image\data\images\BLUFACE_082221_0.png,Ad images for Yiqun/Blu/Blu Facebook/Facebook 2021/BluFace_082221_0.png,BluFace_082221_0,2021,1,0,0,0,0,0,0,0,0,0,0,0,0,0,0,0,1
BLUFACE_082223_0,C:\Users\Eric\Documents\cig-ads-image\data\images\BLUFACE_082223_0.png,Ad images for Yiqun/Blu/Blu Facebook/Facebook 2023/BluFace_082223_0.png,BluFace_082223_0,2023,1,0,0,0,0,0,0,0,0,0,0,0,0,0,0,0,1
BLUFACE_082322_0,C:\Users\Eric\Documents\cig-ads-image\data\images\BLUFACE_082322_0.png,Ad images for Yiqun/Blu/Blu Facebook/Facebook 2022/BluFace_082322_0.png,BluFace_082322_0,2022,1,0,0,0,0,0,0,0,0,0,0,0,0,0,0,0,1
BLUFACE_082323_0,C:\Users\Eric\Documents\cig-ads-image\data\images\BLUFACE_082323_0.png,Ad images for Yiqun/Blu/Blu Facebook/Facebook 2023/BluFace_082323_0.png,BluFace_082323_0,2023,1,0,0,0,0,0,0,0,0,0,0,0,0,0,0,0,1
BLUFACE_082421_0,C:\Users\Eric\Documents\cig-ads-image\data\images\BLUFACE_082421_0.png,Ad images for Yiqun/Blu/Blu Facebook/Facebook 2021/BluFace_082421_0.png,BluFace_082421_0,2021,1,0,0,0,0,0,0,0,0,0,0,0,0,0,0,0,1
BLUFACE_082423_0,C:\Users\Eric\Documents\cig-ads-image\data\images\BLUFACE_082423_0.png,Ad images for Yiqun/Blu/Blu Facebook/Facebook 2023/BluFace_082423_0.png,BluFace_082423_0,2023,1,0,0,0,0,0,0,0,0,0,0,0,0,0,0,0,1
BLUFACE_082521_0,C:\Users\Eric\Documents\cig-ads-image\data\images\BLUFACE_082521_0.png,Ad images for Yiqun/Blu/Blu Facebook/Facebook 2021/BluFace_082521_0.png,BluFace_082521_0,2021,1,0,0,0,0,0,0,0,0,0,0,0,0,0,0,0,1
BLUFACE_082523_0,C:\Users\Eric\Documents\cig-ads-image\data\images\BLUFACE_082523_0.png,Ad images for Yiqun/Blu/Blu Facebook/Facebook 2023/BluFace_082523_0​.png,BluFace_082523_0​,2023,1,0,0,0,0,0,0,0,0,0,0,0,0,0,0,0,1
BLUFACE_082621_0,C:\Users\Eric\Documents\cig-ads-image\data\images\BLUFACE_082621_0.png,Ad images for Yiqun/Blu/Blu Facebook/Facebook 2021/BluFace_082621_0.png,BluFace_082621_0,2021,1,0,0,0,0,1,0,0,0,0,0,0,0,0,0,0,1
BLUFACE_082622_0,C:\Users\Eric\Documents\cig-ads-image\data\images\BLUFACE_082622_0.png,Ad images for Yiqun/Blu/Blu Facebook/Facebook 2022/BluFace_082622_0.png,BluFace_082622_0,2022,1,0,0,0,0,0,0,0,0,0,0,0,0,0,0,0,1
BLUFACE_082623_0,C:\Users\Eric\Documents\cig-ads-image\data\images\BLUFACE_082623_0.png,Ad images for Yiqun/Blu/Blu Facebook/Facebook 2023/BluFace_082623_0.png,BluFace_082623_0,2023,1,0,1,0,0,0,0,0,0,0,0,0,0,1,0,0,1
BLUFACE_082721_0,C:\Users\Eric\Documents\cig-ads-image\data\images\BLUFACE_082721_0.png,Ad images for Yiqun/Blu/Blu Facebook/Facebook 2021/BluFace_082721_0.png,BluFace_082721_0,2021,1,1,0,0,0,0,0,0,0,0,0,0,0,0,0,0,1
BLUFACE_082821_0,C:\Users\Eric\Documents\cig-ads-image\data\images\BLUFACE_082821_0.png,Ad images for Yiqun/Blu/Blu Facebook/Facebook 2021/BluFace_082821_0.png,BluFace_082821_0,2021,1,0,0,0,0,0,0,0,0,0,0,0,0,0,0,0,1
BLUFACE_082921_0,C:\Users\Eric\Documents\cig-ads-image\data\images\BLUFACE_082921_0.png,Ad images for Yiqun/Blu/Blu Facebook/Facebook 2021/BluFace_082921_0.png,BluFace_082921_0,2021,1,0,0,0,0,0,0,0,0,0,0,0,0,0,0,0,1
BLUFACE_082923_0,C:\Users\Eric\Documents\cig-ads-image\data\images\BLUFACE_082923_0.png,Ad images for Yiqun/Blu/Blu Facebook/Facebook 2023/BluFace_082923_0.png,BluFace_082923_0,2023,1,0,0,0,0,0,1,0,1,0,0,1,0,0,0,0,1
BLUFACE_082923_1,C:\Users\Eric\Documents\cig-ads-image\data\images\BLUFACE_082923_1.png,Ad images for Yiqun/Blu/Blu Facebook/Facebook 2023/BluFace_082923_1.png,BluFace_082923_1,2023,1,0,0,0,0,0,0,0,0,0,0,0,0,0,0,0,1
BLUFACE_083021_0,C:\Users\Eric\Documents\cig-ads-image\data\images\BLUFACE_083021_0.png,Ad images for Yiqun/Blu/Blu Facebook/Facebook 2021/BluFace_083021_0.png,BluFace_083021_0,2021,1,0,0,0,1,0,0,0,1,0,0,0,0,0,0,0,1
BLUFACE_083022_0,C:\Users\Eric\Documents\cig-ads-image\data\images\BLUFACE_083022_0.png,Ad images for Yiqun/Blu/Blu Facebook/Facebook 2022/BluFace_083022_0.png,BluFace_083022_0,2022,1,0,0,0,0,0,0,0,0,0,0,0,0,0,0,0,1
BLUFACE_083023_0,C:\Users\Eric\Documents\cig-ads-image\data\images\BLUFACE_083023_0.png,Ad images for Yiqun/Blu/Blu Facebook/Facebook 2023/BluFace_083023_0​.png,BluFace_083023_0,2023,1,0,0,0,0,0,0,1,0,0,0,0,0,0,0,0,1
BLUFACE_083121_0,C:\Users\Eric\Documents\cig-ads-image\data\images\BLUFACE_083121_0.png,Ad images for Yiqun/Blu/Blu Facebook/Facebook 2021/BluFace_083121_0.png,BluFace_083121_0,2021,1,0,0,0,0,0,0,0,0,0,0,0,0,0,0,0,1
BLUFACE_083122_0,C:\Users\Eric\Documents\cig-ads-image\data\images\BLUFACE_083122_0.png,Ad images for Yiqun/Blu/Blu Facebook/Facebook 2022/BluFace_083122_0.png,BluFace_083122_0,2022,1,0,0,0,0,0,0,0,0,0,0,0,0,0,0,0,1
BLUFACE_083123_0,C:\Users\Eric\Documents\cig-ads-image\data\images\BLUFACE_083123_0.png,Ad images for Yiqun/Blu/Blu Facebook/Facebook 2023/BluFace_083123_0​.png,BluFace_083123_0,2022,1,0,0,0,0,0,0,0,0,0,0,0,0,0,0,0,1
BLUFACE_090121_0,C:\Users\Eric\Documents\cig-ads-image\data\images\BLUFACE_090121_0.png,Ad images for Yiqun/Blu/Blu Facebook/Facebook 2021/BluFace_090121_0.png,BluFace_090121_0,2021,1,0,0,0,0,1,0,0,0,0,0,0,0,0,0,0,1
BLUFACE_090122_0,C:\Users\Eric\Documents\cig-ads-image\data\images\BLUFACE_090122_0.png,Ad images for Yiqun/Blu/Blu Facebook/Facebook 2022/BluFace_090122_0.png,BluFace_090122_0,2022,1,0,0,0,0,0,0,0,0,0,0,0,0,0,0,0,1
BLUFACE_090123_0,C:\Users\Eric\Documents\cig-ads-image\data\images\BLUFACE_090123_0.png,Ad images for Yiqun/Blu/Blu Facebook/Facebook 2023/BluFace_090123_0​.png,BluFace_090123_0,2023,1,1,0,0,0,0,0,0,0,0,0,0,0,0,0,0,1
BLUFACE_090222_0,C:\Users\Eric\Documents\cig-ads-image\data\images\BLUFACE_090222_0.png,Ad images for Yiqun/Blu/Blu Facebook/Facebook 2022/BluFace_090222_0.png,BluFace_090222_0,2022,1,0,0,0,0,0,0,0,0,0,0,0,0,0,0,0,1
BLUFACE_090223_0,C:\Users\Eric\Documents\cig-ads-image\data\images\BLUFACE_090223_0.png,Ad images for Yiqun/Blu/Blu Facebook/Facebook 2023/BluFace_090223_0A.png,BluFace_090223_0,2022,1,0,0,0,0,0,0,0,0,0,0,0,1,0,0,0,1
BLUFACE_090321_0,C:\Users\Eric\Documents\cig-ads-image\data\images\BLUFACE_090321_0.png,Ad images for Yiqun/Blu/Blu Facebook/Facebook 2021/BluFace_090321_0.png,BluFace_090321_0,2021,1,0,0,0,0,0,0,0,0,0,0,0,0,0,0,0,1
BLUFACE_090322_0,C:\Users\Eric\Documents\cig-ads-image\data\images\BLUFACE_090322_0.png,Ad images for Yiqun/Blu/Blu Facebook/Facebook 2022/BluFace_090322_0.png,BluFace_090322_0,2022,1,0,0,0,0,0,0,0,0,0,0,0,0,0,0,0,0
BLUFACE_090421_0,C:\Users\Eric\Documents\cig-ads-image\data\images\BLUFACE_090421_0.png,Ad images for Yiqun/Blu/Blu Facebook/Facebook 2021/BluFace_090421_0.png,BluFace_090421_0,2021,1,0,0,0,0,0,0,0,0,0,0,0,0,0,0,0,1
BLUFACE_090521_0,C:\Users\Eric\Documents\cig-ads-image\data\images\BLUFACE_090521_0.png,Ad images for Yiqun/Blu/Blu Facebook/Facebook 2021/BluFace_090521_0.png,BluFace_090521_0,2021,1,0,0,0,0,0,0,0,0,0,0,0,0,0,0,0,1
BLUFACE_090523_0,C:\Users\Eric\Documents\cig-ads-image\data\images\BLUFACE_090523_0.png,Ad images for Yiqun/Blu/Blu Facebook/Facebook 2023/BluFace_090523_0​.png,BluFace_090523_0,2022,1,0,0,0,0,0,0,0,0,0,0,0,0,0,0,0,1
BLUFACE_090622_0,C:\Users\Eric\Documents\cig-ads-image\data\images\BLUFACE_090622_0.png,Ad images for Yiqun/Blu/Blu Facebook/Facebook 2022/BluFace_090622_0.png,BluFace_090622_0,2022,1,0,0,0,0,0,0,0,0,0,0,0,0,0,0,0,1
BLUFACE_090623_0,C:\Users\Eric\Documents\cig-ads-image\data\images\BLUFACE_090623_0.png,Ad images for Yiqun/Blu/Blu Facebook/Facebook 2023/BluFace_090623_0​.png,BluFace_090623_0,2022,1,0,1,0,0,0,0,0,0,0,0,0,0,0,0,0,1
BLUFACE_090721_0,C:\Users\Eric\Documents\cig-ads-image\data\images\BLUFACE_090721_0.png,Ad images for Yiqun/Blu/Blu Facebook/Facebook 2021/BluFace_090721_0.png,BluFace_090721_0,2021,1,0,1,0,0,0,0,0,0,0,0,0,0,0,0,0,1
BLUFACE_090722_0,C:\Users\Eric\Documents\cig-ads-image\data\images\BLUFACE_090722_0.png,Ad images for Yiqun/Blu/Blu Facebook/Facebook 2022/BluFace_090722_0.png,BluFace_090722_0,2022,1,0,0,0,0,0,0,0,0,0,0,0,0,0,0,0,1
BLUFACE_090723_0,C:\Users\Eric\Documents\cig-ads-image\data\images\BLUFACE_090723_0.png,Ad images for Yiqun/Blu/Blu Facebook/Facebook 2023/BluFace_090723_0​.png,BluFace_090723_0,2023,1,0,0,0,0,0,0,0,0,0,0,0,0,0,0,0,1
BLUFACE_090821_0,C:\Users\Eric\Documents\cig-ads-image\data\images\BLUFACE_090821_0.png,Ad images for Yiqun/Blu/Blu Facebook/Facebook 2021/BluFace_090821_0.png,BluFace_090821_0,2021,1,0,0,0,0,0,0,0,0,0,0,0,0,0,0,0,1
BLUFACE_090822_0,C:\Users\Eric\Documents\cig-ads-image\data\images\BLUFACE_090822_0.png,Ad images for Yiqun/Blu/Blu Facebook/Facebook 2022/BluFace_090822_0.png,BluFace_090822_0,2022,1,0,1,0,0,0,0,0,0,0,0,0,0,0,0,0,1
BLUFACE_090823_0,C:\Users\Eric\Documents\cig-ads-image\data\images\BLUFACE_090823_0.png,Ad images for Yiqun/Blu/Blu Facebook/Facebook 2023/BluFace_090823_0​.png,BluFace_090823_0,2023,1,0,0,0,0,1,0,0,0,0,0,0,0,0,0,0,1
BLUFACE_090922_0,C:\Users\Eric\Documents\cig-ads-image\data\images\BLUFACE_090922_0.png,Ad images for Yiqun/Blu/Blu Facebook/Facebook 2022/BluFace_090922_0.png,BluFace_090922_0,2022,1,0,0,0,0,0,0,0,0,0,0,0,0,0,0,0,1
BLUFACE_090923_0,C:\Users\Eric\Documents\cig-ads-image\data\images\BLUFACE_090923_0.png,Ad images for Yiqun/Blu/Blu Facebook/Facebook 2023/BluFace_090923_0​.png,BluFace_090923_0,2023,1,0,0,0,0,1,0,0,0,0,0,0,0,0,0,0,1
BLUFACE_091021_0,C:\Users\Eric\Documents\cig-ads-image\data\images\BLUFACE_091021_0.png,Ad images for Yiqun/Blu/Blu Facebook/Facebook 2021/BluFace_091021_0.png,BluFace_091021_0,2021,1,0,0,0,0,0,0,0,0,0,0,0,0,0,0,0,1
BLUFACE_091022_0,C:\Users\Eric\Documents\cig-ads-image\data\images\BLUFACE_091022_0.png,Ad images for Yiqun/Blu/Blu Facebook/Facebook 2022/BluFace_091022_0.png,BluFace_091022_0,2022,1,0,0,0,0,0,0,0,0,0,0,0,0,0,0,0,1
BLUFACE_091121_0,C:\Users\Eric\Documents\cig-ads-image\data\images\BLUFACE_091121_0.png,Ad images for Yiqun/Blu/Blu Facebook/Facebook 2021/BluFace_091121_0.png,BluFace_091121_0,2021,1,0,0,0,0,0,0,0,0,0,0,0,0,0,0,0,1
BLUFACE_091221_0,C:\Users\Eric\Documents\cig-ads-image\data\images\BLUFACE_091221_0.png,Ad images for Yiqun/Blu/Blu Facebook/Facebook 2021/BluFace_091221_0.png,BluFace_091221_0,2021,1,0,0,0,0,0,0,1,0,0,0,0,0,0,0,0,1
BLUFACE_091223_0,C:\Users\Eric\Documents\cig-ads-image\data\images\BLUFACE_091223_0.png,Ad images for Yiqun/Blu/Blu Facebook/Facebook 2023/BluFace_091223_0​.png,BluFace_091223_0,2023,1,0,0,1,0,0,0,0,0,0,0,0,0,0,0,0,1
BLUFACE_091323_0,C:\Users\Eric\Documents\cig-ads-image\data\images\BLUFACE_091323_0.png,Ad images for Yiqun/Blu/Blu Facebook/Facebook 2023/BluFace_091323_0​.png,BluFace_091323_0,2023,1,0,0,0,0,0,0,0,0,0,0,0,0,0,0,0,1
BLUFACE_091421_0,C:\Users\Eric\Documents\cig-ads-image\data\images\BLUFACE_091421_0.png,Ad images for Yiqun/Blu/Blu Facebook/Facebook 2021/BluFace_091421_0.png,BluFace_091421_0,2021,1,0,0,0,0,0,0,0,0,0,0,0,0,0,0,0,1
BLUFACE_091423_0,C:\Users\Eric\Documents\cig-ads-image\data\images\BLUFACE_091423_0.png,Ad images for Yiqun/Blu/Blu Facebook/Facebook 2023/BluFace_091423_0​.png,BluFace_091423_0,2023,1,0,0,0,0,0,0,0,0,0,0,0,0,0,0,0,1
BLUFACE_091521_0,C:\Users\Eric\Documents\cig-ads-image\data\images\BLUFACE_091521_0.png,Ad images for Yiqun/Blu/Blu Facebook/Facebook 2021/BluFace_091521_0.png,BluFace_091521_0,2021,1,0,0,1,0,0,0,0,0,0,0,0,0,0,0,0,1
BLUFACE_091523_0,C:\Users\Eric\Documents\cig-ads-image\data\images\BLUFACE_091523_0.png,Ad images for Yiqun/Blu/Blu Facebook/Facebook 2023/BluFace_091523_0​.png,BluFace_091523_0,2023,1,0,1,0,0,1,0,0,0,0,0,0,0,0,0,0,1
BLUFACE_091623_0,C:\Users\Eric\Documents\cig-ads-image\data\images\BLUFACE_091623_0.png,Ad images for Yiqun/Blu/Blu Facebook/Facebook 2023/BluFace_091623_0​.png,BluFace_091623_0,2023,1,0,0,0,0,0,0,0,0,0,0,0,0,0,0,0,1
BLUFACE_091721_0,C:\Users\Eric\Documents\cig-ads-image\data\images\BLUFACE_091721_0.png,Ad images for Yiqun/Blu/Blu Facebook/Facebook 2021/BluFace_091721_0.png,BluFace_091721_0,2021,1,0,0,0,0,0,1,0,0,0,0,0,1,0,0,0,1
BLUFACE_091821_0,C:\Users\Eric\Documents\cig-ads-image\data\images\BLUFACE_091821_0.png,Ad images for Yiqun/Blu/Blu Facebook/Facebook 2021/BluFace_091821_0.png,BluFace_091821_0,2021,1,0,0,0,0,0,0,0,0,0,0,0,0,0,0,0,1
BLUFACE_091921_0,C:\Users\Eric\Documents\cig-ads-image\data\images\BLUFACE_091921_0.png,Ad images for Yiqun/Blu/Blu Facebook/Facebook 2021/BluFace_091921_0.png,BluFace_091921_0,2021,1,0,0,0,0,0,0,0,0,0,0,0,0,0,0,0,1
BLUFACE_091923_0,C:\Users\Eric\Documents\cig-ads-image\data\images\BLUFACE_091923_0.png,Ad images for Yiqun/Blu/Blu Facebook/Facebook 2023/BluFace_091923_0​.png,BluFace_091923_0,2023,1,0,0,0,0,0,0,0,0,0,0,0,0,0,0,0,1
BLUFACE_092021_0,C:\Users\Eric\Documents\cig-ads-image\data\images\BLUFACE_092021_0.png,Ad images for Yiqun/Blu/Blu Facebook/Facebook 2021/BluFace_092021_0.png,BluFace_092021_0,2021,1,0,0,0,0,1,1,0,0,0,0,0,0,0,0,0,1
BLUFACE_092023_0,C:\Users\Eric\Documents\cig-ads-image\data\images\BLUFACE_092023_0.png,Ad images for Yiqun/Blu/Blu Facebook/Facebook 2023/BluFace_092023_0​.png,BluFace_092023_0,2023,1,0,0,0,0,0,0,0,0,0,0,0,0,0,0,0,1
BLUFACE_092121_0,C:\Users\Eric\Documents\cig-ads-image\data\images\BLUFACE_092121_0.png,Ad images for Yiqun/Blu/Blu Facebook/Facebook 2021/BluFace_092121_0.png,BluFace_092121_0,2021,1,0,0,0,0,0,0,0,0,0,0,0,0,0,0,0,1
BLUFACE_092122_0,C:\Users\Eric\Documents\cig-ads-image\data\images\BLUFACE_092122_0.png,Ad images for Yiqun/Blu/Blu Facebook/Facebook 2022/BluFace_092122_0.png,BluFace_092122_0,2022,1,0,0,0,0,0,0,0,0,0,0,0,0,0,0,0,1
BLUFACE_092123_0,C:\Users\Eric\Documents\cig-ads-image\data\images\BLUFACE_092123_0.png,Ad images for Yiqun/Blu/Blu Facebook/Facebook 2023/BluFace_092123_0​A.png,BluFace_092123_0,2023,1,0,0,0,0,0,0,0,0,0,0,0,0,0,0,0,1
BLUFACE_092221_0,C:\Users\Eric\Documents\cig-ads-image\data\images\BLUFACE_092221_0.png,Ad images for Yiqun/Blu/Blu Facebook/Facebook 2021/BluFace_092221_0.png,BluFace_092221_0,2021,1,0,0,0,0,0,0,0,0,0,0,0,0,0,0,0,1
BLUFACE_092222_0,C:\Users\Eric\Documents\cig-ads-image\data\images\BLUFACE_092222_0.png,Ad images for Yiqun/Blu/Blu Facebook/Facebook 2022/BluFace_092222_0.png,BluFace_092222_0,2022,1,0,1,0,0,0,0,0,0,0,0,0,0,0,0,0,1
BLUFACE_092223_0,C:\Users\Eric\Documents\cig-ads-image\data\images\BLUFACE_092223_0.png,Ad images for Yiqun/Blu/Blu Facebook/Facebook 2023/BluFace_092223_0​.png,BluFace_092223_0,2023,1,0,0,0,0,0,0,0,0,0,0,0,0,0,0,0,1
BLUFACE_092323_0,C:\Users\Eric\Documents\cig-ads-image\data\images\BLUFACE_092323_0.png,Ad images for Yiqun/Blu/Blu Facebook/Facebook 2023/BluFace_092323_0​.png,BluFace_092323_0,2023,1,0,0,0,0,0,0,1,0,0,0,0,0,0,0,0,1
BLUFACE_092421_0,C:\Users\Eric\Documents\cig-ads-image\data\images\BLUFACE_092421_0.png,Ad images for Yiqun/Blu/Blu Facebook/Facebook 2021/BluFace_092421_0.png,BluFace_092421_0,2021,1,0,0,0,0,0,0,0,0,0,0,0,0,0,0,0,1
BLUFACE_092422_0,C:\Users\Eric\Documents\cig-ads-image\data\images\BLUFACE_092422_0.png,Ad images for Yiqun/Blu/Blu Facebook/Facebook 2022/BluFace_092422_0.png,BluFace_092422_0,2022,1,0,0,0,0,0,0,0,0,0,0,0,0,0,0,0,1
BLUFACE_092521_0,C:\Users\Eric\Documents\cig-ads-image\data\images\BLUFACE_092521_0.png,Ad images for Yiqun/Blu/Blu Facebook/Facebook 2021/BluFace_092521_0.png,BluFace_092521_0,2021,1,0,1,0,0,0,0,0,0,0,0,0,0,0,0,0,1
BLUFACE_092621_0,C:\Users\Eric\Documents\cig-ads-image\data\images\BLUFACE_092621_0.png,Ad images for Yiqun/Blu/Blu Facebook/Facebook 2021/BluFace_092621_0.png,BluFace_092621_0,2021,1,0,0,1,0,0,0,0,0,0,0,0,0,0,0,0,0
BLUFACE_092623_0,C:\Users\Eric\Documents\cig-ads-image\data\images\BLUFACE_092623_0.png,Ad images for Yiqun/Blu/Blu Facebook/Facebook 2023/BluFace_092623_0​A.png,BluFace_092623_0,2023,1,0,0,0,0,0,0,0,0,0,0,0,0,0,0,0,1
BLUFACE_092721_0,C:\Users\Eric\Documents\cig-ads-image\data\images\BLUFACE_092721_0.png,Ad images for Yiqun/Blu/Blu Facebook/Facebook 2021/BluFace_092721_0.png,BluFace_092721_0,2021,1,0,0,0,0,0,0,0,0,0,0,0,0,0,0,0,1
BLUFACE_092722_0,C:\Users\Eric\Documents\cig-ads-image\data\images\BLUFACE_092722_0.png,Ad images for Yiqun/Blu/Blu Facebook/Facebook 2022/BluFace_092722_0.png,BluFace_092722_0,2022,1,0,0,0,0,0,0,0,0,0,0,0,0,0,0,0,1
BLUFACE_092723_0,C:\Users\Eric\Documents\cig-ads-image\data\images\BLUFACE_092723_0.png,Ad images for Yiqun/Blu/Blu Facebook/Facebook 2023/BluFace_092723_0​.png,BluFace_092723_0,2023,1,0,0,0,0,0,0,0,0,0,0,0,0,0,0,0,1
BLUFACE_092821_0,C:\Users\Eric\Documents\cig-ads-image\data\images\BLUFACE_092821_0.png,Ad images for Yiqun/Blu/Blu Facebook/Facebook 2021/BluFace_092821_0.png,BluFace_092821_0,2021,1,0,0,0,0,0,0,0,0,0,0,0,0,0,0,0,1
BLUFACE_092822_0,C:\Users\Eric\Documents\cig-ads-image\data\images\BLUFACE_092822_0.png,Ad images for Yiqun/Blu/Blu Facebook/Facebook 2022/BluFace_092822_0.png,BluFace_092822_0,2022,1,0,0,0,0,0,0,0,0,0,0,0,0,0,0,0,1
BLUFACE_092823_0,C:\Users\Eric\Documents\cig-ads-image\data\images\BLUFACE_092823_0.png,Ad images for Yiqun/Blu/Blu Facebook/Facebook 2023/BluFace_092823_0​.png,BluFace_092823_0,2023,1,0,1,0,0,0,0,0,0,0,0,0,0,0,0,0,1
BLUFACE_092921_0,C:\Users\Eric\Documents\cig-ads-image\data\images\BLUFACE_092921_0.png,Ad images for Yiqun/Blu/Blu Facebook/Facebook 2021/BluFace_092921_0.png,BluFace_092921_0,2021,1,0,1,0,0,0,0,0,0,0,0,0,0,0,0,0,1
BLUFACE_092922_0,C:\Users\Eric\Documents\cig-ads-image\data\images\BLUFACE_092922_0.png,Ad images for Yiqun/Blu/Blu Facebook/Facebook 2022/BluFace_092922_0.png,BluFace_092922_0,2022,1,0,0,0,0,0,0,0,0,0,0,0,0,0,0,0,1
BLUFACE_092923_0,C:\Users\Eric\Documents\cig-ads-image\data\images\BLUFACE_092923_0.png,Ad images for Yiqun/Blu/Blu Facebook/Facebook 2023/BluFace_092923_0​.png,BluFace_092923_0,2023,1,0,0,0,0,0,1,0,1,0,0,0,0,0,0,0,1
BLUFACE_093021_0,C:\Users\Eric\Documents\cig-ads-image\data\images\BLUFACE_093021_0.png,Ad images for Yiqun/Blu/Blu Facebook/Facebook 2021/BluFace_093021_0.png,BluFace_093021_0,2021,1,0,0,0,0,0,0,0,0,0,0,0,0,0,0,0,1
BLUFACE_093022_0,C:\Users\Eric\Documents\cig-ads-image\data\images\BLUFACE_093022_0.png,Ad images for Yiqun/Blu/Blu Facebook/Facebook 2022/BluFace_093022_0.png,BluFace_093022_0,2022,1,0,0,0,0,0,1,0,0,0,0,0,0,0,0,0,1
BLUFACE_093023_0,C:\Users\Eric\Documents\cig-ads-image\data\images\BLUFACE_093023_0.png,Ad images for Yiqun/Blu/Blu Facebook/Facebook 2023/BluFace_093023_0​.png,BluFace_093023_0,2023,1,0,0,0,0,0,0,0,0,0,0,0,0,0,0,0,1
BLUFACE_100122_0,C:\Users\Eric\Documents\cig-ads-image\data\images\BLUFACE_100122_0.png,Ad images for Yiqun/Blu/Blu Facebook/Facebook 2022/BluFace_100122_0.png,BluFace_100122_0,2022,1,0,0,0,0,0,0,0,0,0,0,0,0,0,0,0,1
BLUFACE_100221_0,C:\Users\Eric\Documents\cig-ads-image\data\images\BLUFACE_100221_0.png,Ad images for Yiqun/Blu/Blu Facebook/Facebook 2021/BluFace_100221_0.png,BluFace_100221_0,2021,1,0,0,0,0,0,0,0,0,0,0,0,0,0,1,0,1
BLUFACE_100321_0,C:\Users\Eric\Documents\cig-ads-image\data\images\BLUFACE_100321_0.png,Ad images for Yiqun/Blu/Blu Facebook/Facebook 2021/BluFace_100321_0.png,BluFace_100321_0,2021,1,0,0,0,0,0,0,0,0,0,0,0,0,0,0,0,1
BLUFACE_100422_0,C:\Users\Eric\Documents\cig-ads-image\data\images\BLUFACE_100422_0.png,Ad images for Yiqun/Blu/Blu Facebook/Facebook 2022/BluFace_100422_0.png,BluFace_100422_0,2022,1,0,0,0,0,0,0,0,0,0,0,0,0,0,0,0,1
BLUFACE_100521_0,C:\Users\Eric\Documents\cig-ads-image\data\images\BLUFACE_100521_0.png,Ad images for Yiqun/Blu/Blu Facebook/Facebook 2021/BluFace_100521_0.png,BluFace_100521_0,2021,1,0,0,0,0,1,0,0,1,0,0,0,0,0,0,0,1
BLUFACE_100523_0,C:\Users\Eric\Documents\cig-ads-image\data\images\BLUFACE_100523_0.png,Ad images for Yiqun/Blu/Blu Facebook/Facebook 2023/BluFace_100523_0A.png,BluFace_100523_0,2023,1,0,0,0,0,0,0,0,0,0,0,0,0,0,0,0,1
BLUFACE_100621_0,C:\Users\Eric\Documents\cig-ads-image\data\images\BLUFACE_100621_0.png,Ad images for Yiqun/Blu/Blu Facebook/Facebook 2021/BluFace_100621_0.png,BluFace_100621_0,2021,1,0,0,0,0,0,0,0,0,0,0,0,0,1,0,0,1
BLUFACE_100622_0,C:\Users\Eric\Documents\cig-ads-image\data\images\BLUFACE_100622_0.png,Ad images for Yiqun/Blu/Blu Facebook/Facebook 2022/BluFace_100622_0.png,BluFace_100622_0,2022,1,0,1,0,0,0,0,0,0,0,0,0,0,0,0,0,1
BLUFACE_100721_0,C:\Users\Eric\Documents\cig-ads-image\data\images\BLUFACE_100721_0.png,Ad images for Yiqun/Blu/Blu Facebook/Facebook 2021/BluFace_100721_0.png,BluFace_100721_0,2021,1,0,0,0,0,0,0,0,0,0,0,0,0,0,0,0,1
BLUFACE_100722_0,C:\Users\Eric\Documents\cig-ads-image\data\images\BLUFACE_100722_0.png,Ad images for Yiqun/Blu/Blu Facebook/Facebook 2022/BluFace_100722_0.png,BluFace_100722_0,2022,1,0,0,0,0,0,0,0,0,0,0,0,0,0,0,0,0
BLUFACE_100822_0,C:\Users\Eric\Documents\cig-ads-image\data\images\BLUFACE_100822_0.png,Ad images for Yiqun/Blu/Blu Facebook/Facebook 2022/BluFace_100822_0.png,BluFace_100822_0,2022,1,0,0,0,0,0,0,0,0,0,0,0,0,0,0,0,1
BLUFACE_100921_0,C:\Users\Eric\Documents\cig-ads-image\data\images\BLUFACE_100921_0.png,Ad images for Yiqun/Blu/Blu Facebook/Facebook 2021/BluFace_100921_0.png,BluFace_100921_0,2021,1,0,1,0,0,0,0,0,0,0,0,0,0,0,0,0,1
BLUFACE_101021_0,C:\Users\Eric\Documents\cig-ads-image\data\images\BLUFACE_101021_0.png,Ad images for Yiqun/Blu/Blu Facebook/Facebook 2021/BluFace_101021_0.png,BluFace_101021_0,2021,1,0,0,0,0,0,0,0,0,0,0,0,0,0,0,0,1
BLUFACE_101023_0,C:\Users\Eric\Documents\cig-ads-image\data\images\BLUFACE_101023_0.png,Ad images for Yiqun/Blu/Blu Facebook/Facebook 2023/BluFace_101023_0A.png,BluFace_101023_0,2023,1,0,0,0,0,0,0,0,0,0,0,0,0,0,0,0,1
BLUFACE_101122_0,C:\Users\Eric\Documents\cig-ads-image\data\images\BLUFACE_101122_0.png,Ad images for Yiqun/Blu/Blu Facebook/Facebook 2022/BluFace_101122_0.png,BluFace_101122_0,2022,1,0,0,0,0,0,0,0,0,0,0,0,0,0,0,0,1
BLUFACE_101123_0,C:\Users\Eric\Documents\cig-ads-image\data\images\BLUFACE_101123_0.png,Ad images for Yiqun/Blu/Blu Facebook/Facebook 2023/BluFace_101123_0.png,BluFace_101123_0,2023,1,1,0,0,0,0,0,0,0,0,0,0,0,0,0,0,1
BLUFACE_101221_0,C:\Users\Eric\Documents\cig-ads-image\data\images\BLUFACE_101221_0.png,Ad images for Yiqun/Blu/Blu Facebook/Facebook 2021/BluFace_101221_0.png,BluFace_101221_0,2021,1,0,0,0,0,0,0,0,1,0,0,0,0,0,0,0,1
BLUFACE_101222_0,C:\Users\Eric\Documents\cig-ads-image\data\images\BLUFACE_101222_0.png,Ad images for Yiqun/Blu/Blu Facebook/Facebook 2022/BluFace_101222_0.png,BluFace_101222_0,2022,1,0,0,0,0,0,0,0,0,0,0,0,0,0,0,0,1
BLUFACE_101223_0,C:\Users\Eric\Documents\cig-ads-image\data\images\BLUFACE_101223_0.png,Ad images for Yiqun/Blu/Blu Facebook/Facebook 2023/BluFace_101223_0.png,BluFace_101223_0,2023,1,0,0,0,0,0,0,0,0,0,0,0,0,0,0,0,0
BLUFACE_101321_0,C:\Users\Eric\Documents\cig-ads-image\data\images\BLUFACE_101321_0.png,Ad images for Yiqun/Blu/Blu Facebook/Facebook 2021/BluFace_101321_0.png,BluFace_101321_0,2021,1,0,1,0,0,0,0,0,0,0,0,0,0,0,0,0,1
BLUFACE_101322_0,C:\Users\Eric\Documents\cig-ads-image\data\images\BLUFACE_101322_0.png,Ad images for Yiqun/Blu/Blu Facebook/Facebook 2022/BluFace_101322_0.png,BluFace_101322_0,2022,1,0,0,0,0,0,0,0,0,0,0,0,0,0,0,0,1
BLUFACE_101323_0,C:\Users\Eric\Documents\cig-ads-image\data\images\BLUFACE_101323_0.png,Ad images for Yiqun/Blu/Blu Facebook/Facebook 2023/BluFace_101323_0.png,BluFace_101323_0,2023,1,0,0,0,0,0,0,0,0,0,0,0,0,0,0,0,1
BLUFACE_101421_0,C:\Users\Eric\Documents\cig-ads-image\data\images\BLUFACE_101421_0.png,Ad images for Yiqun/Blu/Blu Facebook/Facebook 2021/BluFace_101421_0.png,BluFace_101421_0,2021,1,0,0,0,0,0,0,0,0,0,0,0,0,0,0,0,1
BLUFACE_101422_0,C:\Users\Eric\Documents\cig-ads-image\data\images\BLUFACE_101422_0.png,Ad images for Yiqun/Blu/Blu Facebook/Facebook 2022/BluFace_101422_0.png,BluFace_101422_0,2022,1,0,0,0,0,0,0,0,0,0,0,0,0,0,0,0,1
BLUFACE_101423_0,C:\Users\Eric\Documents\cig-ads-image\data\images\BLUFACE_101423_0.png,Ad images for Yiqun/Blu/Blu Facebook/Facebook 2023/BluFace_101423_0.png,BluFace_101423_0,2023,1,0,0,0,0,0,0,0,0,0,0,0,0,0,0,0,1
BLUFACE_101521_0,C:\Users\Eric\Documents\cig-ads-image\data\images\BLUFACE_101521_0.png,Ad images for Yiqun/Blu/Blu Facebook/Facebook 2021/BluFace_101521_0.png,BluFace_101521_0,2021,1,0,0,0,0,0,0,0,0,0,0,0,0,0,0,0,1
BLUFACE_101522_0,C:\Users\Eric\Documents\cig-ads-image\data\images\BLUFACE_101522_0.png,Ad images for Yiqun/Blu/Blu Facebook/Facebook 2022/BluFace_101522_0.png,BluFace_101522_0,2022,1,0,0,0,0,0,0,0,0,0,0,0,0,0,0,0,1
BLUFACE_101621_0,C:\Users\Eric\Documents\cig-ads-image\data\images\BLUFACE_101621_0.png,Ad images for Yiqun/Blu/Blu Facebook/Facebook 2021/BluFace_101621_0.png,BluFace_101621_0,2021,1,0,0,0,0,0,0,0,0,0,0,0,0,0,0,0,1
BLUFACE_101721_0,C:\Users\Eric\Documents\cig-ads-image\data\images\BLUFACE_101721_0.png,Ad images for Yiqun/Blu/Blu Facebook/Facebook 2021/BluFace_101721_0.png,BluFace_101721_0,2021,1,0,0,0,0,0,0,0,0,0,0,0,0,0,0,0,1
BLUFACE_101722_0,C:\Users\Eric\Documents\cig-ads-image\data\images\BLUFACE_101722_0.png,Ad images for Yiqun/Blu/Blu Facebook/Facebook 2022/BluFace_101722_0.png,BluFace_101722_0,2022,1,0,0,0,0,0,0,0,0,0,0,0,0,0,0,0,1
BLUFACE_101723_0,C:\Users\Eric\Documents\cig-ads-image\data\images\BLUFACE_101723_0.png,Ad images for Yiqun/Blu/Blu Facebook/Facebook 2023/BluFace_101723_0.png,BluFace_101723_0,2023,1,0,0,0,0,0,0,0,0,0,0,0,0,0,0,0,1
BLUFACE_101822_0,C:\Users\Eric\Documents\cig-ads-image\data\images\BLUFACE_101822_0.png,Ad images for Yiqun/Blu/Blu Facebook/Facebook 2022/BluFace_101822_0.png,BluFace_101822_0,2022,1,0,0,0,0,0,0,0,0,0,0,0,0,0,0,0,0
BLUFACE_101823_0,C:\Users\Eric\Documents\cig-ads-image\data\images\BLUFACE_101823_0.png,Ad images for Yiqun/Blu/Blu Facebook/Facebook 2023/BluFace_101823_0.png,BluFace_101823_0,2023,1,0,1,0,0,0,0,0,0,0,0,0,0,0,0,0,1
BLUFACE_101921_0,C:\Users\Eric\Documents\cig-ads-image\data\images\BLUFACE_101921_0.png,Ad images for Yiqun/Blu/Blu Facebook/Facebook 2021/BluFace_101921_0.png,BluFace_101921_0,2021,1,0,0,0,0,0,0,0,0,0,0,0,0,0,0,0,1
BLUFACE_101922_0,C:\Users\Eric\Documents\cig-ads-image\data\images\BLUFACE_101922_0.png,Ad images for Yiqun/Blu/Blu Facebook/Facebook 2022/BluFace_101922_0.png,BluFace_101922_0,2022,1,0,0,0,0,0,0,0,0,0,0,0,0,0,0,0,1
BLUFACE_101923_0,C:\Users\Eric\Documents\cig-ads-image\data\images\BLUFACE_101923_0.png,Ad images for Yiqun/Blu/Blu Facebook/Facebook 2023/BluFace_101923_0.png,BluFace_101923_0,2023,1,0,0,0,0,0,0,0,0,0,0,0,0,0,0,0,0
BLUFACE_102021_0,C:\Users\Eric\Documents\cig-ads-image\data\images\BLUFACE_102021_0.png,Ad images for Yiqun/Blu/Blu Facebook/Facebook 2021/BluFace_102021_0.png,BluFace_102021_0,2021,1,0,0,0,0,0,0,0,0,0,0,0,0,0,0,0,1
BLUFACE_102022_0,C:\Users\Eric\Documents\cig-ads-image\data\images\BLUFACE_102022_0.png,Ad images for Yiqun/Blu/Blu Facebook/Facebook 2022/BluFace_102022_0.png,BluFace_102022_0,2022,1,0,0,0,0,0,0,0,0,0,0,0,0,0,0,0,1
BLUFACE_102023_0,C:\Users\Eric\Documents\cig-ads-image\data\images\BLUFACE_102023_0.png,Ad images for Yiqun/Blu/Blu Facebook/Facebook 2023/BluFace_102023_0.png,BluFace_102023_0,2023,1,0,0,0,0,0,0,0,0,0,0,0,0,0,0,0,1
BLUFACE_102121_0,C:\Users\Eric\Documents\cig-ads-image\data\images\BLUFACE_102121_0.png,Ad images for Yiqun/Blu/Blu Facebook/Facebook 2021/BluFace_102121_0.png,BluFace_102121_0,2021,1,0,0,0,0,0,0,0,0,0,0,0,0,1,0,0,1
BLUFACE_102122_0,C:\Users\Eric\Documents\cig-ads-image\data\images\BLUFACE_102122_0.png,Ad images for Yiqun/Blu/Blu Facebook/Facebook 2022/BluFace_102122_0.png,BluFace_102122_0,2022,1,0,0,0,0,0,0,0,0,0,0,0,0,0,0,0,0
BLUFACE_102123_0,C:\Users\Eric\Documents\cig-ads-image\data\images\BLUFACE_102123_0.png,Ad images for Yiqun/Blu/Blu Facebook/Facebook 2023/BluFace_102123_0.png,BluFace_102123_0,2023,1,0,0,0,0,0,0,0,0,0,0,0,0,0,0,0,1
BLUFACE_102221_0,C:\Users\Eric\Documents\cig-ads-image\data\images\BLUFACE_102221_0.png,Ad images for Yiqun/Blu/Blu Facebook/Facebook 2021/BluFace_102221_0.png,BluFace_102221_0,2021,1,0,0,0,0,0,0,0,0,0,0,0,0,0,0,0,1
BLUFACE_102221_1,C:\Users\Eric\Documents\cig-ads-image\data\images\BLUFACE_102221_1.png,Ad images for Yiqun/Blu/Blu Facebook/Facebook 2021/BluFace_102221_1.png,BluFace_102221_1,2021,1,0,0,0,0,0,0,0,0,0,0,0,0,0,0,0,1
BLUFACE_102222_0,C:\Users\Eric\Documents\cig-ads-image\data\images\BLUFACE_102222_0.png,Ad images for Yiqun/Blu/Blu Facebook/Facebook 2022/BluFace_102222_0.png,BluFace_102222_0,2022,1,0,0,0,0,0,0,0,0,0,0,0,0,0,0,0,1
BLUFACE_102421_0,C:\Users\Eric\Documents\cig-ads-image\data\images\BLUFACE_102421_0.png,Ad images for Yiqun/Blu/Blu Facebook/Facebook 2021/BluFace_102421_0.png,BluFace_102421_0,2021,1,0,0,0,0,0,0,0,0,0,0,0,0,0,0,0,1
BLUFACE_102422_0,C:\Users\Eric\Documents\cig-ads-image\data\images\BLUFACE_102422_0.png,Ad images for Yiqun/Blu/Blu Facebook/Facebook 2022/BluFace_102422_0.png,BluFace_102422_0,2022,1,0,0,0,0,0,0,0,0,0,0,0,0,0,0,0,1
BLUFACE_102423_0,C:\Users\Eric\Documents\cig-ads-image\data\images\BLUFACE_102423_0.png,Ad images for Yiqun/Blu/Blu Facebook/Facebook 2023/BluFace_102423_0.png,BluFace_102423_0,2023,1,0,0,0,0,0,0,0,0,0,0,0,0,0,0,0,1
BLUFACE_102521_0,C:\Users\Eric\Documents\cig-ads-image\data\images\BLUFACE_102521_0.png,Ad images for Yiqun/Blu/Blu Facebook/Facebook 2021/BluFace_102521_0.png,BluFace_102521_0,2021,1,0,0,0,0,0,0,0,0,0,0,0,0,1,0,0,1
BLUFACE_102522_0,C:\Users\Eric\Documents\cig-ads-image\data\images\BLUFACE_102522_0.png,Ad images for Yiqun/Blu/Blu Facebook/Facebook 2022/BluFace_102522_0.png,BluFace_102522_0,2022,1,0,0,0,0,0,0,0,0,0,0,0,0,0,0,0,0
BLUFACE_102621_0,C:\Users\Eric\Documents\cig-ads-image\data\images\BLUFACE_102621_0.png,Ad images for Yiqun/Blu/Blu Facebook/Facebook 2021/BluFace_102621_0.png,BluFace_102621_0,2021,1,0,0,0,0,1,0,0,1,0,0,0,0,0,0,0,1
BLUFACE_102622_0,C:\Users\Eric\Documents\cig-ads-image\data\images\BLUFACE_102622_0.png,Ad images for Yiqun/Blu/Blu Facebook/Facebook 2022/BluFace_102622_0.png,BluFace_102622_0,2022,1,0,0,0,0,0,0,0,0,0,0,0,0,0,0,0,1
BLUFACE_102623_0,C:\Users\Eric\Documents\cig-ads-image\data\images\BLUFACE_102623_0.png,Ad images for Yiqun/Blu/Blu Facebook/Facebook 2023/BluFace_102623_0.png,BluFace_102623_0,2023,1,0,0,0,0,0,1,0,0,0,0,0,0,0,0,0,1
BLUFACE_102721_0,C:\Users\Eric\Documents\cig-ads-image\data\images\BLUFACE_102721_0.png,Ad images for Yiqun/Blu/Blu Facebook/Facebook 2021/BluFace_102721_0.png,BluFace_102721_0,2021,1,0,0,0,0,0,0,0,0,0,0,0,0,0,0,0,1
BLUFACE_102722_0,C:\Users\Eric\Documents\cig-ads-image\data\images\BLUFACE_102722_0.png,Ad images for Yiqun/Blu/Blu Facebook/Facebook 2022/BluFace_102722_0.png,BluFace_102722_0,2022,1,0,0,0,0,0,0,0,0,0,0,0,0,0,0,0,1
BLUFACE_102723_0,C:\Users\Eric\Documents\cig-ads-image\data\images\BLUFACE_102723_0.png,Ad images for Yiqun/Blu/Blu Facebook/Facebook 2023/BluFace_102723_0.png,BluFace_102723_0,2023,1,0,1,0,0,0,0,0,0,0,0,0,0,0,0,0,1
BLUFACE_102821_0,C:\Users\Eric\Documents\cig-ads-image\data\images\BLUFACE_102821_0.png,Ad images for Yiqun/Blu/Blu Facebook/Facebook 2021/BluFace_102821_0.png,BluFace_102821_0,2021,1,0,0,0,0,0,0,0,0,0,0,0,0,1,0,0,1
BLUFACE_102822_0,C:\Users\Eric\Documents\cig-ads-image\data\images\BLUFACE_102822_0.png,Ad images for Yiqun/Blu/Blu Facebook/Facebook 2022/BluFace_102822_0.png,BluFace_102822_0,2022,1,0,0,0,0,0,0,0,0,0,0,0,0,0,0,0,1
BLUFACE_102823_0,C:\Users\Eric\Documents\cig-ads-image\data\images\BLUFACE_102823_0.png,Ad images for Yiqun/Blu/Blu Facebook/Facebook 2023/BluFace_102823_0.png,BluFace_102823_0,2023,1,0,0,0,0,0,0,0,0,0,0,0,0,0,0,0,1
BLUFACE_102921_0,C:\Users\Eric\Documents\cig-ads-image\data\images\BLUFACE_102921_0.png,Ad images for Yiqun/Blu/Blu Facebook/Facebook 2021/BluFace_102921_0.png,BluFace_102921_0,2021,1,0,0,0,0,0,0,0,0,0,0,0,0,0,0,0,1
BLUFACE_102923_0,C:\Users\Eric\Documents\cig-ads-image\data\images\BLUFACE_102923_0.png,Ad images for Yiqun/Blu/Blu Facebook/Facebook 2023/BluFace_102923_0.png,BluFace_102923_0,2023,1,0,0,0,0,0,0,0,0,0,0,0,0,0,0,0,1
BLUFACE_103021_0,C:\Users\Eric\Documents\cig-ads-image\data\images\BLUFACE_103021_0.png,Ad images for Yiqun/Blu/Blu Facebook/Facebook 2021/BluFace_103021_0.png,BluFace_103021_0,2021,1,0,0,0,0,0,0,0,0,0,0,0,0,0,0,0,1
BLUFACE_103121_0,C:\Users\Eric\Documents\cig-ads-image\data\images\BLUFACE_103121_0.png,Ad images for Yiqun/Blu/Blu Facebook/Facebook 2021/BluFace_103121_0.png,BluFace_103121_0,2021,1,0,0,0,0,0,0,0,0,0,0,0,0,1,0,0,1
BLUFACE_103123_0,C:\Users\Eric\Documents\cig-ads-image\data\images\BLUFACE_103123_0.png,Ad images for Yiqun/Blu/Blu Facebook/Facebook 2023/BluFace_103123_0.png,BluFace_103123_0,2023,1,1,0,0,0,0,0,0,0,0,0,0,0,0,0,0,1
BLUFACE_110221_0,C:\Users\Eric\Documents\cig-ads-image\data\images\BLUFACE_110221_0.png,Ad images for Yiqun/Blu/Blu Facebook/Facebook 2021/BluFace_110221_0.png,BluFace_110221_0,2021,1,0,0,0,0,0,0,0,0,0,0,0,0,0,0,0,1
BLUFACE_110222_0,C:\Users\Eric\Documents\cig-ads-image\data\images\BLUFACE_110222_0.png,Ad images for Yiqun/Blu/Blu Facebook/Facebook 2022/BluFace_110222_0.png,BluFace_110222_0,2022,1,0,0,0,0,0,0,0,0,0,0,0,0,0,0,0,1
BLUFACE_110223_0,C:\Users\Eric\Documents\cig-ads-image\data\images\BLUFACE_110223_0.png,Ad images for Yiqun/Blu/Blu Facebook/Facebook 2023/BluFace_110223_0.png,BluFace_110223_0,2023,1,0,1,0,0,0,0,0,0,0,0,0,0,0,0,0,1
BLUFACE_110321_0,C:\Users\Eric\Documents\cig-ads-image\data\images\BLUFACE_110321_0.png,Ad images for Yiqun/Blu/Blu Facebook/Facebook 2021/BluFace_110321_0.png,BluFace_110321_0,2021,1,0,0,0,0,0,0,0,0,0,0,0,0,0,0,0,1
BLUFACE_110322_0,C:\Users\Eric\Documents\cig-ads-image\data\images\BLUFACE_110322_0.png,Ad images for Yiqun/Blu/Blu Facebook/Facebook 2022/BluFace_110322_0.png,BluFace_110322_0,2022,1,0,0,0,0,0,0,0,0,0,0,0,0,0,0,0,1
BLUFACE_110323_0,C:\Users\Eric\Documents\cig-ads-image\data\images\BLUFACE_110323_0.png,Ad images for Yiqun/Blu/Blu Facebook/Facebook 2023/BluFace_110323_0.png,BluFace_110323_0,2023,1,0,1,0,0,0,0,0,0,0,0,0,0,0,0,0,1
BLUFACE_110421_0,C:\Users\Eric\Documents\cig-ads-image\data\images\BLUFACE_110421_0.png,Ad images for Yiqun/Blu/Blu Facebook/Facebook 2021/BluFace_110421_0.png,BluFace_110421_0,2021,1,0,0,0,0,0,0,0,0,0,0,0,0,0,0,0,1
BLUFACE_110423_0,C:\Users\Eric\Documents\cig-ads-image\data\images\BLUFACE_110423_0.png,Ad images for Yiqun/Blu/Blu Facebook/Facebook 2023/BluFace_110423_0.png,BluFace_110423_0,2023,1,0,0,0,0,0,0,0,0,0,0,0,0,1,0,0,1
BLUFACE_110521_0,C:\Users\Eric\Documents\cig-ads-image\data\images\BLUFACE_110521_0.png,Ad images for Yiqun/Blu/Blu Facebook/Facebook 2021/BluFace_110521_0.png,BluFace_110521_0,2021,1,0,0,0,0,0,0,0,0,0,0,0,0,0,0,0,1
BLUFACE_110522_0,C:\Users\Eric\Documents\cig-ads-image\data\images\BLUFACE_110522_0.png,Ad images for Yiqun/Blu/Blu Facebook/Facebook 2022/BluFace_110522_0.png,BluFace_110522_0,2022,1,0,0,0,0,0,0,0,0,0,0,0,0,0,0,0,1
BLUFACE_110523_0,C:\Users\Eric\Documents\cig-ads-image\data\images\BLUFACE_110523_0.png,Ad images for Yiqun/Blu/Blu Facebook/Facebook 2023/BluFace_110523_0.png,BluFace_110523_0,2023,0,0,0,0,0,0,0,0,0,0,0,0,1,0,0,0,1
BLUFACE_110621_0,C:\Users\Eric\Documents\cig-ads-image\data\images\BLUFACE_110621_0.png,Ad images for Yiqun/Blu/Blu Facebook/Facebook 2021/BluFace_110621_0.png,BluFace_110621_0,2021,1,0,0,0,0,0,0,0,0,0,0,0,0,0,0,0,1
BLUFACE_110721_0,C:\Users\Eric\Documents\cig-ads-image\data\images\BLUFACE_110721_0.png,Ad images for Yiqun/Blu/Blu Facebook/Facebook 2021/BluFace_110721_0.png,BluFace_110721_0,2021,1,0,0,0,0,0,1,0,0,0,0,0,0,0,0,0,1
BLUFACE_110723_0,C:\Users\Eric\Documents\cig-ads-image\data\images\BLUFACE_110723_0.png,Ad images for Yiqun/Blu/Blu Facebook/Facebook 2023/BluFace_110723_0.png,BluFace_110723_0,2023,1,0,0,0,0,0,0,0,0,0,0,0,0,0,0,0,1
BLUFACE_110822_0,C:\Users\Eric\Documents\cig-ads-image\data\images\BLUFACE_110822_0.png,Ad images for Yiqun/Blu/Blu Facebook/Facebook 2022/BluFace_110822_0.png,BluFace_110822_0,2022,1,0,0,0,0,0,0,0,0,0,0,0,0,0,0,0,1
BLUFACE_110823_0,C:\Users\Eric\Documents\cig-ads-image\data\images\BLUFACE_110823_0.png,Ad images for Yiqun/Blu/Blu Facebook/Facebook 2023/BluFace_110823_0.png,BluFace_110823_0,2023,1,0,0,0,0,0,0,0,0,0,0,0,0,0,0,0,1
BLUFACE_110921_0,C:\Users\Eric\Documents\cig-ads-image\data\images\BLUFACE_110921_0.png,Ad images for Yiqun/Blu/Blu Facebook/Facebook 2021/BluFace_110921_0.png,BluFace_110921_0,2021,1,0,0,0,0,0,0,0,0,0,0,0,0,0,0,0,1
BLUFACE_110923_0,C:\Users\Eric\Documents\cig-ads-image\data\images\BLUFACE_110923_0.png,Ad images for Yiqun/Blu/Blu Facebook/Facebook 2023/BluFace_110923_0.png,BluFace_110923_0,2023,1,1,0,0,0,0,0,1,1,0,0,0,0,0,0,0,1
BLUFACE_111021_0,C:\Users\Eric\Documents\cig-ads-image\data\images\BLUFACE_111021_0.png,Ad images for Yiqun/Blu/Blu Facebook/Facebook 2021/BluFace_111021_0.png,BluFace_111021_0,2021,1,0,0,0,0,0,0,0,0,0,0,0,0,0,0,0,1
BLUFACE_111022_0,C:\Users\Eric\Documents\cig-ads-image\data\images\BLUFACE_111022_0.png,Ad images for Yiqun/Blu/Blu Facebook/Facebook 2022/BluFace_111022_0.png,BluFace_111022_0,2022,1,0,0,0,0,0,0,0,0,0,0,0,0,0,0,0,1
BLUFACE_111023_0,C:\Users\Eric\Documents\cig-ads-image\data\images\BLUFACE_111023_0.png,Ad images for Yiqun/Blu/Blu Facebook/Facebook 2023/BluFace_111023_0.png,BluFace_111023_0,2023,1,0,0,0,0,0,1,0,0,0,0,0,0,0,0,0,1
BLUFACE_111121_0,C:\Users\Eric\Documents\cig-ads-image\data\images\BLUFACE_111121_0.png,Ad images for Yiqun/Blu/Blu Facebook/Facebook 2021/BluFace_111121_0.png,BluFace_111121_0,2021,1,0,1,0,0,0,0,0,0,0,0,0,0,0,0,0,1
BLUFACE_111123_0,C:\Users\Eric\Documents\cig-ads-image\data\images\BLUFACE_111123_0.png,Ad images for Yiqun/Blu/Blu Facebook/Facebook 2023/BluFace_111123_0.png,BluFace_111123_0,2023,1,0,0,0,0,0,0,0,0,0,0,0,0,0,0,0,1
BLUFACE_111221_0,C:\Users\Eric\Documents\cig-ads-image\data\images\BLUFACE_111221_0.png,Ad images for Yiqun/Blu/Blu Facebook/Facebook 2021/BluFace_111221_0.png,BluFace_111221_0,2021,1,0,0,0,0,0,0,1,0,0,0,0,0,0,0,0,1
BLUFACE_111222_0,C:\Users\Eric\Documents\cig-ads-image\data\images\BLUFACE_111222_0.png,Ad images for Yiqun/Blu/Blu Facebook/Facebook 2022/BluFace_111222_0.png,BluFace_111222_0,2022,1,0,0,0,0,0,0,0,0,0,0,0,0,0,0,0,1
BLUFACE_111321_0,C:\Users\Eric\Documents\cig-ads-image\data\images\BLUFACE_111321_0.png,Ad images for Yiqun/Blu/Blu Facebook/Facebook 2021/BluFace_111321_0.png,BluFace_111321_0,2021,1,0,0,0,0,0,0,0,0,0,0,0,0,0,0,0,1
BLUFACE_111421_0,C:\Users\Eric\Documents\cig-ads-image\data\images\BLUFACE_111421_0.png,Ad images for Yiqun/Blu/Blu Facebook/Facebook 2021/BluFace_111421_0.png,BluFace_111421_0,2021,1,0,1,0,0,0,0,0,0,0,0,0,0,0,0,0,1
BLUFACE_111423_0,C:\Users\Eric\Documents\cig-ads-image\data\images\BLUFACE_111423_0.png,Ad images for Yiqun/Blu/Blu Facebook/Facebook 2023/BluFace_111423_0.png,BluFace_111423_0,2023,1,0,0,0,0,0,0,0,0,0,0,0,0,0,0,0,1
BLUFACE_111523_0,C:\Users\Eric\Documents\cig-ads-image\data\images\BLUFACE_111523_0.png,Ad images for Yiqun/Blu/Blu Facebook/Facebook 2023/BluFace_111523_0.png,BluFace_111523_0,2023,1,1,0,0,0,0,0,0,0,0,0,0,0,0,0,0,1
BLUFACE_111621_0,C:\Users\Eric\Documents\cig-ads-image\data\images\BLUFACE_111621_0.png,Ad images for Yiqun/Blu/Blu Facebook/Facebook 2021/BluFace_111621_0.png,BluFace_111621_0,2021,1,0,0,0,0,0,0,0,0,0,0,0,0,0,0,0,1
BLUFACE_111622_0,C:\Users\Eric\Documents\cig-ads-image\data\images\BLUFACE_111622_0.png,Ad images for Yiqun/Blu/Blu Facebook/Facebook 2022/BluFace_111622_0.png,BluFace_111622_0,2022,1,0,0,0,0,0,0,0,0,0,0,0,0,0,0,0,0
BLUFACE_111721_0,C:\Users\Eric\Documents\cig-ads-image\data\images\BLUFACE_111721_0.png,Ad images for Yiqun/Blu/Blu Facebook/Facebook 2021/BluFace_111721_0.png,BluFace_111721_0,2021,1,0,0,0,0,0,0,0,0,0,0,0,0,0,0,0,1
BLUFACE_111722_0,C:\Users\Eric\Documents\cig-ads-image\data\images\BLUFACE_111722_0.png,Ad images for Yiqun/Blu/Blu Facebook/Facebook 2022/BluFace_111722_0.png,BluFace_111722_0,2022,1,0,0,0,0,0,0,0,0,0,0,0,0,0,0,0,1
BLUFACE_111723_0,C:\Users\Eric\Documents\cig-ads-image\data\images\BLUFACE_111723_0.png,Ad images for Yiqun/Blu/Blu Facebook/Facebook 2023/BluFace_111723_0.png,BluFace_111723_0,2023,1,0,0,0,0,0,0,0,0,0,0,0,0,0,0,0,1
BLUFACE_111821_0,C:\Users\Eric\Documents\cig-ads-image\data\images\BLUFACE_111821_0.png,Ad images for Yiqun/Blu/Blu Facebook/Facebook 2021/BluFace_111821_0.png,BluFace_111821_0,2021,1,0,0,0,0,0,0,0,0,0,0,0,0,0,0,0,1
BLUFACE_111822_0,C:\Users\Eric\Documents\cig-ads-image\data\images\BLUFACE_111822_0.png,Ad images for Yiqun/Blu/Blu Facebook/Facebook 2022/BluFace_111822_0.png,BluFace_111822_0,2022,1,0,0,0,0,0,0,0,0,0,0,0,0,0,0,0,1
BLUFACE_111823_0,C:\Users\Eric\Documents\cig-ads-image\data\images\BLUFACE_111823_0.png,Ad images for Yiqun/Blu/Blu Facebook/Facebook 2023/BluFace_111823_0.png,BluFace_111823_0,2023,1,0,0,0,0,0,0,0,0,0,0,0,0,0,0,0,1
BLUFACE_111921_0,C:\Users\Eric\Documents\cig-ads-image\data\images\BLUFACE_111921_0.png,Ad images for Yiqun/Blu/Blu Facebook/Facebook 2021/BluFace_111921_0.png,BluFace_111921_0,2021,1,0,0,0,0,0,0,0,0,0,0,0,0,0,0,0,1
BLUFACE_112021_0,C:\Users\Eric\Documents\cig-ads-image\data\images\BLUFACE_112021_0.png,Ad images for Yiqun/Blu/Blu Facebook/Facebook 2021/BluFace_112021_0.png,BluFace_112021_0,2021,1,0,0,0,0,0,0,0,0,0,0,0,0,0,0,0,1
BLUFACE_112121_0,C:\Users\Eric\Documents\cig-ads-image\data\images\BLUFACE_112121_0.png,Ad images for Yiqun/Blu/Blu Facebook/Facebook 2021/BluFace_112121_0.png,BluFace_112121_0,2021,1,0,0,0,0,1,0,0,0,0,0,0,0,0,0,0,1
BLUFACE_112123_0,C:\Users\Eric\Documents\cig-ads-image\data\images\BLUFACE_112123_0.png,Ad images for Yiqun/Blu/Blu Facebook/Facebook 2023/BluFace_112123_0.png,BluFace_112123_0,2023,1,0,0,0,0,0,0,0,0,0,0,0,0,0,0,0,1
BLUFACE_112221_0,C:\Users\Eric\Documents\cig-ads-image\data\images\BLUFACE_112221_0.png,Ad images for Yiqun/Blu/Blu Facebook/Facebook 2021/BluFace_112221_0.png,BluFace_112221_0,2021,1,0,0,0,0,0,0,0,0,0,0,0,0,0,0,0,1
BLUFACE_112321_0,C:\Users\Eric\Documents\cig-ads-image\data\images\BLUFACE_112321_0.png,Ad images for Yiqun/Blu/Blu Facebook/Facebook 2021/BluFace_112321_0.png,BluFace_112321_0,2021,1,0,0,0,0,0,0,0,0,0,0,0,0,0,0,0,1
BLUFACE_112323_0,C:\Users\Eric\Documents\cig-ads-image\data\images\BLUFACE_112323_0.png,Ad images for Yiqun/Blu/Blu Facebook/Facebook 2023/BluFace_112323_0.png,BluFace_112323_0,2023,1,0,0,0,0,0,0,0,0,0,0,0,0,0,0,0,1
BLUFACE_112421_0,C:\Users\Eric\Documents\cig-ads-image\data\images\BLUFACE_112421_0.png,Ad images for Yiqun/Blu/Blu Facebook/Facebook 2021/BluFace_112421_0.png,BluFace_112421_0,2021,1,0,0,0,0,0,0,0,0,0,0,0,0,0,0,0,1
BLUFACE_112422_0,C:\Users\Eric\Documents\cig-ads-image\data\images\BLUFACE_112422_0.png,Ad images for Yiqun/Blu/Blu Facebook/Facebook 2022/BluFace_112422_0.png,BluFace_112422_0,2022,0,0,0,0,0,0,0,0,0,0,0,0,0,0,0,0,1
BLUFACE_112521_0,C:\Users\Eric\Documents\cig-ads-image\data\images\BLUFACE_112521_0.png,Ad images for Yiqun/Blu/Blu Facebook/Facebook 2021/BluFace_112521_0.png,BluFace_112521_0,2021,1,0,0,0,0,1,0,0,0,0,0,0,0,0,0,0,1
BLUFACE_112522_0,C:\Users\Eric\Documents\cig-ads-image\data\images\BLUFACE_112522_0.png,Ad images for Yiqun/Blu/Blu Facebook/Facebook 2022/BluFace_112522_0.png,BluFace_112522_0,2022,1,0,0,0,0,0,0,0,0,0,0,0,0,0,0,0,1
BLUFACE_112523_0,C:\Users\Eric\Documents\cig-ads-image\data\images\BLUFACE_112523_0.png,Ad images for Yiqun/Blu/Blu Facebook/Facebook 2023/BluFace_112523_0.png,BluFace_112523_0,2023,1,0,0,0,0,1,0,0,0,0,0,0,0,0,0,0,1
BLUFACE_112621_0,C:\Users\Eric\Documents\cig-ads-image\data\images\BLUFACE_112621_0.png,Ad images for Yiqun/Blu/Blu Facebook/Facebook 2021/BluFace_112621_0.png,BluFace_112621_0,2021,1,0,0,0,0,0,0,0,0,0,0,0,0,0,0,0,1
BLUFACE_112721_0,C:\Users\Eric\Documents\cig-ads-image\data\images\BLUFACE_112721_0.png,Ad images for Yiqun/Blu/Blu Facebook/Facebook 2021/BluFace_112721_0.png,BluFace_112721_0,2021,1,0,0,0,0,0,0,0,0,0,0,0,0,0,0,0,1
BLUFACE_112722_0,C:\Users\Eric\Documents\cig-ads-image\data\images\BLUFACE_112722_0.png,Ad images for Yiqun/Blu/Blu Facebook/Facebook 2022/BluFace_112722_0.png,BluFace_112722_0,2022,1,0,0,0,0,0,0,0,0,0,0,0,0,0,0,0,1
BLUFACE_112821_0,C:\Users\Eric\Documents\cig-ads-image\data\images\BLUFACE_112821_0.png,Ad images for Yiqun/Blu/Blu Facebook/Facebook 2021/BluFace_112821_0.png,BluFace_112821_0,2021,1,0,0,0,0,0,0,0,0,0,0,0,0,0,0,0,1
BLUFACE_112823_0,C:\Users\Eric\Documents\cig-ads-image\data\images\BLUFACE_112823_0.png,Ad images for Yiqun/Blu/Blu Facebook/Facebook 2023/BluFace_112823_0 .png,BluFace_112823_0,2023,1,0,0,0,0,0,0,0,0,0,0,0,0,0,0,0,1
BLUFACE_112921_0,C:\Users\Eric\Documents\cig-ads-image\data\images\BLUFACE_112921_0.png,Ad images for Yiqun/Blu/Blu Facebook/Facebook 2021/BluFace_112921_0.png,BluFace_112921_0,2021,1,0,0,0,0,0,0,0,0,0,0,0,0,0,0,0,1
BLUFACE_112922_0,C:\Users\Eric\Documents\cig-ads-image\data\images\BLUFACE_112922_0.png,Ad images for Yiqun/Blu/Blu Facebook/Facebook 2022/BluFace_112922_0.png,BluFace_112922_0,2022,1,0,0,0,0,0,0,0,0,0,0,0,0,0,0,0,1
BLUFACE_112923_0,C:\Users\Eric\Documents\cig-ads-image\data\images\BLUFACE_112923_0.png,Ad images for Yiqun/Blu/Blu Facebook/Facebook 2023/BluFace_112923_0.png,BluFace_112923_0,2023,1,0,0,0,0,0,0,0,0,0,0,0,0,0,0,0,1
BLUFACE_113022_0,C:\Users\Eric\Documents\cig-ads-image\data\images\BLUFACE_113022_0.png,Ad images for Yiqun/Blu/Blu Facebook/Facebook 2022/BluFace_113022_0.png,BluFace_113022_0,2022,1,0,0,0,0,0,0,0,0,0,0,0,0,0,0,0,1
BLUFACE_120121_0,C:\Users\Eric\Documents\cig-ads-image\data\images\BLUFACE_120121_0.png,Ad images for Yiqun/Blu/Blu Facebook/Facebook 2021/BluFace_120121_0.png,BluFace_120121_0,2021,1,1,0,0,0,0,0,0,0,0,0,0,0,0,0,0,1
BLUFACE_120122_0,C:\Users\Eric\Documents\cig-ads-image\data\images\BLUFACE_120122_0.png,Ad images for Yiqun/Blu/Blu Facebook/Facebook 2022/BluFace_120122_0.png,BluFace_120122_0,2022,1,0,0,0,0,0,0,0,0,0,0,0,0,0,0,0,1
BLUFACE_120123_0,C:\Users\Eric\Documents\cig-ads-image\data\images\BLUFACE_120123_0.png,Ad images for Yiqun/Blu/Blu Facebook/Facebook 2023/BluFace_120123_0.png,BluFace_120123_0,2023,1,0,0,0,0,0,0,0,0,0,0,0,0,0,0,0,1
BLUFACE_120221_0,C:\Users\Eric\Documents\cig-ads-image\data\images\BLUFACE_120221_0.png,Ad images for Yiqun/Blu/Blu Facebook/Facebook 2021/BluFace_120221_0.png,BluFace_120221_0,2021,1,0,0,0,0,0,0,0,0,0,0,0,0,0,0,0,1
BLUFACE_120222_0,C:\Users\Eric\Documents\cig-ads-image\data\images\BLUFACE_120222_0.png,Ad images for Yiqun/Blu/Blu Facebook/Facebook 2022/BluFace_120222_0.png,BluFace_120222_0,2022,1,0,0,0,0,0,0,0,0,0,0,0,0,0,0,0,1
BLUFACE_120321_0,C:\Users\Eric\Documents\cig-ads-image\data\images\BLUFACE_120321_0.png,Ad images for Yiqun/Blu/Blu Facebook/Facebook 2021/BluFace_120321_0.png,BluFace_120321_0,2021,1,0,0,0,0,0,0,0,0,0,0,0,0,0,0,0,1
BLUFACE_120322_0,C:\Users\Eric\Documents\cig-ads-image\data\images\BLUFACE_120322_0.png,Ad images for Yiqun/Blu/Blu Facebook/Facebook 2022/BluFace_120322_0.png,BluFace_120322_0,2022,1,0,0,0,0,0,0,0,0,0,0,0,0,0,0,0,1
BLUFACE_120421_0,C:\Users\Eric\Documents\cig-ads-image\data\images\BLUFACE_120421_0.png,Ad images for Yiqun/Blu/Blu Facebook/Facebook 2021/BluFace_120421_0.png,BluFace_120421_0,2021,1,0,0,0,0,0,0,0,0,0,0,0,0,0,0,0,1
BLUFACE_120521_0,C:\Users\Eric\Documents\cig-ads-image\data\images\BLUFACE_120521_0.png,Ad images for Yiqun/Blu/Blu Facebook/Facebook 2021/BluFace_120521_0.png,BluFace_120521_0,2021,1,0,0,0,0,0,0,0,0,0,0,0,0,0,0,0,1
BLUFACE_120622_0,C:\Users\Eric\Documents\cig-ads-image\data\images\BLUFACE_120622_0.png,Ad images for Yiqun/Blu/Blu Facebook/Facebook 2022/BluFace_120622_0.png,BluFace_120622_0,2022,1,0,0,0,0,0,0,0,0,0,0,0,0,0,0,0,1
BLUFACE_120623_0,C:\Users\Eric\Documents\cig-ads-image\data\images\BLUFACE_120623_0.png,Ad images for Yiqun/Blu/Blu Facebook/Facebook 2023/BluFace_120623_0 .png,BluFace_120623_0,2023,1,0,0,0,0,0,0,0,0,0,0,0,0,0,0,0,1
BLUFACE_120721_0,C:\Users\Eric\Documents\cig-ads-image\data\images\BLUFACE_120721_0.png,Ad images for Yiqun/Blu/Blu Facebook/Facebook 2021/BluFace_120721_0.png,BluFace_120721_0,2021,1,0,0,0,0,0,0,0,0,0,0,0,0,0,0,0,1
BLUFACE_120722_0,C:\Users\Eric\Documents\cig-ads-image\data\images\BLUFACE_120722_0.png,Ad images for Yiqun/Blu/Blu Facebook/Facebook 2022/BluFace_120722_0.png,BluFace_120722_0,2022,1,0,0,0,0,0,0,0,0,0,0,0,0,0,0,0,1
BLUFACE_120821_0,C:\Users\Eric\Documents\cig-ads-image\data\images\BLUFACE_120821_0.png,Ad images for Yiqun/Blu/Blu Facebook/Facebook 2021/BluFace_120821_0.png,BluFace_120821_0,2021,1,0,0,0,0,0,0,0,0,0,0,0,0,0,0,0,1
BLUFACE_120822_0,C:\Users\Eric\Documents\cig-ads-image\data\images\BLUFACE_120822_0.png,Ad images for Yiqun/Blu/Blu Facebook/Facebook 2022/BluFace_120822_0.png,BluFace_120822_0,2022,1,0,0,0,0,0,0,0,0,0,0,0,0,0,0,0,1
BLUFACE_120823_0,C:\Users\Eric\Documents\cig-ads-image\data\images\BLUFACE_120823_0.png,Ad images for Yiqun/Blu/Blu Facebook/Facebook 2023/BluFace_120823_0 .png,BluFace_120823_0,2023,1,0,0,0,0,0,0,0,0,0,0,0,0,0,0,0,1
BLUFACE_120823_1,C:\Users\Eric\Documents\cig-ads-image\data\images\BLUFACE_120823_1.png,Ad images for Yiqun/Blu/Blu Facebook/Facebook 2023/BluFace_120823_1.png,BluFace_120823_1,2023,1,0,0,0,0,0,0,1,0,0,0,0,0,0,0,0,1
BLUFACE_120921_0,C:\Users\Eric\Documents\cig-ads-image\data\images\BLUFACE_120921_0.png,Ad images for Yiqun/Blu/Blu Facebook/Facebook 2021/BluFace_120921_0.png,BluFace_120921_0,2021,1,1,0,0,0,0,0,0,0,0,0,0,0,0,0,0,1
BLUFACE_120922_0,C:\Users\Eric\Documents\cig-ads-image\data\images\BLUFACE_120922_0.png,Ad images for Yiqun/Blu/Blu Facebook/Facebook 2022/BluFace_120922_0.png,BluFace_120922_0,2022,1,0,0,0,0,0,0,0,0,0,0,0,0,0,0,0,1
BLUFACE_120923_0,C:\Users\Eric\Documents\cig-ads-image\data\images\BLUFACE_120923_0.png,Ad images for Yiqun/Blu/Blu Facebook/Facebook 2023/BluFace_120923_0.png,BluFace_120923_0,2023,1,0,0,0,0,0,0,0,0,0,0,0,0,0,0,0,1
BLUFACE_121021_0,C:\Users\Eric\Documents\cig-ads-image\data\images\BLUFACE_121021_0.png,Ad images for Yiqun/Blu/Blu Facebook/Facebook 2021/BluFace_121021_0.png,BluFace_121021_0,2021,1,0,0,0,0,0,0,0,0,0,0,0,0,0,0,0,1
BLUFACE_121022_0,C:\Users\Eric\Documents\cig-ads-image\data\images\BLUFACE_121022_0.png,Ad images for Yiqun/Blu/Blu Facebook/Facebook 2022/BluFace_121022_0.png,BluFace_121022_0,2022,1,0,0,0,0,0,0,0,0,0,0,0,0,0,0,0,1
BLUFACE_121121_0,C:\Users\Eric\Documents\cig-ads-image\data\images\BLUFACE_121121_0.png,Ad images for Yiqun/Blu/Blu Facebook/Facebook 2021/BluFace_121121_0.png,BluFace_121121_0,2021,1,0,0,0,0,0,0,0,0,0,0,0,1,0,0,0,1
BLUFACE_121223_0,C:\Users\Eric\Documents\cig-ads-image\data\images\BLUFACE_121223_0.png,Ad images for Yiqun/Blu/Blu Facebook/Facebook 2023/BluFace_121223_0.png,BluFace_121223_0,2023,1,0,0,0,0,0,0,0,0,0,0,0,0,0,0,0,1
BLUFACE_121322_0,C:\Users\Eric\Documents\cig-ads-image\data\images\BLUFACE_121322_0.png,Ad images for Yiqun/Blu/Blu Facebook/Facebook 2022/BluFace_121322_0.png,BluFace_121322_0,2022,1,0,0,0,0,0,0,0,0,0,0,0,0,0,0,0,1
BLUFACE_121323_0,C:\Users\Eric\Documents\cig-ads-image\data\images\BLUFACE_121323_0.png,Ad images for Yiqun/Blu/Blu Facebook/Facebook 2023/BluFace_121323_0.png,BluFace_121323_0,2023,1,0,0,0,0,0,0,0,0,0,0,0,0,0,0,0,1
BLUFACE_121421_0,C:\Users\Eric\Documents\cig-ads-image\data\images\BLUFACE_121421_0.png,Ad images for Yiqun/Blu/Blu Facebook/Facebook 2021/BluFace_121421_0.png,BluFace_121421_0,2021,1,0,0,0,0,0,0,0,0,0,0,0,0,0,0,0,1
BLUFACE_121422_0,C:\Users\Eric\Documents\cig-ads-image\data\images\BLUFACE_121422_0.png,Ad images for Yiqun/Blu/Blu Facebook/Facebook 2022/BluFace_121422_0.png,BluFace_121422_0,2022,1,0,0,0,0,0,0,0,0,0,0,0,0,0,0,0,1
BLUFACE_121423_0,C:\Users\Eric\Documents\cig-ads-image\data\images\BLUFACE_121423_0.png,Ad images for Yiqun/Blu/Blu Facebook/Facebook 2023/BluFace_121423_0.png,BluFace_121423_0,2023,1,0,0,0,0,0,0,0,0,0,0,0,0,0,0,0,1
BLUFACE_121521_0,C:\Users\Eric\Documents\cig-ads-image\data\images\BLUFACE_121521_0.png,Ad images for Yiqun/Blu/Blu Facebook/Facebook 2021/BluFace_121521_0.png,BluFace_121521_0,2021,1,0,0,0,0,0,0,0,0,0,0,0,0,0,0,0,1
BLUFACE_121522_0,C:\Users\Eric\Documents\cig-ads-image\data\images\BLUFACE_121522_0.png,Ad images for Yiqun/Blu/Blu Facebook/Facebook 2022/BluFace_121522_0.png,BluFace_121522_0,2022,1,0,0,0,0,0,1,0,0,0,0,0,0,0,0,0,1
BLUFACE_121523_0,C:\Users\Eric\Documents\cig-ads-image\data\images\BLUFACE_121523_0.png,Ad images for Yiqun/Blu/Blu Facebook/Facebook 2023/BluFace_121523_0.png,BluFace_121523_0,2023,1,1,0,0,0,0,0,0,0,0,0,0,0,0,0,0,1
BLUFACE_121621_0,C:\Users\Eric\Documents\cig-ads-image\data\images\BLUFACE_121621_0.png,Ad images for Yiqun/Blu/Blu Facebook/Facebook 2021/BluFace_121621_0.png,BluFace_121621_0,2021,1,1,0,0,0,0,0,0,0,0,0,0,0,0,0,0,1
BLUFACE_121622_0,C:\Users\Eric\Documents\cig-ads-image\data\images\BLUFACE_121622_0.png,Ad images for Yiqun/Blu/Blu Facebook/Facebook 2022/BluFace_121622_0.png,BluFace_121622_0,2022,1,0,0,0,0,0,0,0,0,0,0,0,0,0,0,0,1
BLUFACE_121623_0,C:\Users\Eric\Documents\cig-ads-image\data\images\BLUFACE_121623_0.png,Ad images for Yiqun/Blu/Blu Facebook/Facebook 2023/BluFace_121623_0.png,BluFace_121623_0,2023,1,0,0,0,0,0,0,0,0,0,0,0,0,0,0,0,1
BLUFACE_121721_0,C:\Users\Eric\Documents\cig-ads-image\data\images\BLUFACE_121721_0.png,Ad images for Yiqun/Blu/Blu Facebook/Facebook 2021/BluFace_121721_0.png,BluFace_121721_0,2021,1,0,0,0,0,0,0,0,0,0,0,0,0,0,0,0,1
BLUFACE_121722_0,C:\Users\Eric\Documents\cig-ads-image\data\images\BLUFACE_121722_0.png,Ad images for Yiqun/Blu/Blu Facebook/Facebook 2022/BluFace_121722_0.png,BluFace_121722_0,2022,1,0,0,0,0,0,0,0,0,0,0,0,0,0,0,0,1
BLUFACE_121821_0,C:\Users\Eric\Documents\cig-ads-image\data\images\BLUFACE_121821_0.png,Ad images for Yiqun/Blu/Blu Facebook/Facebook 2021/BluFace_121821_0.png,BluFace_121821_0,2021,1,0,0,0,0,0,0,0,0,0,0,0,0,0,0,0,1
BLUFACE_121921_0,C:\Users\Eric\Documents\cig-ads-image\data\images\BLUFACE_121921_0.png,Ad images for Yiqun/Blu/Blu Facebook/Facebook 2021/BluFace_121921_0.png,BluFace_121921_0,2021,1,0,0,0,0,0,0,0,0,0,0,0,0,0,0,0,1
BLUFACE_121923_0,C:\Users\Eric\Documents\cig-ads-image\data\images\BLUFACE_121923_0.png,Ad images for Yiqun/Blu/Blu Facebook/Facebook 2023/BluFace_121923_0A.png,BluFace_121923_0,2023,1,0,1,0,0,0,0,0,0,0,0,0,0,0,0,0,1
BLUFACE_122021_0,C:\Users\Eric\Documents\cig-ads-image\data\images\BLUFACE_122021_0.png,Ad images for Yiqun/Blu/Blu Facebook/Facebook 2021/BluFace_122021_0.png,BluFace_122021_0,2021,1,0,0,0,0,0,0,0,0,0,0,0,0,0,0,0,0
BLUFACE_122022_0,C:\Users\Eric\Documents\cig-ads-image\data\images\BLUFACE_122022_0.png,Ad images for Yiqun/Blu/Blu Facebook/Facebook 2022/BluFace_122022_0.png,BluFace_122022_0,2022,1,0,0,0,0,0,0,0,0,0,0,0,0,0,0,0,1
BLUFACE_122023_0,C:\Users\Eric\Documents\cig-ads-image\data\images\BLUFACE_122023_0.png,Ad images for Yiqun/Blu/Blu Facebook/Facebook 2023/BluFace_122023_0.png,BluFace_122023_0,2023,1,0,0,0,0,0,0,0,0,0,0,0,0,0,0,0,1
BLUFACE_122121_0,C:\Users\Eric\Documents\cig-ads-image\data\images\BLUFACE_122121_0.png,Ad images for Yiqun/Blu/Blu Facebook/Facebook 2021/BluFace_122121_0.png,BluFace_122121_0,2021,1,0,0,0,0,0,0,0,0,0,0,0,0,0,0,0,1
BLUFACE_122122_0,C:\Users\Eric\Documents\cig-ads-image\data\images\BLUFACE_122122_0.png,Ad images for Yiqun/Blu/Blu Facebook/Facebook 2022/BluFace_122122_0.png,BluFace_122122_0,2022,1,0,0,0,0,0,0,0,0,0,0,0,0,0,0,0,0
BLUFACE_122123_0,C:\Users\Eric\Documents\cig-ads-image\data\images\BLUFACE_122123_0.png,Ad images for Yiqun/Blu/Blu Facebook/Facebook 2023/BluFace_122123_0.png,BluFace_122123_0,2023,1,0,1,0,0,0,0,0,0,0,0,0,0,0,0,0,1
BLUFACE_122221_0,C:\Users\Eric\Documents\cig-ads-image\data\images\BLUFACE_122221_0.png,Ad images for Yiqun/Blu/Blu Facebook/Facebook 2021/BluFace_122221_0.png,BluFace_122221_0,2021,1,0,1,0,0,0,0,0,0,0,0,0,0,0,0,0,1
BLUFACE_122222_0,C:\Users\Eric\Documents\cig-ads-image\data\images\BLUFACE_122222_0.png,Ad images for Yiqun/Blu/Blu Facebook/Facebook 2022/BluFace_122222_0.png,BluFace_122222_0,2022,1,0,1,0,0,0,0,0,0,0,0,0,0,0,0,0,1
BLUFACE_122223_0,C:\Users\Eric\Documents\cig-ads-image\data\images\BLUFACE_122223_0.png,Ad images for Yiqun/Blu/Blu Facebook/Facebook 2023/BluFace_122223_0 .png,BluFace_122223_0,2023,1,0,0,0,0,0,0,0,0,0,0,0,0,0,0,0,1
BLUFACE_122321_0,C:\Users\Eric\Documents\cig-ads-image\data\images\BLUFACE_122321_0.png,Ad images for Yiqun/Blu/Blu Facebook/Facebook 2021/BluFace_122321_0.png,BluFace_122321_0,2021,1,1,0,0,0,0,0,0,0,0,0,0,0,0,0,0,1
BLUFACE_122322_0,C:\Users\Eric\Documents\cig-ads-image\data\images\BLUFACE_122322_0.png,Ad images for Yiqun/Blu/Blu Facebook/Facebook 2022/BluFace_122322_0.png,BluFace_122322_0,2022,1,0,0,0,0,1,0,0,0,0,0,0,0,0,0,0,1
BLUFACE_122323_0,C:\Users\Eric\Documents\cig-ads-image\data\images\BLUFACE_122323_0.png,Ad images for Yiqun/Blu/Blu Facebook/Facebook 2023/BluFace_122323_0.png,BluFace_122323_0,2023,1,0,0,0,0,0,0,0,0,0,0,0,0,0,0,0,1
BLUFACE_122421_0,C:\Users\Eric\Documents\cig-ads-image\data\images\BLUFACE_122421_0.png,Ad images for Yiqun/Blu/Blu Facebook/Facebook 2021/BluFace_122421_0.png,BluFace_122421_0,2021,1,0,0,0,0,0,0,0,0,0,0,0,0,0,0,0,1
BLUFACE_122422_0,C:\Users\Eric\Documents\cig-ads-image\data\images\BLUFACE_122422_0.png,Ad images for Yiqun/Blu/Blu Facebook/Facebook 2022/BluFace_122422_0.png,BluFace_122422_0,2022,1,0,0,0,0,0,0,0,0,0,0,0,0,0,0,0,1
BLUFACE_122523_0,C:\Users\Eric\Documents\cig-ads-image\data\images\BLUFACE_122523_0.png,Ad images for Yiqun/Blu/Blu Facebook/Facebook 2023/BluFace_122523_0.png,BluFace_122523_0,2023,1,0,0,0,0,0,0,0,0,0,0,0,0,0,0,0,1
BLUFACE_122621_0,C:\Users\Eric\Documents\cig-ads-image\data\images\BLUFACE_122621_0.png,Ad images for Yiqun/Blu/Blu Facebook/Facebook 2021/BluFace_122621_0.png,BluFace_122621_0,2021,1,0,0,0,0,1,0,0,0,0,0,0,0,0,0,0,1
BLUFACE_122623_0,C:\Users\Eric\Documents\cig-ads-image\data\images\BLUFACE_122623_0.png,Ad images for Yiqun/Blu/Blu Facebook/Facebook 2023/BluFace_122623_0.png,BluFace_122623_0,2023,1,0,0,0,0,0,0,0,0,0,0,0,0,0,0,0,1
BLUFACE_122723_0,C:\Users\Eric\Documents\cig-ads-image\data\images\BLUFACE_122723_0.png,Ad images for Yiqun/Blu/Blu Facebook/Facebook 2023/BluFace_122723_0.png,BluFace_122723_0,2023,1,0,0,0,0,0,0,0,0,0,0,0,0,0,0,0,1
BLUFACE_122821_0,C:\Users\Eric\Documents\cig-ads-image\data\images\BLUFACE_122821_0.png,Ad images for Yiqun/Blu/Blu Facebook/Facebook 2021/BluFace_122821_0.png,BluFace_122821_0,2021,1,0,0,0,0,0,0,0,0,0,0,0,0,0,0,0,1
BLUFACE_122921_0,C:\Users\Eric\Documents\cig-ads-image\data\images\BLUFACE_122921_0.png,Ad images for Yiqun/Blu/Blu Facebook/Facebook 2021/BluFace_122921_0.png,BluFace_122921_0,2021,1,0,0,0,0,0,0,0,1,0,0,0,0,0,0,0,0
BLUFACE_122923_0,C:\Users\Eric\Documents\cig-ads-image\data\images\BLUFACE_122923_0.png,Ad images for Yiqun/Blu/Blu Facebook/Facebook 2023/BluFace_122923_0A.png,BluFace_122923_0,2023,1,0,0,0,0,0,0,0,0,0,0,0,0,0,0,0,1
BLUFACE_123021_0,C:\Users\Eric\Documents\cig-ads-image\data\images\BLUFACE_123021_0.png,Ad images for Yiqun/Blu/Blu Facebook/Facebook 2021/BluFace_123021_0.png,BluFace_123021_0,2021,1,0,0,0,0,0,0,0,0,0,0,0,0,0,0,0,1
BLUFACE_123121_0,C:\Users\Eric\Documents\cig-ads-image\data\images\BLUFACE_123121_0.png,Ad images for Yiqun/Blu/Blu Facebook/Facebook 2021/BluFace_123121_0.png,BluFace_123121_0,2021,1,0,0,0,0,0,0,0,0,0,0,0,0,0,0,0,1
BLUFACE_123122_0,C:\Users\Eric\Documents\cig-ads-image\data\images\BLUFACE_123122_0.png,Ad images for Yiqun/Blu/Blu Facebook/Facebook 2022/BluFace_123122_0.png,BluFace_123122_0,2022,1,0,0,0,0,0,1,0,0,0,0,0,0,0,0,0,1
BLUFACE_123123_0,C:\Users\Eric\Documents\cig-ads-image\data\images\BLUFACE_123123_0.png,Ad images for Yiqun/Blu/Blu Facebook/Facebook 2023/BluFace_123123_0.png,BluFace_123123_0,2023,1,0,0,0,0,0,1,0,0,0,0,0,0,0,0,0,1
BLUTWIT_010122_0,C:\Users\Eric\Documents\cig-ads-image\data\images\BLUTWIT_010122_0.png,Ad images for Yiqun/Blu/Blu Twitter/Twitter 2022/BluTwit_010122_0.png,BluTwit_010122_0,2022,1,0,0,0,0,0,0,0,0,0,0,0,0,0,0,0,1
BLUTWIT_010222_0,C:\Users\Eric\Documents\cig-ads-image\data\images\BLUTWIT_010222_0.png,Ad images for Yiqun/Blu/Blu Twitter/Twitter 2022/BluTwit_010222_0.png,BluTwit_010222_0,2022,1,0,1,0,0,0,0,0,0,0,0,0,0,0,0,0,1
BLUTWIT_010321_0,C:\Users\Eric\Documents\cig-ads-image\data\images\BLUTWIT_010321_0.png,Ad images for Yiqun/Blu/Blu Twitter/Twitter 2021/BluTwit_010321_0.png,BluTwit_010321_0,2021,1,0,1,0,0,0,0,0,0,0,0,0,0,0,0,0,1
BLUTWIT_010421_0,C:\Users\Eric\Documents\cig-ads-image\data\images\BLUTWIT_010421_0.png,Ad images for Yiqun/Blu/Blu Twitter/Twitter 2021/BluTwit_010421_0.png,BluTwit_010421_0,2021,1,0,0,0,0,0,0,0,0,0,0,0,0,0,0,0,1
BLUTWIT_010422_0,C:\Users\Eric\Documents\cig-ads-image\data\images\BLUTWIT_010422_0.png,Ad images for Yiqun/Blu/Blu Twitter/Twitter 2022/BluTwit_010422_0.png,BluTwit_010422_0,2022,1,0,0,0,0,0,0,0,0,0,0,0,0,0,0,0,1
BLUTWIT_010521_0,C:\Users\Eric\Documents\cig-ads-image\data\images\BLUTWIT_010521_0.png,Ad images for Yiqun/Blu/Blu Twitter/Twitter 2021/BluTwit_010521_0.png,BluTwit_010521_0,2021,1,1,0,0,0,0,0,0,0,0,0,0,0,0,0,0,1
BLUTWIT_010522_0,C:\Users\Eric\Documents\cig-ads-image\data\images\BLUTWIT_010522_0.png,Ad images for Yiqun/Blu/Blu Twitter/Twitter 2022/BluTwit_010522_0.png,BluTwit_010522_0,2022,1,0,0,0,0,0,0,0,0,0,0,0,0,0,0,0,1
BLUTWIT_010622_0,C:\Users\Eric\Documents\cig-ads-image\data\images\BLUTWIT_010622_0.png,Ad images for Yiqun/Blu/Blu Twitter/Twitter 2022/BluTwit_010622_0.png,BluTwit_010622_0,2022,1,0,0,0,0,0,0,0,0,0,0,0,0,0,0,0,1
BLUTWIT_010722_0,C:\Users\Eric\Documents\cig-ads-image\data\images\BLUTWIT_010722_0.png,Ad images for Yiqun/Blu/Blu Twitter/Twitter 2022/BluTwit_010722_0.png,BluTwit_010722_0,2022,1,0,0,0,0,0,0,0,0,0,0,0,0,0,0,0,1
BLUTWIT_010821_0,C:\Users\Eric\Documents\cig-ads-image\data\images\BLUTWIT_010821_0.png,Ad images for Yiqun/Blu/Blu Twitter/Twitter 2021/BluTwit_010821_0.png,BluTwit_010821_0,2021,1,0,0,0,0,0,0,0,0,0,0,0,1,0,0,1,1
BLUTWIT_010822_0,C:\Users\Eric\Documents\cig-ads-image\data\images\BLUTWIT_010822_0.png,Ad images for Yiqun/Blu/Blu Twitter/Twitter 2022/BluTwit_010822_0.png,BluTwit_010822_0,2022,1,0,0,0,0,0,0,0,0,0,0,0,0,0,0,0,1
BLUTWIT_010921_0,C:\Users\Eric\Documents\cig-ads-image\data\images\BLUTWIT_010921_0.png,Ad images for Yiqun/Blu/Blu Twitter/Twitter 2021/BluTwit_010921_0.png,BluTwit_010921_0,2021,1,0,0,0,0,0,0,0,0,0,0,0,0,0,0,1,1
BLUTWIT_010922_0,C:\Users\Eric\Documents\cig-ads-image\data\images\BLUTWIT_010922_0.png,Ad images for Yiqun/Blu/Blu Twitter/Twitter 2022/BluTwit_010922_0.png,BluTwit_010922_0,2022,1,0,0,0,0,0,0,0,0,0,0,0,0,0,0,0,1
BLUTWIT_011021_0,C:\Users\Eric\Documents\cig-ads-image\data\images\BLUTWIT_011021_0.png,Ad images for Yiqun/Blu/Blu Twitter/Twitter 2021/BluTwit_011021_0.png,BluTwit_011021_0,2021,1,0,0,0,0,0,0,0,0,0,0,0,0,0,0,1,1
BLUTWIT_011121_0,C:\Users\Eric\Documents\cig-ads-image\data\images\BLUTWIT_011121_0.png,Ad images for Yiqun/Blu/Blu Twitter/Twitter 2021/BluTwit_011121_0.png,BluTwit_011121_0,2021,1,1,0,0,0,0,0,0,0,0,0,0,0,0,0,1,1
BLUTWIT_011122_0,C:\Users\Eric\Documents\cig-ads-image\data\images\BLUTWIT_011122_0.png,Ad images for Yiqun/Blu/Blu Twitter/Twitter 2022/BluTwit_011122_0.png,BluTwit_011122_0,2022,1,0,0,0,0,0,0,0,0,0,0,0,0,0,0,0,1
BLUTWIT_011221_0,C:\Users\Eric\Documents\cig-ads-image\data\images\BLUTWIT_011221_0.png,Ad images for Yiqun/Blu/Blu Twitter/Twitter 2021/BluTwit_011221_0.png,BluTwit_011221_0,2021,1,0,0,0,0,0,0,0,0,0,0,0,0,0,0,1,1
BLUTWIT_011222_0,C:\Users\Eric\Documents\cig-ads-image\data\images\BLUTWIT_011222_0.png,Ad images for Yiqun/Blu/Blu Twitter/Twitter 2022/BluTwit_011222_0.png,BluTwit_011222_0,2022,1,0,0,0,0,0,0,0,0,0,0,0,0,0,0,0,1
BLUTWIT_011321_0,C:\Users\Eric\Documents\cig-ads-image\data\images\BLUTWIT_011321_0.png,Ad images for Yiqun/Blu/Blu Twitter/Twitter 2021/BluTwit_011321_0.png,BluTwit_011321_0,2021,1,0,0,0,0,0,0,0,0,0,0,0,0,0,0,1,1
BLUTWIT_011322_0,C:\Users\Eric\Documents\cig-ads-image\data\images\BLUTWIT_011322_0.png,Ad images for Yiqun/Blu/Blu Twitter/Twitter 2022/BluTwit_011322_0.png,BluTwit_011322_0,2022,1,0,0,0,0,0,0,0,0,0,0,0,0,0,0,0,1
BLUTWIT_011422_0,C:\Users\Eric\Documents\cig-ads-image\data\images\BLUTWIT_011422_0.png,Ad images for Yiqun/Blu/Blu Twitter/Twitter 2022/BluTwit_011422_0.png,BluTwit_011422_0,2022,1,0,0,0,0,0,0,0,0,0,0,0,0,0,0,0,1
BLUTWIT_011521_0,C:\Users\Eric\Documents\cig-ads-image\data\images\BLUTWIT_011521_0.png,Ad images for Yiqun/Blu/Blu Twitter/Twitter 2021/BluTwit_011521_0.png,BluTwit_011521_0,2021,1,0,0,0,0,0,0,0,0,0,0,0,0,0,0,1,1
BLUTWIT_011522_0,C:\Users\Eric\Documents\cig-ads-image\data\images\BLUTWIT_011522_0.png,Ad images for Yiqun/Blu/Blu Twitter/Twitter 2022/BluTwit_011522_0.png,BluTwit_011522_0,2022,1,0,0,0,0,0,0,0,0,0,0,0,0,0,0,0,1
BLUTWIT_011621_0,C:\Users\Eric\Documents\cig-ads-image\data\images\BLUTWIT_011621_0.png,Ad images for Yiqun/Blu/Blu Twitter/Twitter 2021/BluTwit_011621_0.png,BluTwit_011621_0,2021,1,0,0,0,0,0,0,0,0,0,0,0,0,0,0,1,1
BLUTWIT_011622_0,C:\Users\Eric\Documents\cig-ads-image\data\images\BLUTWIT_011622_0.png,Ad images for Yiqun/Blu/Blu Twitter/Twitter 2022/BluTwit_011622_0.png,BluTwit_011622_0,2022,1,0,0,0,0,0,0,0,0,0,0,0,0,0,0,0,1
BLUTWIT_011721_0,C:\Users\Eric\Documents\cig-ads-image\data\images\BLUTWIT_011721_0.png,Ad images for Yiqun/Blu/Blu Twitter/Twitter 2021/BluTwit_011721_0.png,BluTwit_011721_0,2021,1,0,0,0,0,0,0,0,0,0,0,0,0,0,0,1,1
BLUTWIT_011821_0,C:\Users\Eric\Documents\cig-ads-image\data\images\BLUTWIT_011821_0.png,Ad images for Yiqun/Blu/Blu Twitter/Twitter 2021/BluTwit_011821_0.png,BluTwit_011821_0,2021,1,0,0,0,0,0,0,0,0,0,0,0,0,0,0,1,1
BLUTWIT_011822_0,C:\Users\Eric\Documents\cig-ads-image\data\images\BLUTWIT_011822_0.png,Ad images for Yiqun/Blu/Blu Twitter/Twitter 2022/BluTwit_011822_0.png,BluTwit_011822_0,2022,1,0,0,0,0,0,0,0,0,0,0,0,0,0,0,0,1
BLUTWIT_011921_0,C:\Users\Eric\Documents\cig-ads-image\data\images\BLUTWIT_011921_0.png,Ad images for Yiqun/Blu/Blu Twitter/Twitter 2021/BluTwit_011921_0.png,BluTwit_011921_0,2021,1,0,0,0,0,0,0,0,0,0,0,0,0,0,0,1,1
BLUTWIT_011922_0,C:\Users\Eric\Documents\cig-ads-image\data\images\BLUTWIT_011922_0.png,Ad images for Yiqun/Blu/Blu Twitter/Twitter 2022/BluTwit_011922_0.png,BluTwit_011922_0,2022,1,0,0,0,0,0,0,0,0,0,0,0,0,0,0,0,1
BLUTWIT_012021_0,C:\Users\Eric\Documents\cig-ads-image\data\images\BLUTWIT_012021_0.png,Ad images for Yiqun/Blu/Blu Twitter/Twitter 2021/BluTwit_012021_0.png,BluTwit_012021_0,2021,1,0,0,0,0,0,0,0,0,0,0,0,0,0,0,1,1
BLUTWIT_012022_0,C:\Users\Eric\Documents\cig-ads-image\data\images\BLUTWIT_012022_0.png,Ad images for Yiqun/Blu/Blu Twitter/Twitter 2022/BluTwit_012022_0.png,BluTwit_012022_0,2022,1,0,0,0,0,0,0,0,0,0,0,0,0,0,0,0,1
BLUTWIT_012122_0,C:\Users\Eric\Documents\cig-ads-image\data\images\BLUTWIT_012122_0.png,Ad images for Yiqun/Blu/Blu Twitter/Twitter 2022/BluTwit_012122_0.png,BluTwit_012122_0,2022,1,0,0,0,0,0,1,0,0,0,0,0,0,0,0,0,1
BLUTWIT_012221_0,C:\Users\Eric\Documents\cig-ads-image\data\images\BLUTWIT_012221_0.png,Ad images for Yiqun/Blu/Blu Twitter/Twitter 2021/BluTwit_012221_0.png,BluTwit_012221_0,2021,1,0,0,0,0,0,0,0,0,0,0,0,0,0,0,1,1
BLUTWIT_012222_0,C:\Users\Eric\Documents\cig-ads-image\data\images\BLUTWIT_012222_0.png,Ad images for Yiqun/Blu/Blu Twitter/Twitter 2022/BluTwit_012222_0.png,BluTwit_012222_0,2022,1,0,0,0,0,0,0,0,0,0,0,0,0,0,0,0,1
BLUTWIT_012321_0,C:\Users\Eric\Documents\cig-ads-image\data\images\BLUTWIT_012321_0.png,Ad images for Yiqun/Blu/Blu Twitter/Twitter 2021/BluTwit_012321_0.png,BluTwit_012321_0,2021,1,0,0,0,0,0,0,0,0,0,0,0,0,0,0,1,1
BLUTWIT_012421_0,C:\Users\Eric\Documents\cig-ads-image\data\images\BLUTWIT_012421_0.png,Ad images for Yiqun/Blu/Blu Twitter/Twitter 2021/BluTwit_012421_0.png,BluTwit_012421_0,2021,1,0,0,0,0,0,0,0,0,0,0,0,0,0,0,1,1
BLUTWIT_012422_0,C:\Users\Eric\Documents\cig-ads-image\data\images\BLUTWIT_012422_0.png,Ad images for Yiqun/Blu/Blu Twitter/Twitter 2022/BluTwit_012422_0.png,BluTwit_012422_0,2022,1,0,0,0,0,0,0,0,0,0,0,0,0,0,0,0,1
BLUTWIT_012521_0,C:\Users\Eric\Documents\cig-ads-image\data\images\BLUTWIT_012521_0.png,Ad images for Yiqun/Blu/Blu Twitter/Twitter 2021/BluTwit_012521_0.png,BluTwit_012521_0,2021,1,0,0,0,0,0,0,0,0,0,0,0,0,0,0,1,1
BLUTWIT_012522_0,C:\Users\Eric\Documents\cig-ads-image\data\images\BLUTWIT_012522_0.png,Ad images for Yiqun/Blu/Blu Twitter/Twitter 2022/BluTwit_012522_0.png,BluTwit_012522_0,2022,1,0,0,0,0,0,0,0,0,0,0,0,0,0,0,0,1
BLUTWIT_012621_0,C:\Users\Eric\Documents\cig-ads-image\data\images\BLUTWIT_012621_0.png,Ad images for Yiqun/Blu/Blu Twitter/Twitter 2021/BluTwit_012621_0.png,BluTwit_012621_0,2021,1,1,0,0,0,0,0,0,0,0,0,0,0,0,0,1,1
BLUTWIT_012622_0,C:\Users\Eric\Documents\cig-ads-image\data\images\BLUTWIT_012622_0.png,Ad images for Yiqun/Blu/Blu Twitter/Twitter 2022/BluTwit_012622_0.png,BluTwit_012622_0,2022,1,0,1,0,0,0,0,0,0,0,0,0,0,0,0,0,1
BLUTWIT_012721_0,C:\Users\Eric\Documents\cig-ads-image\data\images\BLUTWIT_012721_0.png,Ad images for Yiqun/Blu/Blu Twitter/Twitter 2021/BluTwit_012721_0.png,BluTwit_012721_0,2021,1,0,0,0,0,0,0,0,0,0,0,0,0,0,0,0,1
BLUTWIT_012722_0,C:\Users\Eric\Documents\cig-ads-image\data\images\BLUTWIT_012722_0.png,Ad images for Yiqun/Blu/Blu Twitter/Twitter 2022/BluTwit_012722_0.png,BluTwit_012722_0,2022,1,0,0,0,0,0,1,0,0,0,0,0,0,0,0,0,1
BLUTWIT_012921_0,C:\Users\Eric\Documents\cig-ads-image\data\images\BLUTWIT_012921_0.png,Ad images for Yiqun/Blu/Blu Twitter/Twitter 2021/BluTwit_012921_0.png,BluTwit_012921_0,2021,1,0,0,0,0,0,0,0,0,0,0,0,0,0,0,1,1
BLUTWIT_012922_0,C:\Users\Eric\Documents\cig-ads-image\data\images\BLUTWIT_012922_0.png,Ad images for Yiqun/Blu/Blu Twitter/Twitter 2022/BluTwit_012922_0.png,BluTwit_012922_0,2022,1,0,0,0,0,0,0,0,0,0,0,0,0,0,0,0,1
BLUTWIT_013021_0,C:\Users\Eric\Documents\cig-ads-image\data\images\BLUTWIT_013021_0.png,Ad images for Yiqun/Blu/Blu Twitter/Twitter 2021/BluTwit_013021_0.png,BluTwit_013021_0,2021,1,0,0,0,0,0,0,0,0,0,0,0,0,0,0,0,1
BLUTWIT_013022_0,C:\Users\Eric\Documents\cig-ads-image\data\images\BLUTWIT_013022_0.png,Ad images for Yiqun/Blu/Blu Twitter/Twitter 2022/BluTwit_013022_0.png,BluTwit_013022_0,2022,1,0,0,0,0,0,0,0,0,0,0,0,0,0,0,0,1
BLUTWIT_013121_0,C:\Users\Eric\Documents\cig-ads-image\data\images\BLUTWIT_013121_0.png,Ad images for Yiqun/Blu/Blu Twitter/Twitter 2021/BluTwit_013121_0.png,BluTwit_013121_0,2021,1,0,0,0,0,0,0,0,0,0,0,0,0,0,0,1,1
BLUTWIT_013122_0,C:\Users\Eric\Documents\cig-ads-image\data\images\BLUTWIT_013122_0.png,Ad images for Yiqun/Blu/Blu Twitter/Twitter 2022/BluTwit_013122_0.png,BluTwit_013122_0,2022,1,0,0,0,0,0,0,0,0,0,0,0,0,0,0,0,1
BLUTWIT_020122_0,C:\Users\Eric\Documents\cig-ads-image\data\images\BLUTWIT_020122_0.png,Ad images for Yiqun/Blu/Blu Twitter/Twitter 2022/BluTwit_020122_0.png,BluTwit_020122_0,2022,1,0,0,0,0,0,0,0,0,0,0,0,0,0,0,0,1
BLUTWIT_020221_0,C:\Users\Eric\Documents\cig-ads-image\data\images\BLUTWIT_020221_0.png,Ad images for Yiqun/Blu/Blu Twitter/Twitter 2021/BluTwit_020221_0.png,BluTwit_020221_0,2021,1,0,0,0,0,0,0,0,0,0,0,0,0,0,0,1,1
BLUTWIT_020221_1,C:\Users\Eric\Documents\cig-ads-image\data\images\BLUTWIT_020221_1.png,Ad images for Yiqun/Blu/Blu Twitter/Twitter 2021/BluTwit_020221_1.png,BluTwit_020221_1,2021,1,0,0,0,0,0,0,0,0,0,0,0,0,0,0,0,1
BLUTWIT_020222_0,C:\Users\Eric\Documents\cig-ads-image\data\images\BLUTWIT_020222_0.png,Ad images for Yiqun/Blu/Blu Twitter/Twitter 2022/BluTwit_020222_0.png,BluTwit_020222_0,2022,1,0,0,0,0,0,1,1,0,0,0,0,0,0,0,0,1
BLUTWIT_020322_0,C:\Users\Eric\Documents\cig-ads-image\data\images\BLUTWIT_020322_0.png,Ad images for Yiqun/Blu/Blu Twitter/Twitter 2022/BluTwit_020322_0.png,BluTwit_020322_0,2022,1,0,0,0,0,0,0,0,0,0,0,0,0,0,0,0,1
BLUTWIT_020421_0,C:\Users\Eric\Documents\cig-ads-image\data\images\BLUTWIT_020421_0.png,Ad images for Yiqun/Blu/Blu Twitter/Twitter 2021/BluTwit_020421_0.png,BluTwit_020421_0,2021,1,0,0,0,0,0,0,0,0,0,0,0,0,0,0,0,1
BLUTWIT_020521_0,C:\Users\Eric\Documents\cig-ads-image\data\images\BLUTWIT_020521_0.png,Ad images for Yiqun/Blu/Blu Twitter/Twitter 2021/BluTwit_020521_0.png,BluTwit_020521_0,2021,1,0,0,0,0,0,0,0,0,0,0,0,0,0,0,1,1
BLUTWIT_020522_0,C:\Users\Eric\Documents\cig-ads-image\data\images\BLUTWIT_020522_0.png,Ad images for Yiqun/Blu/Blu Twitter/Twitter 2022/BluTwit_020522_0.png,BluTwit_020522_0,2022,1,0,0,0,0,0,0,1,0,0,0,0,0,0,0,0,1
BLUTWIT_020622_0,C:\Users\Eric\Documents\cig-ads-image\data\images\BLUTWIT_020622_0.png,Ad images for Yiqun/Blu/Blu Twitter/Twitter 2022/BluTwit_020622_0.png,BluTwit_020622_0,2022,1,0,0,0,0,0,0,0,0,0,0,0,0,0,0,0,1
BLUTWIT_020721_0,C:\Users\Eric\Documents\cig-ads-image\data\images\BLUTWIT_020721_0.png,Ad images for Yiqun/Blu/Blu Twitter/Twitter 2021/BluTwit_020721_0.png,BluTwit_020721_0,2021,1,0,0,0,0,0,0,0,0,0,0,0,0,0,0,1,1
BLUTWIT_020821_0,C:\Users\Eric\Documents\cig-ads-image\data\images\BLUTWIT_020821_0.png,Ad images for Yiqun/Blu/Blu Twitter/Twitter 2021/BluTwit_020821_0.png,BluTwit_020821_0,2021,1,0,0,0,0,0,0,0,0,0,0,0,0,0,0,1,1
BLUTWIT_020822_0,C:\Users\Eric\Documents\cig-ads-image\data\images\BLUTWIT_020822_0.png,Ad images for Yiqun/Blu/Blu Twitter/Twitter 2022/BluTwit_020822_0.png,BluTwit_020822_0,2022,1,1,0,0,0,0,0,0,0,0,0,0,0,0,0,0,1
BLUTWIT_020921_0,C:\Users\Eric\Documents\cig-ads-image\data\images\BLUTWIT_020921_0.png,Ad images for Yiqun/Blu/Blu Twitter/Twitter 2021/BluTwit_020921_0.png,BluTwit_020921_0,2021,1,0,0,0,0,0,0,0,0,0,0,0,0,0,0,1,1
BLUTWIT_020922_0,C:\Users\Eric\Documents\cig-ads-image\data\images\BLUTWIT_020922_0.png,Ad images for Yiqun/Blu/Blu Twitter/Twitter 2022/BluTwit_020922_0.png,BluTwit_020922_0,2022,1,0,0,0,0,0,0,0,0,0,0,0,0,0,0,0,1
BLUTWIT_021022_0,C:\Users\Eric\Documents\cig-ads-image\data\images\BLUTWIT_021022_0.png,Ad images for Yiqun/Blu/Blu Twitter/Twitter 2022/BluTwit_021022_0.png,BluTwit_021022_0,2022,1,0,0,0,0,0,0,1,0,0,0,0,0,0,0,0,1
BLUTWIT_021121_0,C:\Users\Eric\Documents\cig-ads-image\data\images\BLUTWIT_021121_0.png,Ad images for Yiqun/Blu/Blu Twitter/Twitter 2021/BluTwit_021121_0.png,BluTwit_021121_0,2021,1,0,0,0,0,0,0,0,0,0,0,0,0,0,0,0,1
BLUTWIT_021122_0,C:\Users\Eric\Documents\cig-ads-image\data\images\BLUTWIT_021122_0.png,Ad images for Yiqun/Blu/Blu Twitter/Twitter 2022/BluTwit_021122_0.png,BluTwit_021122_0,2022,1,0,0,0,0,0,0,0,0,0,0,0,0,0,0,0,1
BLUTWIT_021221_0,C:\Users\Eric\Documents\cig-ads-image\data\images\BLUTWIT_021221_0.png,Ad images for Yiqun/Blu/Blu Twitter/Twitter 2021/BluTwit_021221_0.png,BluTwit_021221_0,2021,1,0,0,0,0,0,0,0,0,0,0,0,0,0,0,1,1
BLUTWIT_021222_0,C:\Users\Eric\Documents\cig-ads-image\data\images\BLUTWIT_021222_0.png,Ad images for Yiqun/Blu/Blu Twitter/Twitter 2022/BluTwit_021222_0.png,BluTwit_021222_0,2022,1,1,0,0,0,0,0,0,0,0,0,0,0,0,0,0,1
BLUTWIT_021321_0,C:\Users\Eric\Documents\cig-ads-image\data\images\BLUTWIT_021321_0.png,Ad images for Yiqun/Blu/Blu Twitter/Twitter 2021/BluTwit_021321_0.png,BluTwit_021321_0,2021,1,0,0,0,0,0,0,0,0,0,0,0,0,0,0,1,1
BLUTWIT_021322_0,C:\Users\Eric\Documents\cig-ads-image\data\images\BLUTWIT_021322_0.png,Ad images for Yiqun/Blu/Blu Twitter/Twitter 2022/BluTwit_021322_0.png,BluTwit_021322_0,2022,1,0,0,0,0,0,0,0,0,0,0,0,0,0,0,0,1
BLUTWIT_021421_0,C:\Users\Eric\Documents\cig-ads-image\data\images\BLUTWIT_021421_0.png,Ad images for Yiqun/Blu/Blu Twitter/Twitter 2021/BluTwit_021421_0.png,BluTwit_021421_0,2021,1,0,0,0,0,0,0,0,0,0,0,0,0,0,0,1,1
BLUTWIT_021521_0,C:\Users\Eric\Documents\cig-ads-image\data\images\BLUTWIT_021521_0.png,Ad images for Yiqun/Blu/Blu Twitter/Twitter 2021/BluTwit_021521_0.png,BluTwit_021521_0,2021,1,0,0,0,0,0,0,0,0,0,0,0,1,0,0,0,1
BLUTWIT_021522_0,C:\Users\Eric\Documents\cig-ads-image\data\images\BLUTWIT_021522_0.png,Ad images for Yiqun/Blu/Blu Twitter/Twitter 2022/BluTwit_021522_0.png,BluTwit_021522_0,2022,1,0,0,0,0,0,0,1,0,0,0,0,0,0,0,0,1
BLUTWIT_021621_0,C:\Users\Eric\Documents\cig-ads-image\data\images\BLUTWIT_021621_0.png,Ad images for Yiqun/Blu/Blu Twitter/Twitter 2021/BluTwit_021621_0.png,BluTwit_021621_0,2021,1,0,0,0,0,0,0,0,0,0,0,0,0,0,0,1,1
BLUTWIT_021721_0,C:\Users\Eric\Documents\cig-ads-image\data\images\BLUTWIT_021721_0.png,Ad images for Yiqun/Blu/Blu Twitter/Twitter 2021/BluTwit_021721_0.png,BluTwit_021721_0,2021,1,0,0,0,0,0,0,0,0,0,0,0,0,0,0,1,1
BLUTWIT_021722_0,C:\Users\Eric\Documents\cig-ads-image\data\images\BLUTWIT_021722_0.png,Ad images for Yiqun/Blu/Blu Twitter/Twitter 2022/BluTwit_021722_0.png,BluTwit_021722_0,2022,1,0,0,0,0,0,0,1,0,0,0,0,0,0,0,0,1
BLUTWIT_021722_1,C:\Users\Eric\Documents\cig-ads-image\data\images\BLUTWIT_021722_1.png,Ad images for Yiqun/Blu/Blu Twitter/Twitter 2022/BluTwit_021722_1.png,BluTwit_021722_1,2022,1,0,0,0,0,0,0,0,0,0,0,0,0,0,0,0,1
BLUTWIT_021921_0,C:\Users\Eric\Documents\cig-ads-image\data\images\BLUTWIT_021921_0.png,Ad images for Yiqun/Blu/Blu Twitter/Twitter 2021/BluTwit_021921_0.png,BluTwit_021921_0,2021,1,0,0,0,0,0,1,0,0,0,0,0,0,0,0,1,1
BLUTWIT_021922_0,C:\Users\Eric\Documents\cig-ads-image\data\images\BLUTWIT_021922_0.png,Ad images for Yiqun/Blu/Blu Twitter/Twitter 2022/BluTwit_021922_0.png,BluTwit_021922_0,2022,1,0,0,0,0,0,0,0,0,0,0,0,0,0,0,0,1
BLUTWIT_022021_0,C:\Users\Eric\Documents\cig-ads-image\data\images\BLUTWIT_022021_0.png,Ad images for Yiqun/Blu/Blu Twitter/Twitter 2021/BluTwit_022021_0.png,BluTwit_022021_0,2021,1,0,0,0,0,0,0,0,0,0,0,0,0,0,0,1,1
BLUTWIT_022022_0,C:\Users\Eric\Documents\cig-ads-image\data\images\BLUTWIT_022022_0.png,Ad images for Yiqun/Blu/Blu Twitter/Twitter 2022/BluTwit_022022_0.png,BluTwit_022022_0,2022,1,0,0,0,0,0,0,0,0,0,0,0,0,0,0,0,1
BLUTWIT_022121_0,C:\Users\Eric\Documents\cig-ads-image\data\images\BLUTWIT_022121_0.png,Ad images for Yiqun/Blu/Blu Twitter/Twitter 2021/BluTwit_022121_0.png,BluTwit_022121_0,2021,1,0,0,0,0,0,0,0,0,0,0,0,0,0,0,1,1
BLUTWIT_022221_0,C:\Users\Eric\Documents\cig-ads-image\data\images\BLUTWIT_022221_0.png,Ad images for Yiqun/Blu/Blu Twitter/Twitter 2021/BluTwit_022221_0.png,BluTwit_022221_0,2021,1,0,0,0,0,0,0,0,0,0,0,0,0,0,0,1,1
BLUTWIT_022222_0,C:\Users\Eric\Documents\cig-ads-image\data\images\BLUTWIT_022222_0.png,Ad images for Yiqun/Blu/Blu Twitter/Twitter 2022/BluTwit_022222_0.png,BluTwit_022222_0,2022,1,0,0,0,0,0,0,1,0,0,0,0,0,0,0,0,1
BLUTWIT_022321_0,C:\Users\Eric\Documents\cig-ads-image\data\images\BLUTWIT_022321_0.png,Ad images for Yiqun/Blu/Blu Twitter/Twitter 2021/BluTwit_022321_0.png,BluTwit_022321_0,2021,1,0,0,0,0,0,0,0,0,0,0,0,0,0,0,1,1
BLUTWIT_022322_0,C:\Users\Eric\Documents\cig-ads-image\data\images\BLUTWIT_022322_0.png,Ad images for Yiqun/Blu/Blu Twitter/Twitter 2022/BluTwit_022322_0.png,BluTwit_022322_0,2022,1,0,0,0,0,0,0,0,0,0,0,0,0,0,0,0,1
BLUTWIT_022421_0,C:\Users\Eric\Documents\cig-ads-image\data\images\BLUTWIT_022421_0.png,Ad images for Yiqun/Blu/Blu Twitter/Twitter 2021/BluTwit_022421_0.png,BluTwit_022421_0,2021,1,0,0,0,0,0,0,0,0,0,0,0,0,0,0,1,1
BLUTWIT_022422_0,C:\Users\Eric\Documents\cig-ads-image\data\images\BLUTWIT_022422_0.png,Ad images for Yiqun/Blu/Blu Twitter/Twitter 2022/BluTwit_022422_0.png,BluTwit_022422_0,2022,1,0,0,0,0,0,0,0,0,0,0,0,0,0,0,0,1
BLUTWIT_022522_0,C:\Users\Eric\Documents\cig-ads-image\data\images\BLUTWIT_022522_0.png,Ad images for Yiqun/Blu/Blu Twitter/Twitter 2022/BluTwit_022522_0.png,BluTwit_022522_0,2022,1,0,0,0,0,0,0,0,0,0,0,0,0,0,0,0,1
BLUTWIT_022621_0,C:\Users\Eric\Documents\cig-ads-image\data\images\BLUTWIT_022621_0.png,Ad images for Yiqun/Blu/Blu Twitter/Twitter 2021/BluTwit_022621_0.png,BluTwit_022621_0,2021,1,0,0,0,0,0,0,0,0,0,0,0,0,0,0,0,1
BLUTWIT_022622_0,C:\Users\Eric\Documents\cig-ads-image\data\images\BLUTWIT_022622_0.png,Ad images for Yiqun/Blu/Blu Twitter/Twitter 2022/BluTwit_022622_0.png,BluTwit_022622_0,2022,1,0,0,0,0,0,0,0,0,0,0,0,0,0,0,0,1
BLUTWIT_022721_0,C:\Users\Eric\Documents\cig-ads-image\data\images\BLUTWIT_022721_0.png,Ad images for Yiqun/Blu/Blu Twitter/Twitter 2021/BluTwit_022721_0.png,BluTwit_022721_0,2021,1,0,0,0,0,0,0,0,0,0,0,0,0,0,0,0,1
BLUTWIT_022821_0,C:\Users\Eric\Documents\cig-ads-image\data\images\BLUTWIT_022821_0.png,Ad images for Yiqun/Blu/Blu Twitter/Twitter 2021/BluTwit_022821_0.png,BluTwit_022821_0,2021,1,0,0,0,0,0,0,0,0,0,0,0,0,0,0,1,1
BLUTWIT_022822_0,C:\Users\Eric\Documents\cig-ads-image\data\images\BLUTWIT_022822_0.png,Ad images for Yiqun/Blu/Blu Twitter/Twitter 2022/BluTwit_022822_0.png,BluTwit_022822_0,2022,1,0,0,0,0,0,0,0,0,0,0,0,0,0,0,0,1
BLUTWIT_030121_0,C:\Users\Eric\Documents\cig-ads-image\data\images\BLUTWIT_030121_0.png,Ad images for Yiqun/Blu/Blu Twitter/Twitter 20211/BluTwit_030121_0.png,BluTwit_030121_0,2021,1,0,0,0,0,0,0,0,0,0,0,0,0,0,0,0,1
BLUTWIT_030221_0,C:\Users\Eric\Documents\cig-ads-image\data\images\BLUTWIT_030221_0.png,Ad images for Yiqun/Blu/Blu Twitter/Twitter 20211/BluTwit_030221_0.png,BluTwit_030221_0,2021,1,0,0,0,0,0,0,0,0,0,0,0,0,0,0,0,1
BLUTWIT_030222_0,C:\Users\Eric\Documents\cig-ads-image\data\images\BLUTWIT_030222_0.png,Ad images for Yiqun/Blu/Blu Twitter/Twitter 2022/BluTwit_030222_0.png,BluTwit_030222_0,2022,1,0,0,0,0,0,0,0,0,0,0,0,0,0,0,0,1
BLUTWIT_030321_0,C:\Users\Eric\Documents\cig-ads-image\data\images\BLUTWIT_030321_0.png,Ad images for Yiqun/Blu/Blu Twitter/Twitter 20211/BluTwit_030321_0.png,BluTwit_030321_0,2021,1,0,0,0,0,0,0,0,0,0,0,0,0,0,0,0,1
BLUTWIT_030322_0,C:\Users\Eric\Documents\cig-ads-image\data\images\BLUTWIT_030322_0.png,Ad images for Yiqun/Blu/Blu Twitter/Twitter 2022/BluTwit_030322_0.png,BluTwit_030322_0,2022,1,0,0,0,0,0,0,0,0,0,0,0,0,0,0,0,1
BLUTWIT_030422_0,C:\Users\Eric\Documents\cig-ads-image\data\images\BLUTWIT_030422_0.png,Ad images for Yiqun/Blu/Blu Twitter/Twitter 2022/BluTwit_030422_0.png,BluTwit_030422_0,2022,1,0,0,0,0,0,0,0,0,0,0,0,0,0,0,0,1
BLUTWIT_030521_0,C:\Users\Eric\Documents\cig-ads-image\data\images\BLUTWIT_030521_0.png,Ad images for Yiqun/Blu/Blu Twitter/Twitter 20211/BluTwit_030521_0.png,BluTwit_030521_0,2021,1,0,0,0,0,0,0,0,0,0,0,0,0,0,0,0,1
BLUTWIT_030522_0,C:\Users\Eric\Documents\cig-ads-image\data\images\BLUTWIT_030522_0.png,Ad images for Yiqun/Blu/Blu Twitter/Twitter 2022/BluTwit_030522_0.png,BluTwit_030522_0,2022,1,0,0,0,0,0,1,0,0,0,0,0,1,0,0,0,1
BLUTWIT_030621_0,C:\Users\Eric\Documents\cig-ads-image\data\images\BLUTWIT_030621_0.png,Ad images for Yiqun/Blu/Blu Twitter/Twitter 20211/BluTwit_030621_0.png,BluTwit_030621_0,2021,1,0,0,0,0,0,0,0,0,0,0,0,0,0,0,0,1
BLUTWIT_030721_0,C:\Users\Eric\Documents\cig-ads-image\data\images\BLUTWIT_030721_0.png,Ad images for Yiqun/Blu/Blu Twitter/Twitter 20211/BluTwit_030721_0.png,BluTwit_030721_0,2021,1,0,0,0,0,0,1,0,0,0,0,0,0,1,0,0,1
BLUTWIT_030821_0,C:\Users\Eric\Documents\cig-ads-image\data\images\BLUTWIT_030821_0.png,Ad images for Yiqun/Blu/Blu Twitter/Twitter 20211/BluTwit_030821_0.png,BluTwit_030821_0,2021,1,0,0,0,0,0,0,0,0,0,0,0,0,0,0,0,1
BLUTWIT_030921_0,C:\Users\Eric\Documents\cig-ads-image\data\images\BLUTWIT_030921_0.png,Ad images for Yiqun/Blu/Blu Twitter/Twitter 20211/BluTwit_030921_0.png,BluTwit_030921_0,2021,1,0,0,0,0,0,0,0,0,0,0,0,0,1,0,0,1
BLUTWIT_030922_0,C:\Users\Eric\Documents\cig-ads-image\data\images\BLUTWIT_030922_0.png,Ad images for Yiqun/Blu/Blu Twitter/Twitter 2022/BluTwit_030922_0.png,BluTwit_030922_0,2022,1,0,0,0,0,0,0,0,0,0,0,0,0,0,1,0,1
BLUTWIT_031021_0,C:\Users\Eric\Documents\cig-ads-image\data\images\BLUTWIT_031021_0.png,Ad images for Yiqun/Blu/Blu Twitter/Twitter 20211/BluTwit_031021_0.png,BluTwit_031021_0,2021,1,0,0,0,0,0,0,0,0,0,0,0,0,0,0,0,1
BLUTWIT_031022_0,C:\Users\Eric\Documents\cig-ads-image\data\images\BLUTWIT_031022_0.png,Ad images for Yiqun/Blu/Blu Twitter/Twitter 2022/BluTwit_031022_0.png,BluTwit_031022_0,2022,1,0,0,0,0,0,0,0,0,0,0,0,0,0,0,0,1
BLUTWIT_031122_0,C:\Users\Eric\Documents\cig-ads-image\data\images\BLUTWIT_031122_0.png,Ad images for Yiqun/Blu/Blu Twitter/Twitter 2022/BluTwit_031122_0.png,BluTwit_031122_0,2022,1,0,0,0,0,0,1,0,0,0,0,0,1,0,0,0,1
BLUTWIT_031221_0,C:\Users\Eric\Documents\cig-ads-image\data\images\BLUTWIT_031221_0.png,Ad images for Yiqun/Blu/Blu Twitter/Twitter 20211/BluTwit_031221_0.png,BluTwit_031221_0,2021,1,0,0,0,0,0,0,0,0,0,0,0,0,0,0,0,1
BLUTWIT_031222_0,C:\Users\Eric\Documents\cig-ads-image\data\images\BLUTWIT_031222_0.png,Ad images for Yiqun/Blu/Blu Twitter/Twitter 2022/BluTwit_031222_0.png,BluTwit_031222_0,2022,1,0,0,0,0,0,0,0,0,0,0,0,0,0,0,0,1
BLUTWIT_031321_0,C:\Users\Eric\Documents\cig-ads-image\data\images\BLUTWIT_031321_0.png,Ad images for Yiqun/Blu/Blu Twitter/Twitter 20211/BluTwit_031321_0.png,BluTwit_031321_0,2021,1,0,0,0,0,0,0,0,0,0,0,0,0,0,0,0,1
BLUTWIT_031322_0,C:\Users\Eric\Documents\cig-ads-image\data\images\BLUTWIT_031322_0.png,Ad images for Yiqun/Blu/Blu Twitter/Twitter 2022/BluTwit_031322_0.png,BluTwit_031322_0,2022,1,0,0,0,0,0,0,0,0,0,0,0,0,0,0,0,1
BLUTWIT_031422_0,C:\Users\Eric\Documents\cig-ads-image\data\images\BLUTWIT_031422_0.png,Ad images for Yiqun/Blu/Blu Twitter/Twitter 2022/BluTwit_031422_0.png,BluTwit_031422_0,2022,1,0,0,0,0,0,0,0,0,0,0,0,0,0,0,0,1
BLUTWIT_031521_0,C:\Users\Eric\Documents\cig-ads-image\data\images\BLUTWIT_031521_0.png,Ad images for Yiqun/Blu/Blu Twitter/Twitter 20211/BluTwit_031521_0.png,BluTwit_031521_0,2021,1,0,0,0,0,0,0,0,0,0,0,0,0,0,0,0,1
BLUTWIT_031621_0,C:\Users\Eric\Documents\cig-ads-image\data\images\BLUTWIT_031621_0.png,Ad images for Yiqun/Blu/Blu Twitter/Twitter 20211/BluTwit_031621_0.png,BluTwit_031621_0,2021,1,0,0,0,0,0,0,0,0,0,0,0,0,0,0,0,1
BLUTWIT_031622_0,C:\Users\Eric\Documents\cig-ads-image\data\images\BLUTWIT_031622_0.png,Ad images for Yiqun/Blu/Blu Twitter/Twitter 2022/BluTwit_031622_0.png,BluTwit_031622_0,2022,1,0,0,0,0,0,0,0,0,0,0,0,0,0,0,0,1
BLUTWIT_031721_0,C:\Users\Eric\Documents\cig-ads-image\data\images\BLUTWIT_031721_0.png,Ad images for Yiqun/Blu/Blu Twitter/Twitter 20211/BluTwit_031721_0.png,BluTwit_031721_0,2021,1,0,0,0,0,0,0,0,0,0,0,0,0,0,0,0,1
BLUTWIT_031722_0,C:\Users\Eric\Documents\cig-ads-image\data\images\BLUTWIT_031722_0.png,Ad images for Yiqun/Blu/Blu Twitter/Twitter 2022/BluTwit_031722_0.png,BluTwit_031722_0,2022,1,1,0,0,0,0,0,0,0,0,0,0,0,0,0,0,1
BLUTWIT_031822_0,C:\Users\Eric\Documents\cig-ads-image\data\images\BLUTWIT_031822_0.png,Ad images for Yiqun/Blu/Blu Twitter/Twitter 2022/BluTwit_031822_0.png,BluTwit_031822_0,2022,1,0,0,0,0,0,0,0,0,0,0,0,0,0,0,0,1
BLUTWIT_031921_0,C:\Users\Eric\Documents\cig-ads-image\data\images\BLUTWIT_031921_0.png,Ad images for Yiqun/Blu/Blu Twitter/Twitter 20211/BluTwit_031921_0.png,BluTwit_031921_0,2021,1,0,0,0,0,0,0,0,0,0,0,0,0,0,0,0,1
BLUTWIT_031922_0,C:\Users\Eric\Documents\cig-ads-image\data\images\BLUTWIT_031922_0.png,Ad images for Yiqun/Blu/Blu Twitter/Twitter 2022/BluTwit_031922_0.png,BluTwit_031922_0,2022,1,0,0,0,0,0,0,0,0,0,0,0,0,0,0,0,1
BLUTWIT_032021_0,C:\Users\Eric\Documents\cig-ads-image\data\images\BLUTWIT_032021_0.png,Ad images for Yiqun/Blu/Blu Twitter/Twitter 20211/BluTwit_032021_0.png,BluTwit_032021_0,2021,1,0,0,0,0,0,0,0,0,0,0,0,0,0,0,0,1
BLUTWIT_032022_0,C:\Users\Eric\Documents\cig-ads-image\data\images\BLUTWIT_032022_0.png,Ad images for Yiqun/Blu/Blu Twitter/Twitter 2022/BluTwit_032022_0.png,BluTwit_032022_0,2022,1,0,0,0,0,0,0,0,0,0,0,0,0,0,0,0,1
BLUTWIT_032122_0,C:\Users\Eric\Documents\cig-ads-image\data\images\BLUTWIT_032122_0.png,Ad images for Yiqun/Blu/Blu Twitter/Twitter 2022/BluTwit_032122_0.png,BluTwit_032122_0,2022,1,1,0,0,0,0,0,0,0,0,0,0,0,0,0,0,1
BLUTWIT_032221_0,C:\Users\Eric\Documents\cig-ads-image\data\images\BLUTWIT_032221_0.png,Ad images for Yiqun/Blu/Blu Twitter/Twitter 20211/BluTwit_032221_0.png,BluTwit_032221_0,2021,1,0,0,0,0,0,0,0,0,0,0,0,0,0,0,0,1
BLUTWIT_032321_0,C:\Users\Eric\Documents\cig-ads-image\data\images\BLUTWIT_032321_0.png,Ad images for Yiqun/Blu/Blu Twitter/Twitter 20211/BluTwit_032321_0.png,BluTwit_032321_0,2021,1,0,0,0,0,0,0,0,0,0,0,0,0,0,0,0,1
BLUTWIT_032322_0,C:\Users\Eric\Documents\cig-ads-image\data\images\BLUTWIT_032322_0.png,Ad images for Yiqun/Blu/Blu Twitter/Twitter 2022/BluTwit_032322_0.png,BluTwit_032322_0,2022,1,0,0,0,0,0,0,0,0,0,0,0,0,1,0,0,1
BLUTWIT_032421_0,C:\Users\Eric\Documents\cig-ads-image\data\images\BLUTWIT_032421_0.png,Ad images for Yiqun/Blu/Blu Twitter/Twitter 20211/BluTwit_032421_0.png,BluTwit_032421_0,2021,1,0,0,0,0,0,0,0,0,0,0,0,0,0,0,0,1
BLUTWIT_032422_0,C:\Users\Eric\Documents\cig-ads-image\data\images\BLUTWIT_032422_0.png,Ad images for Yiqun/Blu/Blu Twitter/Twitter 2022/BluTwit_032422_0.png,BluTwit_032422_0,2022,1,1,0,0,0,0,0,0,0,0,0,0,0,0,0,0,1
BLUTWIT_032522_0,C:\Users\Eric\Documents\cig-ads-image\data\images\BLUTWIT_032522_0.png,Ad images for Yiqun/Blu/Blu Twitter/Twitter 2022/BluTwit_032522_0.png,BluTwit_032522_0,2022,1,0,0,0,0,0,0,0,0,0,0,0,0,0,0,0,1
BLUTWIT_032621_0,C:\Users\Eric\Documents\cig-ads-image\data\images\BLUTWIT_032621_0.png,Ad images for Yiqun/Blu/Blu Twitter/Twitter 20211/BluTwit_032621_0.png,BluTwit_032621_0,2021,1,0,0,0,0,0,0,0,0,0,0,0,0,0,0,0,1
BLUTWIT_032622_0,C:\Users\Eric\Documents\cig-ads-image\data\images\BLUTWIT_032622_0.png,Ad images for Yiqun/Blu/Blu Twitter/Twitter 2022/BluTwit_032622_0.png,BluTwit_032622_0,2022,1,0,0,0,0,0,0,0,0,0,0,0,0,1,0,0,1
BLUTWIT_032721_0,C:\Users\Eric\Documents\cig-ads-image\data\images\BLUTWIT_032721_0.png,Ad images for Yiqun/Blu/Blu Twitter/Twitter 20211/BluTwit_032721_0.png,BluTwit_032721_0,2021,1,0,0,0,0,0,1,0,0,0,0,0,0,0,0,0,1
BLUTWIT_032722_0,C:\Users\Eric\Documents\cig-ads-image\data\images\BLUTWIT_032722_0.png,Ad images for Yiqun/Blu/Blu Twitter/Twitter 2022/BluTwit_032722_0.png,BluTwit_032722_0,2022,1,0,0,0,0,0,0,0,0,0,0,0,0,0,0,0,1
BLUTWIT_032821_0,C:\Users\Eric\Documents\cig-ads-image\data\images\BLUTWIT_032821_0.png,Ad images for Yiqun/Blu/Blu Twitter/Twitter 20211/BluTwit_032821_0.png,BluTwit_032821_0,2021,1,0,0,0,0,0,0,0,0,0,0,0,0,0,0,0,1
BLUTWIT_032921_0,C:\Users\Eric\Documents\cig-ads-image\data\images\BLUTWIT_032921_0.png,Ad images for Yiqun/Blu/Blu Twitter/Twitter 20211/BluTwit_032921_0.png,BluTwit_032921_0,2021,1,0,0,0,0,0,0,0,0,0,0,0,0,0,0,0,1
BLUTWIT_033021_0,C:\Users\Eric\Documents\cig-ads-image\data\images\BLUTWIT_033021_0.png,Ad images for Yiqun/Blu/Blu Twitter/Twitter 20211/BluTwit_033021_0.png,BluTwit_033021_0,2021,1,0,0,0,0,0,0,0,0,0,0,0,0,0,0,0,1
BLUTWIT_033022_0,C:\Users\Eric\Documents\cig-ads-image\data\images\BLUTWIT_033022_0.png,Ad images for Yiqun/Blu/Blu Twitter/Twitter 2022/BluTwit_033022_0.png,BluTwit_033022_0,2022,1,0,0,0,0,0,1,0,0,0,0,0,0,0,0,0,1
BLUTWIT_033121_0,C:\Users\Eric\Documents\cig-ads-image\data\images\BLUTWIT_033121_0.png,Ad images for Yiqun/Blu/Blu Twitter/Twitter 20211/BluTwit_033121_0.png,BluTwit_033121_0,2021,1,0,0,0,0,0,0,0,0,0,0,0,0,0,0,0,1
BLUTWIT_040122_0,C:\Users\Eric\Documents\cig-ads-image\data\images\BLUTWIT_040122_0.png,Ad images for Yiqun/Blu/Blu Twitter/Twitter 2022/BluTwit_040122_0.png,BluTwit_040122_0,2022,1,0,0,0,0,0,0,0,0,0,0,0,1,0,0,0,1
BLUTWIT_040221_0,C:\Users\Eric\Documents\cig-ads-image\data\images\BLUTWIT_040221_0.png,Ad images for Yiqun/Blu/Blu Twitter/Twitter 20211/BluTwit_040221_0.png,BluTwit_040221_0,2021,1,0,0,0,0,0,1,0,0,0,0,0,0,0,0,0,1
BLUTWIT_040222_0,C:\Users\Eric\Documents\cig-ads-image\data\images\BLUTWIT_040222_0.png,Ad images for Yiqun/Blu/Blu Twitter/Twitter 2022/BluTwit_040222_0.png,BluTwit_040222_0,2022,1,0,0,0,0,0,0,0,0,0,0,0,0,0,0,0,1
BLUTWIT_040322_0,C:\Users\Eric\Documents\cig-ads-image\data\images\BLUTWIT_040322_0.png,Ad images for Yiqun/Blu/Blu Twitter/Twitter 2022/BluTwit_040322_0.png,BluTwit_040322_0,2022,1,0,0,0,0,0,0,0,0,0,0,0,0,0,0,0,1
BLUTWIT_040421_0,C:\Users\Eric\Documents\cig-ads-image\data\images\BLUTWIT_040421_0.png,Ad images for Yiqun/Blu/Blu Twitter/Twitter 20211/BluTwit_040421_0.png,BluTwit_040421_0,2021,1,0,0,0,0,0,0,0,0,0,0,0,0,0,0,0,1
BLUTWIT_040522_0,C:\Users\Eric\Documents\cig-ads-image\data\images\BLUTWIT_040522_0.png,Ad images for Yiqun/Blu/Blu Twitter/Twitter 2022/BluTwit_040522_0.png,BluTwit_040522_0,2022,1,0,0,1,0,0,0,0,0,0,0,0,0,0,0,0,1
BLUTWIT_040621_0,C:\Users\Eric\Documents\cig-ads-image\data\images\BLUTWIT_040621_0.png,Ad images for Yiqun/Blu/Blu Twitter/Twitter 20211/BluTwit_040621_0.png,BluTwit_040621_0,2021,1,0,0,0,0,0,0,0,0,0,0,0,0,0,0,0,1
BLUTWIT_040721_0,C:\Users\Eric\Documents\cig-ads-image\data\images\BLUTWIT_040721_0.png,Ad images for Yiqun/Blu/Blu Twitter/Twitter 20211/BluTwit_040721_0.png,BluTwit_040721_0,2021,1,0,0,0,0,0,0,0,0,0,0,0,0,0,0,0,1
BLUTWIT_040822_0,C:\Users\Eric\Documents\cig-ads-image\data\images\BLUTWIT_040822_0.png,Ad images for Yiqun/Blu/Blu Twitter/Twitter 2022/BluTwit_040822_0.png,BluTwit_040822_0,2022,1,0,0,0,0,0,0,0,0,0,0,0,0,0,0,0,1
BLUTWIT_040921_0,C:\Users\Eric\Documents\cig-ads-image\data\images\BLUTWIT_040921_0.png,Ad images for Yiqun/Blu/Blu Twitter/Twitter 20211/BluTwit_040921_0.png,BluTwit_040921_0,2021,1,0,0,0,0,0,0,0,0,0,0,0,0,0,0,0,1
BLUTWIT_040922_0,C:\Users\Eric\Documents\cig-ads-image\data\images\BLUTWIT_040922_0.png,Ad images for Yiqun/Blu/Blu Twitter/Twitter 2022/BluTwit_040922_0.png,BluTwit_040922_0,2022,1,0,0,0,0,0,0,0,0,0,0,0,0,0,0,0,1
BLUTWIT_041021_0,C:\Users\Eric\Documents\cig-ads-image\data\images\BLUTWIT_041021_0.png,Ad images for Yiqun/Blu/Blu Twitter/Twitter 20211/BluTwit_041021_0.png,BluTwit_041021_0,2021,1,0,0,0,0,0,0,0,0,0,0,0,1,0,0,0,1
BLUTWIT_041022_0,C:\Users\Eric\Documents\cig-ads-image\data\images\BLUTWIT_041022_0.png,Ad images for Yiqun/Blu/Blu Twitter/Twitter 2022/BluTwit_041022_0.png,BluTwit_041022_0,2022,1,0,0,0,0,0,0,0,0,0,0,0,0,0,0,0,1
BLUTWIT_041121_0,C:\Users\Eric\Documents\cig-ads-image\data\images\BLUTWIT_041121_0.png,Ad images for Yiqun/Blu/Blu Twitter/Twitter 20211/BluTwit_041121_0.png,BluTwit_041121_0,2021,1,0,0,0,0,0,0,0,0,0,0,0,0,0,0,0,1
BLUTWIT_041222_0,C:\Users\Eric\Documents\cig-ads-image\data\images\BLUTWIT_041222_0.png,Ad images for Yiqun/Blu/Blu Twitter/Twitter 2022/BluTwit_041222_0.png,BluTwit_041222_0,2022,1,0,0,1,0,0,0,0,0,0,0,0,0,0,0,0,1
BLUTWIT_041321_0,C:\Users\Eric\Documents\cig-ads-image\data\images\BLUTWIT_041321_0.png,Ad images for Yiqun/Blu/Blu Twitter/Twitter 20211/BluTwit_041321_0.png,BluTwit_041321_0,2021,1,0,0,0,0,0,0,0,0,0,0,0,0,0,0,0,1
BLUTWIT_041322_0,C:\Users\Eric\Documents\cig-ads-image\data\images\BLUTWIT_041322_0.png,Ad images for Yiqun/Blu/Blu Twitter/Twitter 2022/BluTwit_041322_0.png,BluTwit_041322_0,2022,1,0,0,0,0,0,0,0,0,0,0,0,0,0,0,0,1
BLUTWIT_041421_0,C:\Users\Eric\Documents\cig-ads-image\data\images\BLUTWIT_041421_0.png,Ad images for Yiqun/Blu/Blu Twitter/Twitter 20211/BluTwit_041421_0.png,BluTwit_041421_0,2021,1,0,0,0,0,0,0,0,0,0,0,0,0,0,0,0,1
BLUTWIT_041422_0,C:\Users\Eric\Documents\cig-ads-image\data\images\BLUTWIT_041422_0.png,Ad images for Yiqun/Blu/Blu Twitter/Twitter 2022/BluTwit_041422_0.png,BluTwit_041422_0,2022,1,0,0,0,0,0,0,0,0,0,0,0,0,1,0,0,1
BLUTWIT_041522_0,C:\Users\Eric\Documents\cig-ads-image\data\images\BLUTWIT_041522_0.png,Ad images for Yiqun/Blu/Blu Twitter/Twitter 2022/BluTwit_041522_0.png,BluTwit_041522_0,2022,1,0,0,0,0,0,0,0,0,0,0,0,0,0,0,0,1
BLUTWIT_041621_0,C:\Users\Eric\Documents\cig-ads-image\data\images\BLUTWIT_041621_0.png,Ad images for Yiqun/Blu/Blu Twitter/Twitter 20211/BluTwit_041621_0.png,BluTwit_041621_0,2021,1,0,0,0,0,0,0,0,0,0,0,0,0,0,0,0,1
BLUTWIT_041622_0,C:\Users\Eric\Documents\cig-ads-image\data\images\BLUTWIT_041622_0.png,Ad images for Yiqun/Blu/Blu Twitter/Twitter 2022/BluTwit_041622_0.png,BluTwit_041622_0,2022,1,0,0,0,0,0,0,0,0,0,0,0,0,1,0,0,1
BLUTWIT_041721_0,C:\Users\Eric\Documents\cig-ads-image\data\images\BLUTWIT_041721_0.png,Ad images for Yiqun/Blu/Blu Twitter/Twitter 20211/BluTwit_041721_0.png,BluTwit_041721_0,2021,1,0,0,0,0,0,0,0,0,0,0,0,0,0,0,0,1
BLUTWIT_041821_0,C:\Users\Eric\Documents\cig-ads-image\data\images\BLUTWIT_041821_0.png,Ad images for Yiqun/Blu/Blu Twitter/Twitter 20211/BluTwit_041821_0.png,BluTwit_041821_0,2021,1,0,0,0,0,0,0,0,0,0,0,0,0,0,0,0,1
BLUTWIT_042022_0,C:\Users\Eric\Documents\cig-ads-image\data\images\BLUTWIT_042022_0.png,Ad images for Yiqun/Blu/Blu Twitter/Twitter 2022/BluTwit_042022_0.png,BluTwit_042022_0,2022,1,0,0,0,0,0,0,0,0,0,0,0,0,0,0,0,1
BLUTWIT_042121_0,C:\Users\Eric\Documents\cig-ads-image\data\images\BLUTWIT_042121_0.png,Ad images for Yiqun/Blu/Blu Twitter/Twitter 20211/BluTwit_042121_0.png,BluTwit_042121_0,2021,1,0,0,0,0,0,0,0,0,0,0,0,0,0,0,0,1
BLUTWIT_042122_0,C:\Users\Eric\Documents\cig-ads-image\data\images\BLUTWIT_042122_0.png,Ad images for Yiqun/Blu/Blu Twitter/Twitter 2022/BluTwit_042122_0.png,BluTwit_042122_0,2022,1,0,0,0,0,0,0,0,0,0,0,0,0,0,0,0,1
BLUTWIT_042222_0,C:\Users\Eric\Documents\cig-ads-image\data\images\BLUTWIT_042222_0.png,Ad images for Yiqun/Blu/Blu Twitter/Twitter 2022/BluTwit_042222_0.png,BluTwit_042222_0,2022,1,0,0,1,0,0,0,0,0,0,0,0,0,0,0,0,1
BLUTWIT_042321_0,C:\Users\Eric\Documents\cig-ads-image\data\images\BLUTWIT_042321_0.png,Ad images for Yiqun/Blu/Blu Twitter/Twitter 20211/BluTwit_042321_0.png,BluTwit_042321_0,2021,1,0,0,0,0,0,0,0,0,0,0,0,0,0,0,0,0
BLUTWIT_042622_0,C:\Users\Eric\Documents\cig-ads-image\data\images\BLUTWIT_042622_0.png,Ad images for Yiqun/Blu/Blu Twitter/Twitter 2022/BluTwit_042622_0.png,BluTwit_042622_0,2022,1,0,0,0,0,0,0,0,0,0,0,0,0,0,0,0,1
BLUTWIT_042822_0,C:\Users\Eric\Documents\cig-ads-image\data\images\BLUTWIT_042822_0.png,Ad images for Yiqun/Blu/Blu Twitter/Twitter 2022/BluTwit_042822_0.png,BluTwit_042822_0,2022,1,0,0,0,0,0,0,0,0,0,0,0,0,0,0,0,1
BLUTWIT_042822_1,C:\Users\Eric\Documents\cig-ads-image\data\images\BLUTWIT_042822_1.png,Ad images for Yiqun/Blu/Blu Twitter/Twitter 2022/BluTwit_042822_1.png,BluTwit_042822_1,2022,1,0,0,0,0,0,0,0,0,0,0,0,0,0,0,0,1
BLUTWIT_042922_0,C:\Users\Eric\Documents\cig-ads-image\data\images\BLUTWIT_042922_0.png,Ad images for Yiqun/Blu/Blu Twitter/Twitter 2022/BluTwit_042922_0.png,BluTwit_042922_0,2022,1,0,0,0,0,0,0,0,0,0,0,0,0,0,0,0,1
BLUTWIT_043021_0,C:\Users\Eric\Documents\cig-ads-image\data\images\BLUTWIT_043021_0.png,Ad images for Yiqun/Blu/Blu Twitter/Twitter 20211/BluTwit_043021_0.png,BluTwit_043021_0,2021,1,0,0,0,0,0,0,0,0,0,0,0,0,0,0,0,1
BLUTWIT_043022_0,C:\Users\Eric\Documents\cig-ads-image\data\images\BLUTWIT_043022_0.png,Ad images for Yiqun/Blu/Blu Twitter/Twitter 2022/BluTwit_043022_0.png,BluTwit_043022_0,2022,1,0,0,1,0,0,0,0,0,0,0,0,0,0,0,0,1
BLUTWIT_050121_0,C:\Users\Eric\Documents\cig-ads-image\data\images\BLUTWIT_050121_0.png,Ad images for Yiqun/Blu/Blu Twitter/Twitter 20211/BluTwit_050121_0.png,BluTwit_050121_0,2021,1,0,0,0,0,0,0,0,0,0,0,0,0,0,0,0,1
BLUTWIT_050221_0,C:\Users\Eric\Documents\cig-ads-image\data\images\BLUTWIT_050221_0.png,Ad images for Yiqun/Blu/Blu Twitter/Twitter 20211/BluTwit_050221_0.png,BluTwit_050221_0,2021,1,0,0,0,0,0,0,0,0,0,0,0,0,0,0,0,1
BLUTWIT_050322_0,C:\Users\Eric\Documents\cig-ads-image\data\images\BLUTWIT_050322_0.png,Ad images for Yiqun/Blu/Blu Twitter/Twitter 2022/BluTwit_050322_0.png,BluTwit_050322_0,2022,1,0,0,0,0,0,0,0,0,0,0,0,0,0,0,0,1
BLUTWIT_050421_0,C:\Users\Eric\Documents\cig-ads-image\data\images\BLUTWIT_050421_0.png,Ad images for Yiqun/Blu/Blu Twitter/Twitter 20211/BluTwit_050421_0.png,BluTwit_050421_0,2021,1,0,0,0,0,0,0,0,0,0,0,0,0,0,0,0,0
BLUTWIT_050422_0,C:\Users\Eric\Documents\cig-ads-image\data\images\BLUTWIT_050422_0.png,Ad images for Yiqun/Blu/Blu Twitter/Twitter 2022/BluTwit_050422_0.png,BluTwit_050422_0,2022,1,0,0,0,0,0,0,0,0,0,0,0,0,0,0,0,1
BLUTWIT_050522_0,C:\Users\Eric\Documents\cig-ads-image\data\images\BLUTWIT_050522_0.png,Ad images for Yiqun/Blu/Blu Twitter/Twitter 2022/BluTwit_050522_0.png,BluTwit_050522_0,2022,1,0,0,0,0,0,1,0,0,0,0,0,0,0,0,0,1
BLUTWIT_050621_0,C:\Users\Eric\Documents\cig-ads-image\data\images\BLUTWIT_050621_0.png,Ad images for Yiqun/Blu/Blu Twitter/Twitter 20211/BluTwit_050621_0.png,BluTwit_050621_0,2021,1,0,0,0,0,0,0,0,0,0,0,0,0,0,0,0,0
BLUTWIT_050622_0,C:\Users\Eric\Documents\cig-ads-image\data\images\BLUTWIT_050622_0.png,Ad images for Yiqun/Blu/Blu Twitter/Twitter 2022/BluTwit_050622_0.png,BluTwit_050622_0,2022,1,0,0,1,0,0,0,0,0,0,0,0,0,0,0,0,1
BLUTWIT_050722_0,C:\Users\Eric\Documents\cig-ads-image\data\images\BLUTWIT_050722_0.png,Ad images for Yiqun/Blu/Blu Twitter/Twitter 2022/BluTwit_050722_0.png,BluTwit_050722_0,2022,1,0,0,0,0,0,0,0,0,0,0,0,0,0,0,0,1
BLUTWIT_051022_0,C:\Users\Eric\Documents\cig-ads-image\data\images\BLUTWIT_051022_0.png,Ad images for Yiqun/Blu/Blu Twitter/Twitter 2022/BluTwit_051022_0.png,BluTwit_051022_0,2022,1,0,0,0,0,0,0,0,0,0,0,0,0,0,0,0,1
BLUTWIT_051121_0,C:\Users\Eric\Documents\cig-ads-image\data\images\BLUTWIT_051121_0.png,Ad images for Yiqun/Blu/Blu Twitter/Twitter 20211/BluTwit_051121_0.png,BluTwit_051121_0,2021,1,0,0,0,0,0,0,0,0,0,0,0,0,0,0,0,0
BLUTWIT_051122_0,C:\Users\Eric\Documents\cig-ads-image\data\images\BLUTWIT_051122_0.png,Ad images for Yiqun/Blu/Blu Twitter/Twitter 2022/BluTwit_051122_0.png,BluTwit_051122_0,2022,1,0,0,0,0,0,0,0,0,0,0,0,0,0,0,0,1
BLUTWIT_051222_0,C:\Users\Eric\Documents\cig-ads-image\data\images\BLUTWIT_051222_0.png,Ad images for Yiqun/Blu/Blu Twitter/Twitter 2022/BluTwit_051222_0.png,BluTwit_051222_0,2022,1,0,0,0,0,0,0,0,0,0,0,0,0,0,0,0,1
BLUTWIT_051322_0,C:\Users\Eric\Documents\cig-ads-image\data\images\BLUTWIT_051322_0.png,Ad images for Yiqun/Blu/Blu Twitter/Twitter 2022/BluTwit_051322_0.png,BluTwit_051322_0,2022,1,0,0,1,0,0,0,0,0,0,0,0,0,0,0,0,1
BLUTWIT_051421_0,C:\Users\Eric\Documents\cig-ads-image\data\images\BLUTWIT_051421_0.png,Ad images for Yiqun/Blu/Blu Twitter/Twitter 20211/BluTwit_051421_0.png,BluTwit_051421_0,2021,1,0,0,0,0,0,0,0,0,0,0,0,0,0,0,0,0
BLUTWIT_051422_0,C:\Users\Eric\Documents\cig-ads-image\data\images\BLUTWIT_051422_0.png,Ad images for Yiqun/Blu/Blu Twitter/Twitter 2022/BluTwit_051422_0.png,BluTwit_051422_0,2022,1,0,0,0,0,0,0,0,0,0,0,0,0,0,0,0,1
BLUTWIT_051521_0,C:\Users\Eric\Documents\cig-ads-image\data\images\BLUTWIT_051521_0.png,Ad images for Yiqun/Blu/Blu Twitter/Twitter 20211/BluTwit_051521_0.png,BluTwit_051521_0,2021,1,0,0,0,0,0,0,0,0,0,0,0,0,0,0,0,1
BLUTWIT_051722_0,C:\Users\Eric\Documents\cig-ads-image\data\images\BLUTWIT_051722_0.png,Ad images for Yiqun/Blu/Blu Twitter/Twitter 2022/BluTwit_051722_0.png,BluTwit_051722_0,2022,1,0,0,0,0,0,0,0,0,0,0,0,0,0,0,0,1
BLUTWIT_051821_0,C:\Users\Eric\Documents\cig-ads-image\data\images\BLUTWIT_051821_0.png,Ad images for Yiqun/Blu/Blu Twitter/Twitter 20211/BluTwit_051821_0.png,BluTwit_051821_0,2021,1,0,0,0,0,0,0,0,0,0,0,0,0,0,0,0,0
BLUTWIT_051822_0,C:\Users\Eric\Documents\cig-ads-image\data\images\BLUTWIT_051822_0.png,Ad images for Yiqun/Blu/Blu Twitter/Twitter 2022/BluTwit_051822_0.png,BluTwit_051822_0,2022,1,0,0,0,0,0,0,0,0,0,0,0,0,0,0,0,1
BLUTWIT_051922_0,C:\Users\Eric\Documents\cig-ads-image\data\images\BLUTWIT_051922_0.png,Ad images for Yiqun/Blu/Blu Twitter/Twitter 2022/BluTwit_051922_0.png,BluTwit_051922_0,2022,1,0,0,1,0,0,0,0,0,0,0,0,0,0,0,0,1
BLUTWIT_052021_0,C:\Users\Eric\Documents\cig-ads-image\data\images\BLUTWIT_052021_0.png,Ad images for Yiqun/Blu/Blu Twitter/Twitter 20211/BluTwit_052021_0.png,BluTwit_052021_0,2021,1,0,0,0,0,0,0,0,0,0,0,0,0,0,0,0,1
BLUTWIT_052022_0,C:\Users\Eric\Documents\cig-ads-image\data\images\BLUTWIT_052022_0.png,Ad images for Yiqun/Blu/Blu Twitter/Twitter 2022/BluTwit_052022_0.png,BluTwit_052022_0,2022,1,0,0,0,0,0,0,0,0,0,0,0,0,0,0,0,1
BLUTWIT_052122_0,C:\Users\Eric\Documents\cig-ads-image\data\images\BLUTWIT_052122_0.png,Ad images for Yiqun/Blu/Blu Twitter/Twitter 2022/BluTwit_052122_0.png,BluTwit_052122_0,2022,1,0,0,0,0,0,0,0,0,0,0,0,0,0,0,0,1
BLUTWIT_052221_0,C:\Users\Eric\Documents\cig-ads-image\data\images\BLUTWIT_052221_0.png,Ad images for Yiqun/Blu/Blu Twitter/Twitter 20211/BluTwit_052221_0.png,BluTwit_052221_0,2021,1,0,0,0,0,0,0,0,0,0,0,0,0,0,0,0,1
BLUTWIT_052422_0,C:\Users\Eric\Documents\cig-ads-image\data\images\BLUTWIT_052422_0.png,Ad images for Yiqun/Blu/Blu Twitter/Twitter 2022/BluTwit_052422_0.png,BluTwit_052422_0,2022,1,0,0,0,0,0,0,0,0,0,0,0,0,0,0,0,1
BLUTWIT_052521_0,C:\Users\Eric\Documents\cig-ads-image\data\images\BLUTWIT_052521_0.png,Ad images for Yiqun/Blu/Blu Twitter/Twitter 20211/BluTwit_052521_0.png,BluTwit_052521_0,2021,1,0,0,0,0,0,0,0,0,0,0,0,0,0,0,0,0
BLUTWIT_052522_0,C:\Users\Eric\Documents\cig-ads-image\data\images\BLUTWIT_052522_0.png,Ad images for Yiqun/Blu/Blu Twitter/Twitter 2022/BluTwit_052522_0.png,BluTwit_052522_0,2022,1,0,0,0,0,0,0,0,0,0,0,0,0,0,0,0,1
BLUTWIT_052622_0,C:\Users\Eric\Documents\cig-ads-image\data\images\BLUTWIT_052622_0.png,Ad images for Yiqun/Blu/Blu Twitter/Twitter 2022/BluTwit_052622_0.png,BluTwit_052622_0,2022,1,0,0,0,0,0,0,0,0,0,0,0,0,0,0,0,1
BLUTWIT_052722_0,C:\Users\Eric\Documents\cig-ads-image\data\images\BLUTWIT_052722_0.png,Ad images for Yiqun/Blu/Blu Twitter/Twitter 2022/BluTwit_052722_0.png,BluTwit_052722_0,2022,1,0,0,0,0,0,0,0,0,0,0,0,0,0,0,0,1
BLUTWIT_052821_0,C:\Users\Eric\Documents\cig-ads-image\data\images\BLUTWIT_052821_0.png,Ad images for Yiqun/Blu/Blu Twitter/Twitter 20211/BluTwit_052821_0.png,BluTwit_052821_0,2021,1,0,0,0,0,0,0,0,0,0,0,0,0,0,0,0,1
BLUTWIT_052822_0,C:\Users\Eric\Documents\cig-ads-image\data\images\BLUTWIT_052822_0.png,Ad images for Yiqun/Blu/Blu Twitter/Twitter 2022/BluTwit_052822_0.png,BluTwit_052822_0,2022,1,0,0,0,0,0,0,0,0,0,0,0,0,0,0,0,1
BLUTWIT_052921_0,C:\Users\Eric\Documents\cig-ads-image\data\images\BLUTWIT_052921_0.png,Ad images for Yiqun/Blu/Blu Twitter/Twitter 20211/BluTwit_052921_0.png,BluTwit_052921_0,2021,1,0,0,0,0,0,0,0,0,0,0,0,0,0,0,0,1
BLUTWIT_052922_0,C:\Users\Eric\Documents\cig-ads-image\data\images\BLUTWIT_052922_0.png,Ad images for Yiqun/Blu/Blu Twitter/Twitter 2022/BluTwit_052922_0.png,BluTwit_052922_0,2022,1,0,0,0,0,0,0,0,0,0,0,0,0,0,0,0,1
BLUTWIT_053021_0,C:\Users\Eric\Documents\cig-ads-image\data\images\BLUTWIT_053021_0.png,Ad images for Yiqun/Blu/Blu Twitter/Twitter 20211/BluTwit_053021_0.png,BluTwit_053021_0,2021,1,0,0,0,0,0,0,0,0,0,0,0,0,0,0,0,1
BLUTWIT_053121_0,C:\Users\Eric\Documents\cig-ads-image\data\images\BLUTWIT_053121_0.png,Ad images for Yiqun/Blu/Blu Twitter/Twitter 20211/BluTwit_053121_0.png,BluTwit_053121_0,2021,1,0,0,0,0,0,0,0,0,0,0,0,0,0,0,0,1
BLUTWIT_053122_0,C:\Users\Eric\Documents\cig-ads-image\data\images\BLUTWIT_053122_0.png,Ad images for Yiqun/Blu/Blu Twitter/Twitter 2022/BluTwit_053122_0.png,BluTwit_053122_0,2022,1,0,0,0,0,0,0,0,0,0,0,0,0,0,0,0,1
BLUTWIT_060122_0,C:\Users\Eric\Documents\cig-ads-image\data\images\BLUTWIT_060122_0.png,Ad images for Yiqun/Blu/Blu Twitter/Twitter 2022/BluTwit_060122_0.png,BluTwit_060122_0,2022,1,0,0,0,0,0,0,0,0,0,0,0,0,0,0,0,1
BLUTWIT_060221_0,C:\Users\Eric\Documents\cig-ads-image\data\images\BLUTWIT_060221_0.png,Ad images for Yiqun/Blu/Blu Twitter/Twitter 20211/BluTwit_060221_0.png,BluTwit_060221_0,2021,1,0,0,0,0,0,0,0,0,0,0,0,0,0,0,0,1
BLUTWIT_060222_0,C:\Users\Eric\Documents\cig-ads-image\data\images\BLUTWIT_060222_0.png,Ad images for Yiqun/Blu/Blu Twitter/Twitter 2022/BluTwit_060222_0.png,BluTwit_060222_0,2022,1,0,0,1,0,0,0,0,0,0,0,0,0,0,0,0,1
BLUTWIT_060322_0,C:\Users\Eric\Documents\cig-ads-image\data\images\BLUTWIT_060322_0.png,Ad images for Yiqun/Blu/Blu Twitter/Twitter 2022/BluTwit_060322_0.png,BluTwit_060322_0,2022,1,0,0,0,0,0,0,0,0,0,0,0,0,0,0,0,1
BLUTWIT_060421_0,C:\Users\Eric\Documents\cig-ads-image\data\images\BLUTWIT_060421_0.png,Ad images for Yiqun/Blu/Blu Twitter/Twitter 20211/BluTwit_060421_0.png,BluTwit_060421_0,2021,1,0,0,0,0,0,0,0,0,0,0,0,0,0,0,0,1
BLUTWIT_060422_0,C:\Users\Eric\Documents\cig-ads-image\data\images\BLUTWIT_060422_0.png,Ad images for Yiqun/Blu/Blu Twitter/Twitter 2022/BluTwit_060422_0.png,BluTwit_060422_0,2022,1,0,0,0,0,0,0,0,0,0,0,0,0,0,0,0,1
BLUTWIT_060621_0,C:\Users\Eric\Documents\cig-ads-image\data\images\BLUTWIT_060621_0.png,Ad images for Yiqun/Blu/Blu Twitter/Twitter 20211/BluTwit_060621_0.png,BluTwit_060621_0,2021,1,0,0,0,0,0,0,0,0,0,0,0,0,0,0,0,1
BLUTWIT_060722_0,C:\Users\Eric\Documents\cig-ads-image\data\images\BLUTWIT_060722_0.png,Ad images for Yiqun/Blu/Blu Twitter/Twitter 2022/BluTwit_060722_0.png,BluTwit_060722_0,2022,1,0,0,0,0,0,0,0,0,0,0,0,0,0,0,0,1
BLUTWIT_060821_0,C:\Users\Eric\Documents\cig-ads-image\data\images\BLUTWIT_060821_0.png,Ad images for Yiqun/Blu/Blu Twitter/Twitter 20211/BluTwit_060821_0.png,BluTwit_060821_0,2021,1,0,0,0,0,0,0,0,0,0,0,0,0,0,0,0,1
BLUTWIT_060822_0,C:\Users\Eric\Documents\cig-ads-image\data\images\BLUTWIT_060822_0.png,Ad images for Yiqun/Blu/Blu Twitter/Twitter 2022/BluTwit_060822_0.png,BluTwit_060822_0,2022,1,0,0,0,0,0,0,0,0,0,0,0,0,0,0,0,1
BLUTWIT_060921_0,C:\Users\Eric\Documents\cig-ads-image\data\images\BLUTWIT_060921_0.png,Ad images for Yiqun/Blu/Blu Twitter/Twitter 20211/BluTwit_060921_0.png,BluTwit_060921_0,2021,1,0,0,0,0,0,0,0,0,0,0,0,0,0,0,0,1
BLUTWIT_060922_0,C:\Users\Eric\Documents\cig-ads-image\data\images\BLUTWIT_060922_0.png,Ad images for Yiqun/Blu/Blu Twitter/Twitter 2022/BluTwit_060922_0.png,BluTwit_060922_0,2022,1,0,0,0,0,0,0,0,0,0,0,0,0,0,0,0,1
BLUTWIT_061022_0,C:\Users\Eric\Documents\cig-ads-image\data\images\BLUTWIT_061022_0.png,Ad images for Yiqun/Blu/Blu Twitter/Twitter 2022/BluTwit_061022_0.png,BluTwit_061022_0,2022,1,0,0,0,0,0,0,0,0,0,0,0,0,0,0,0,1
BLUTWIT_061121_0,C:\Users\Eric\Documents\cig-ads-image\data\images\BLUTWIT_061121_0.png,Ad images for Yiqun/Blu/Blu Twitter/Twitter 20211/BluTwit_061121_0.png,BluTwit_061121_0,2021,1,0,0,0,0,0,0,0,0,0,0,0,0,0,0,0,1
BLUTWIT_061122_0,C:\Users\Eric\Documents\cig-ads-image\data\images\BLUTWIT_061122_0.png,Ad images for Yiqun/Blu/Blu Twitter/Twitter 2022/BluTwit_061122_0.png,BluTwit_061122_0,2022,1,0,0,0,0,0,0,0,0,0,0,0,0,0,0,0,1
BLUTWIT_061221_0,C:\Users\Eric\Documents\cig-ads-image\data\images\BLUTWIT_061221_0.png,Ad images for Yiqun/Blu/Blu Twitter/Twitter 20211/BluTwit_061221_0.png,BluTwit_061221_0,2021,1,0,0,0,0,0,0,0,0,0,0,0,0,0,0,0,1
BLUTWIT_061422_0,C:\Users\Eric\Documents\cig-ads-image\data\images\BLUTWIT_061422_0.png,Ad images for Yiqun/Blu/Blu Twitter/Twitter 2022/BluTwit_061422_0.png,BluTwit_061422_0,2022,1,0,0,0,0,0,0,0,0,0,0,0,0,0,0,0,1
BLUTWIT_061521_0,C:\Users\Eric\Documents\cig-ads-image\data\images\BLUTWIT_061521_0.png,Ad images for Yiqun/Blu/Blu Twitter/Twitter 20211/BluTwit_061521_0.png,BluTwit_061521_0,2021,1,0,0,0,0,0,0,0,0,0,0,0,0,0,0,0,1
BLUTWIT_061522_0,C:\Users\Eric\Documents\cig-ads-image\data\images\BLUTWIT_061522_0.png,Ad images for Yiqun/Blu/Blu Twitter/Twitter 2022/BluTwit_061522_0.png,BluTwit_061522_0,2022,1,0,0,0,0,0,0,0,0,0,0,0,0,0,0,0,1
BLUTWIT_061621_0,C:\Users\Eric\Documents\cig-ads-image\data\images\BLUTWIT_061621_0.png,Ad images for Yiqun/Blu/Blu Twitter/Twitter 20211/BluTwit_061621_0.png,BluTwit_061621_0,2021,1,0,0,0,0,0,0,0,0,0,0,0,0,0,0,0,1
BLUTWIT_061622_0,C:\Users\Eric\Documents\cig-ads-image\data\images\BLUTWIT_061622_0.png,Ad images for Yiqun/Blu/Blu Twitter/Twitter 2022/BluTwit_061622_0.png,BluTwit_061622_0,2022,1,0,0,0,0,0,0,0,0,0,0,0,0,0,0,0,1
BLUTWIT_061722_0,C:\Users\Eric\Documents\cig-ads-image\data\images\BLUTWIT_061722_0.png,Ad images for Yiqun/Blu/Blu Twitter/Twitter 2022/BluTwit_061722_0.png,BluTwit_061722_0,2022,1,0,0,0,0,0,0,0,0,0,0,0,0,0,0,0,1
BLUTWIT_061821_0,C:\Users\Eric\Documents\cig-ads-image\data\images\BLUTWIT_061821_0.png,Ad images for Yiqun/Blu/Blu Twitter/Twitter 20211/BluTwit_061821_0.png,BluTwit_061821_0,2021,1,0,0,0,0,0,0,0,0,0,0,0,0,0,0,0,1
BLUTWIT_061822_0,C:\Users\Eric\Documents\cig-ads-image\data\images\BLUTWIT_061822_0.png,Ad images for Yiqun/Blu/Blu Twitter/Twitter 2022/BluTwit_061822_0.png,BluTwit_061822_0,2022,1,0,0,0,0,0,0,0,0,0,0,0,0,0,0,0,1
BLUTWIT_061921_0,C:\Users\Eric\Documents\cig-ads-image\data\images\BLUTWIT_061921_0.png,Ad images for Yiqun/Blu/Blu Twitter/Twitter 20211/BluTwit_061921_0.png,BluTwit_061921_0,2021,1,0,0,0,0,0,0,0,0,0,0,0,0,0,0,0,1
BLUTWIT_061922_0,C:\Users\Eric\Documents\cig-ads-image\data\images\BLUTWIT_061922_0.png,Ad images for Yiqun/Blu/Blu Twitter/Twitter 2022/BluTwit_061922_0.png,BluTwit_061922_0,2022,1,0,0,0,0,0,0,0,0,0,0,0,0,0,0,0,1
BLUTWIT_062122_0,C:\Users\Eric\Documents\cig-ads-image\data\images\BLUTWIT_062122_0.png,Ad images for Yiqun/Blu/Blu Twitter/Twitter 2022/BluTwit_062122_0.png,BluTwit_062122_0,2022,1,0,0,0,0,0,0,0,0,0,0,0,0,0,0,0,1
BLUTWIT_062221_0,C:\Users\Eric\Documents\cig-ads-image\data\images\BLUTWIT_062221_0.png,Ad images for Yiqun/Blu/Blu Twitter/Twitter 20211/BluTwit_062221_0.png,BluTwit_062221_0,2021,1,0,0,0,0,0,0,0,0,0,0,0,0,0,0,0,1
BLUTWIT_062222_0,C:\Users\Eric\Documents\cig-ads-image\data\images\BLUTWIT_062222_0.png,Ad images for Yiqun/Blu/Blu Twitter/Twitter 2022/BluTwit_062222_0.png,BluTwit_062222_0,2022,1,0,0,0,0,0,0,0,0,0,0,0,0,0,0,0,1
BLUTWIT_062321_0,C:\Users\Eric\Documents\cig-ads-image\data\images\BLUTWIT_062321_0.png,Ad images for Yiqun/Blu/Blu Twitter/Twitter 20211/BluTwit_062321_0.png,BluTwit_062321_0,2021,1,0,0,0,0,0,0,0,0,0,0,0,0,0,0,0,1
BLUTWIT_062322_0,C:\Users\Eric\Documents\cig-ads-image\data\images\BLUTWIT_062322_0.png,Ad images for Yiqun/Blu/Blu Twitter/Twitter 2022/BluTwit_062322_0.png,BluTwit_062322_0,2022,1,0,0,1,0,0,0,0,0,0,0,0,0,0,0,0,1
BLUTWIT_062422_0,C:\Users\Eric\Documents\cig-ads-image\data\images\BLUTWIT_062422_0.png,Ad images for Yiqun/Blu/Blu Twitter/Twitter 2022/BluTwit_062422_0.png,BluTwit_062422_0,2022,1,0,0,0,0,0,0,0,0,0,0,0,0,0,0,0,1
BLUTWIT_062521_0,C:\Users\Eric\Documents\cig-ads-image\data\images\BLUTWIT_062521_0.png,Ad images for Yiqun/Blu/Blu Twitter/Twitter 20211/BluTwit_062521_0.png,BluTwit_062521_0,2021,1,0,0,0,0,0,0,0,0,0,0,0,0,0,0,0,1
BLUTWIT_062522_0,C:\Users\Eric\Documents\cig-ads-image\data\images\BLUTWIT_062522_0.png,Ad images for Yiqun/Blu/Blu Twitter/Twitter 2022/BluTwit_062522_0.png,BluTwit_062522_0,2022,1,0,0,0,0,0,0,0,0,0,0,0,0,0,0,0,1
BLUTWIT_062721_0,C:\Users\Eric\Documents\cig-ads-image\data\images\BLUTWIT_062721_0.png,Ad images for Yiqun/Blu/Blu Twitter/Twitter 20211/BluTwit_062721_0.png,BluTwit_062721_0,2021,1,0,0,0,0,0,0,0,0,0,0,0,0,0,0,0,1
BLUTWIT_062822_0,C:\Users\Eric\Documents\cig-ads-image\data\images\BLUTWIT_062822_0.png,Ad images for Yiqun/Blu/Blu Twitter/Twitter 2022/BluTwit_062822_0.png,BluTwit_062822_0,2022,1,0,0,0,0,0,0,0,0,0,0,0,0,0,0,0,1
BLUTWIT_062921_0,C:\Users\Eric\Documents\cig-ads-image\data\images\BLUTWIT_062921_0.png,Ad images for Yiqun/Blu/Blu Twitter/Twitter 20211/BluTwit_062921_0.png,BluTwit_062921_0,2021,1,0,0,0,0,0,0,0,0,0,0,0,0,0,0,0,1
BLUTWIT_062922_0,C:\Users\Eric\Documents\cig-ads-image\data\images\BLUTWIT_062922_0.png,Ad images for Yiqun/Blu/Blu Twitter/Twitter 2022/BluTwit_062922_0.png,BluTwit_062922_0,2022,1,0,0,0,0,0,0,0,0,0,0,0,0,0,0,0,1
BLUTWIT_063021_0,C:\Users\Eric\Documents\cig-ads-image\data\images\BLUTWIT_063021_0.png,Ad images for Yiqun/Blu/Blu Twitter/Twitter 20211/BluTwit_063021_0.png,BluTwit_063021_0,2021,1,0,0,0,0,0,0,0,0,0,0,0,0,0,0,0,1
BLUTWIT_063022_0,C:\Users\Eric\Documents\cig-ads-image\data\images\BLUTWIT_063022_0.png,Ad images for Yiqun/Blu/Blu Twitter/Twitter 2022/BluTwit_063022_0.png,BluTwit_063022_0,2022,1,0,0,1,0,0,0,0,0,0,0,0,0,0,0,0,1
BLUTWIT_070121_0,C:\Users\Eric\Documents\cig-ads-image\data\images\BLUTWIT_070121_0.png,Ad images for Yiqun/Blu/Blu Twitter/Twitter 20211/BluTwit_070121_0.png,BluTwit_070121_0,2021,1,0,0,0,0,0,0,0,0,0,0,0,0,0,0,0,1
BLUTWIT_070122_0,C:\Users\Eric\Documents\cig-ads-image\data\images\BLUTWIT_070122_0.png,Ad images for Yiqun/Blu/Blu Twitter/Twitter 2022/BluTwit_070122_0.png,BluTwit_070122_0,2022,1,0,1,0,0,0,0,0,0,0,0,0,0,0,0,0,1
BLUTWIT_070921_0,C:\Users\Eric\Documents\cig-ads-image\data\images\BLUTWIT_070921_0.png,Ad images for Yiqun/Blu/Blu Twitter/Twitter 20211/BluTwit_070921_0.png,BluTwit_070921_0,2021,1,0,0,0,0,0,0,0,0,0,0,0,0,0,0,0,1
BLUTWIT_071021_0,C:\Users\Eric\Documents\cig-ads-image\data\images\BLUTWIT_071021_0.png,Ad images for Yiqun/Blu/Blu Twitter/Twitter 20211/BluTwit_071021_0.png,BluTwit_071021_0,2021,1,0,0,0,0,0,0,0,0,0,0,0,0,0,0,0,1
BLUTWIT_071121_0,C:\Users\Eric\Documents\cig-ads-image\data\images\BLUTWIT_071121_0.png,Ad images for Yiqun/Blu/Blu Twitter/Twitter 20211/BluTwit_071121_0.png,BluTwit_071121_0,2021,1,0,0,0,0,0,0,0,0,0,0,0,0,0,0,0,1
BLUTWIT_071222_0,C:\Users\Eric\Documents\cig-ads-image\data\images\BLUTWIT_071222_0.png,Ad images for Yiqun/Blu/Blu Twitter/Twitter 2022/BluTwit_071222_0.png,BluTwit_071222_0,2022,1,0,0,0,0,0,0,0,0,0,0,0,0,0,0,0,1
BLUTWIT_071321_0,C:\Users\Eric\Documents\cig-ads-image\data\images\BLUTWIT_071321_0.png,Ad images for Yiqun/Blu/Blu Twitter/Twitter 20211/BluTwit_071321_0.png,BluTwit_071321_0,2021,1,0,0,0,0,0,1,0,0,0,0,0,0,0,0,0,1
BLUTWIT_071322_0,C:\Users\Eric\Documents\cig-ads-image\data\images\BLUTWIT_071322_0.png,Ad images for Yiqun/Blu/Blu Twitter/Twitter 2022/BluTwit_071322_0.png,BluTwit_071322_0,2022,1,0,0,0,0,0,1,0,0,0,0,0,0,0,0,0,1
BLUTWIT_071421_0,C:\Users\Eric\Documents\cig-ads-image\data\images\BLUTWIT_071421_0.png,Ad images for Yiqun/Blu/Blu Twitter/Twitter 20211/BluTwit_071421_0.png,BluTwit_071421_0,2021,1,0,0,0,0,0,0,0,0,0,0,0,0,0,0,0,1
BLUTWIT_071422_0,C:\Users\Eric\Documents\cig-ads-image\data\images\BLUTWIT_071422_0.png,Ad images for Yiqun/Blu/Blu Twitter/Twitter 2022/BluTwit_071422_0.png,BluTwit_071422_0,2022,1,0,0,0,0,0,0,0,0,0,0,0,0,0,0,0,1
BLUTWIT_071522_0,C:\Users\Eric\Documents\cig-ads-image\data\images\BLUTWIT_071522_0.png,Ad images for Yiqun/Blu/Blu Twitter/Twitter 2022/BluTwit_071522_0.png,BluTwit_071522_0,2022,1,0,0,0,0,0,0,0,0,0,0,0,0,0,0,0,1
BLUTWIT_071621_0,C:\Users\Eric\Documents\cig-ads-image\data\images\BLUTWIT_071621_0.png,Ad images for Yiqun/Blu/Blu Twitter/Twitter 20211/BluTwit_071621_0.png,BluTwit_071621_0,2021,1,0,0,0,0,0,0,0,0,0,0,0,0,1,0,0,1
BLUTWIT_071622_0,C:\Users\Eric\Documents\cig-ads-image\data\images\BLUTWIT_071622_0.png,Ad images for Yiqun/Blu/Blu Twitter/Twitter 2022/BluTwit_071622_0.png,BluTwit_071622_0,2022,1,0,0,1,0,0,0,0,0,0,0,0,0,0,0,0,1
BLUTWIT_071721_0,C:\Users\Eric\Documents\cig-ads-image\data\images\BLUTWIT_071721_0.png,Ad images for Yiqun/Blu/Blu Twitter/Twitter 20211/BluTwit_071721_0.png,BluTwit_071721_0,2021,1,0,0,0,0,0,0,0,0,0,0,0,0,0,0,0,1
BLUTWIT_071722_0,C:\Users\Eric\Documents\cig-ads-image\data\images\BLUTWIT_071722_0.png,Ad images for Yiqun/Blu/Blu Twitter/Twitter 2022/BluTwit_071722_0.png,BluTwit_071722_0,2022,1,0,0,0,0,0,0,0,0,0,0,0,0,0,0,0,1
BLUTWIT_071821_0,C:\Users\Eric\Documents\cig-ads-image\data\images\BLUTWIT_071821_0.png,Ad images for Yiqun/Blu/Blu Twitter/Twitter 20211/BluTwit_071821_0.png,BluTwit_071821_0,2021,1,0,0,0,0,0,0,0,0,0,0,0,0,0,0,0,1
BLUTWIT_071922_0,C:\Users\Eric\Documents\cig-ads-image\data\images\BLUTWIT_071922_0.png,Ad images for Yiqun/Blu/Blu Twitter/Twitter 2022/BluTwit_071922_0.png,BluTwit_071922_0,2022,1,0,0,0,0,0,0,0,0,0,0,0,0,0,0,0,1
BLUTWIT_072021_0,C:\Users\Eric\Documents\cig-ads-image\data\images\BLUTWIT_072021_0.png,Ad images for Yiqun/Blu/Blu Twitter/Twitter 20211/BluTwit_072021_0.png,BluTwit_072021_0,2021,1,0,0,0,0,0,0,0,0,0,0,0,0,0,0,0,1
BLUTWIT_072022_0,C:\Users\Eric\Documents\cig-ads-image\data\images\BLUTWIT_072022_0.png,Ad images for Yiqun/Blu/Blu Twitter/Twitter 2022/BluTwit_072022_0.png,BluTwit_072022_0,2022,1,0,0,0,0,0,0,0,0,0,0,0,0,0,0,0,1
BLUTWIT_072121_0,C:\Users\Eric\Documents\cig-ads-image\data\images\BLUTWIT_072121_0.png,Ad images for Yiqun/Blu/Blu Twitter/Twitter 20211/BluTwit_072121_0.png,BluTwit_072121_0,2021,1,0,0,0,0,0,0,0,0,0,0,0,0,0,0,0,1
BLUTWIT_072122_0,C:\Users\Eric\Documents\cig-ads-image\data\images\BLUTWIT_072122_0.png,Ad images for Yiqun/Blu/Blu Twitter/Twitter 2022/BluTwit_072122_0.png,BluTwit_072122_0,2022,1,0,0,0,0,0,0,0,0,0,0,0,0,0,0,0,1
BLUTWIT_072222_0,C:\Users\Eric\Documents\cig-ads-image\data\images\BLUTWIT_072222_0.png,Ad images for Yiqun/Blu/Blu Twitter/Twitter 2022/BluTwit_072222_0.png,BluTwit_072222_0,2022,1,0,0,0,0,0,0,0,0,0,0,0,0,0,0,0,1
BLUTWIT_072321_0,C:\Users\Eric\Documents\cig-ads-image\data\images\BLUTWIT_072321_0.png,Ad images for Yiqun/Blu/Blu Twitter/Twitter 20211/BluTwit_072321_0.png,BluTwit_072321_0,2021,1,0,0,0,0,0,0,0,0,0,0,0,0,0,0,1,1
BLUTWIT_072322_0,C:\Users\Eric\Documents\cig-ads-image\data\images\BLUTWIT_072322_0.png,Ad images for Yiqun/Blu/Blu Twitter/Twitter 2022/BluTwit_072322_0.png,BluTwit_072322_0,2022,1,0,0,0,0,0,0,0,0,0,0,0,0,0,0,0,1
BLUTWIT_072421_0,C:\Users\Eric\Documents\cig-ads-image\data\images\BLUTWIT_072421_0.png,Ad images for Yiqun/Blu/Blu Twitter/Twitter 20211/BluTwit_072421_0.png,BluTwit_072421_0,2021,1,0,0,0,0,0,0,0,0,0,0,0,0,0,0,0,1
BLUTWIT_072422_0,C:\Users\Eric\Documents\cig-ads-image\data\images\BLUTWIT_072422_0.png,Ad images for Yiqun/Blu/Blu Twitter/Twitter 2022/BluTwit_072422_0.png,BluTwit_072422_0,2022,1,0,0,0,0,0,0,0,0,0,0,0,0,0,0,0,1
BLUTWIT_072521_0,C:\Users\Eric\Documents\cig-ads-image\data\images\BLUTWIT_072521_0.png,Ad images for Yiqun/Blu/Blu Twitter/Twitter 20211/BluTwit_072521_0.png,BluTwit_072521_0,2021,1,0,0,0,0,0,0,0,0,0,0,0,0,0,0,0,1
BLUTWIT_072721_0,C:\Users\Eric\Documents\cig-ads-image\data\images\BLUTWIT_072721_0.png,Ad images for Yiqun/Blu/Blu Twitter/Twitter 20211/BluTwit_072721_0.png,BluTwit_072721_0,2021,1,1,0,0,0,0,0,0,0,0,0,0,0,0,0,0,1
BLUTWIT_072821_0,C:\Users\Eric\Documents\cig-ads-image\data\images\BLUTWIT_072821_0.png,Ad images for Yiqun/Blu/Blu Twitter/Twitter 20211/BluTwit_072821_0.png,BluTwit_072821_0,2021,1,0,0,0,0,0,0,0,0,0,0,0,0,0,0,0,1
BLUTWIT_072922_0,C:\Users\Eric\Documents\cig-ads-image\data\images\BLUTWIT_072922_0.png,Ad images for Yiqun/Blu/Blu Twitter/Twitter 2022/BluTwit_072922_0.png,BluTwit_072922_0,2022,1,0,0,0,0,0,0,0,0,0,0,0,0,0,0,0,1
BLUTWIT_073021_0,C:\Users\Eric\Documents\cig-ads-image\data\images\BLUTWIT_073021_0.png,Ad images for Yiqun/Blu/Blu Twitter/Twitter 20211/BluTwit_073021_0.png,BluTwit_073021_0,2021,1,0,1,0,1,0,0,0,0,0,0,0,0,0,0,0,1
BLUTWIT_073022_0,C:\Users\Eric\Documents\cig-ads-image\data\images\BLUTWIT_073022_0.png,Ad images for Yiqun/Blu/Blu Twitter/Twitter 2022/BluTwit_073022_0.png,BluTwit_073022_0,2022,1,0,0,0,0,0,0,0,0,0,0,0,0,0,0,0,1
BLUTWIT_073121_0,C:\Users\Eric\Documents\cig-ads-image\data\images\BLUTWIT_073121_0.png,Ad images for Yiqun/Blu/Blu Twitter/Twitter 20211/BluTwit_073121_0.png,BluTwit_073121_0,2021,1,0,0,0,0,0,0,0,0,0,0,0,0,0,0,0,1
BLUTWIT_073122_0,C:\Users\Eric\Documents\cig-ads-image\data\images\BLUTWIT_073122_0.png,Ad images for Yiqun/Blu/Blu Twitter/Twitter 2022/BluTwit_073122_0.png,BluTwit_073122_0,2022,1,0,0,0,0,0,0,0,0,0,0,0,0,0,0,0,1
BLUTWIT_080121_0,C:\Users\Eric\Documents\cig-ads-image\data\images\BLUTWIT_080121_0.png,Ad images for Yiqun/Blu/Blu Twitter/Twitter 20211/BluTwit_080121_0.png,BluTwit_080121_0,2021,1,0,0,0,0,0,1,0,0,0,0,0,0,0,0,0,1
BLUTWIT_080221_0,C:\Users\Eric\Documents\cig-ads-image\data\images\BLUTWIT_080221_0.png,Ad images for Yiqun/Blu/Blu Twitter/Twitter 20211/BluTwit_080221_0.png,BluTwit_080221_0,2021,1,0,0,0,0,0,0,0,0,0,0,0,0,0,0,0,1
BLUTWIT_080222_0,C:\Users\Eric\Documents\cig-ads-image\data\images\BLUTWIT_080222_0.png,Ad images for Yiqun/Blu/Blu Twitter/Twitter 2022/BluTwit_080222_0.png,BluTwit_080222_0,2022,1,0,0,0,0,0,0,0,0,0,0,0,0,0,0,0,1
BLUTWIT_080321_0,C:\Users\Eric\Documents\cig-ads-image\data\images\BLUTWIT_080321_0.png,Ad images for Yiqun/Blu/Blu Twitter/Twitter 20211/BluTwit_080321_0.png,BluTwit_080321_0,2021,1,0,0,1,0,0,0,0,0,0,0,0,0,0,0,0,1
BLUTWIT_080421_0,C:\Users\Eric\Documents\cig-ads-image\data\images\BLUTWIT_080421_0.png,Ad images for Yiqun/Blu/Blu Twitter/Twitter 20211/BluTwit_080421_0.png,BluTwit_080421_0,2021,1,0,1,0,0,0,0,0,0,0,0,0,0,0,0,0,1
BLUTWIT_080522_0,C:\Users\Eric\Documents\cig-ads-image\data\images\BLUTWIT_080522_0.png,Ad images for Yiqun/Blu/Blu Twitter/Twitter 2022/BluTwit_080522_0.png,BluTwit_080522_0,2022,1,0,0,0,0,0,0,0,0,0,0,0,0,0,0,0,1
BLUTWIT_080621_0,C:\Users\Eric\Documents\cig-ads-image\data\images\BLUTWIT_080621_0.png,Ad images for Yiqun/Blu/Blu Twitter/Twitter 20211/BluTwit_080621_0.png,BluTwit_080621_0,2021,1,0,0,0,0,0,0,0,0,0,0,0,0,0,0,0,1
BLUTWIT_080622_0,C:\Users\Eric\Documents\cig-ads-image\data\images\BLUTWIT_080622_0.png,Ad images for Yiqun/Blu/Blu Twitter/Twitter 2022/BluTwit_080622_0.png,BluTwit_080622_0,2022,1,0,0,0,0,0,0,0,0,0,0,0,0,0,0,0,1
BLUTWIT_080721_0,C:\Users\Eric\Documents\cig-ads-image\data\images\BLUTWIT_080721_0.png,Ad images for Yiqun/Blu/Blu Twitter/Twitter 20211/BluTwit_080721_0.png,BluTwit_080721_0,2021,1,0,0,0,0,0,0,0,0,0,0,0,0,0,0,0,1
BLUTWIT_080921_0,C:\Users\Eric\Documents\cig-ads-image\data\images\BLUTWIT_080921_0.png,Ad images for Yiqun/Blu/Blu Twitter/Twitter 20211/BluTwit_080921_0.png,BluTwit_080921_0,2021,1,1,0,0,0,0,0,0,0,0,0,0,0,0,0,0,1
BLUTWIT_080922_0,C:\Users\Eric\Documents\cig-ads-image\data\images\BLUTWIT_080922_0.png,Ad images for Yiqun/Blu/Blu Twitter/Twitter 2022/BluTwit_080922_0.png,BluTwit_080922_0,2022,1,0,0,0,0,0,0,0,0,0,0,0,0,0,0,0,1
BLUTWIT_081021_0,C:\Users\Eric\Documents\cig-ads-image\data\images\BLUTWIT_081021_0.png,Ad images for Yiqun/Blu/Blu Twitter/Twitter 20211/BluTwit_081021_0.png,BluTwit_081021_0,2021,1,0,0,0,0,0,0,0,0,0,0,0,0,0,0,0,1
BLUTWIT_081022_0,C:\Users\Eric\Documents\cig-ads-image\data\images\BLUTWIT_081022_0.png,Ad images for Yiqun/Blu/Blu Twitter/Twitter 2022/BluTwit_081022_0.png,BluTwit_081022_0,2022,1,0,0,0,0,0,0,0,0,0,0,0,0,0,0,0,1
BLUTWIT_081121_0,C:\Users\Eric\Documents\cig-ads-image\data\images\BLUTWIT_081121_0.png,Ad images for Yiqun/Blu/Blu Twitter/Twitter 20211/BluTwit_081121_0.png,BluTwit_081121_0,2021,1,0,0,0,0,0,1,0,0,0,0,0,0,0,0,0,1
BLUTWIT_081122_0,C:\Users\Eric\Documents\cig-ads-image\data\images\BLUTWIT_081122_0.png,Ad images for Yiqun/Blu/Blu Twitter/Twitter 2022/BluTwit_081122_0.png,BluTwit_081122_0,2022,1,0,0,0,0,0,0,0,0,0,0,0,0,0,0,0,1
BLUTWIT_081221_0,C:\Users\Eric\Documents\cig-ads-image\data\images\BLUTWIT_081221_0.png,Ad images for Yiqun/Blu/Blu Twitter/Twitter 20211/BluTwit_081221_0.png,BluTwit_081221_0,2021,1,0,0,0,0,0,0,0,0,0,0,0,0,0,0,0,1
BLUTWIT_081321_0,C:\Users\Eric\Documents\cig-ads-image\data\images\BLUTWIT_081321_0.png,Ad images for Yiqun/Blu/Blu Twitter/Twitter 20211/BluTwit_081321_0.png,BluTwit_081321_0,2021,1,0,0,0,0,0,0,0,0,0,0,0,0,0,0,0,1
BLUTWIT_081421_0,C:\Users\Eric\Documents\cig-ads-image\data\images\BLUTWIT_081421_0.png,Ad images for Yiqun/Blu/Blu Twitter/Twitter 20211/BluTwit_081421_0.png,BluTwit_081421_0,2021,1,0,0,0,0,0,0,0,0,0,0,0,0,1,0,0,1
BLUTWIT_081521_0,C:\Users\Eric\Documents\cig-ads-image\data\images\BLUTWIT_081521_0.png,Ad images for Yiqun/Blu/Blu Twitter/Twitter 20211/BluTwit_081521_0.png,BluTwit_081521_0,2021,1,0,0,0,1,1,0,0,0,0,0,0,0,0,0,0,1
BLUTWIT_081621_0,C:\Users\Eric\Documents\cig-ads-image\data\images\BLUTWIT_081621_0.png,Ad images for Yiqun/Blu/Blu Twitter/Twitter 20211/BluTwit_081621_0.png,BluTwit_081621_0,2021,1,0,0,0,0,0,0,0,0,0,0,0,0,0,0,0,1
BLUTWIT_081721_0,C:\Users\Eric\Documents\cig-ads-image\data\images\BLUTWIT_081721_0.png,Ad images for Yiqun/Blu/Blu Twitter/Twitter 20211/BluTwit_081721_0.png,BluTwit_081721_0,2021,1,0,0,0,0,0,0,0,0,0,0,0,0,0,0,0,1
BLUTWIT_081722_0,C:\Users\Eric\Documents\cig-ads-image\data\images\BLUTWIT_081722_0.png,Ad images for Yiqun/Blu/Blu Twitter/Twitter 2022/BluTwit_081722_0.png,BluTwit_081722_0,2022,1,0,0,0,0,1,0,0,0,0,0,0,0,0,0,0,1
BLUTWIT_081821_0,C:\Users\Eric\Documents\cig-ads-image\data\images\BLUTWIT_081821_0.png,Ad images for Yiqun/Blu/Blu Twitter/Twitter 20211/BluTwit_081821_0.png,BluTwit_081821_0,2021,1,0,0,0,0,0,0,0,0,0,0,0,0,0,0,0,1
BLUTWIT_081822_0,C:\Users\Eric\Documents\cig-ads-image\data\images\BLUTWIT_081822_0.png,Ad images for Yiqun/Blu/Blu Twitter/Twitter 2022/BluTwit_081822_0.png,BluTwit_081822_0,2022,1,0,0,0,0,0,0,0,0,0,0,0,0,0,0,0,1
BLUTWIT_081921_0,C:\Users\Eric\Documents\cig-ads-image\data\images\BLUTWIT_081921_0.png,Ad images for Yiqun/Blu/Blu Twitter/Twitter 20211/BluTwit_081921_0.png,BluTwit_081921_0,2021,1,0,0,0,0,0,0,0,0,0,0,0,0,0,0,0,1
BLUTWIT_081922_0,C:\Users\Eric\Documents\cig-ads-image\data\images\BLUTWIT_081922_0.png,Ad images for Yiqun/Blu/Blu Twitter/Twitter 2022/BluTwit_081922_0.png,BluTwit_081922_0,2022,1,1,0,0,0,0,0,0,0,0,0,0,0,0,0,0,1
BLUTWIT_082021_0,C:\Users\Eric\Documents\cig-ads-image\data\images\BLUTWIT_082021_0.png,Ad images for Yiqun/Blu/Blu Twitter/Twitter 20211/BluTwit_082021_0.png,BluTwit_082021_0,2021,1,0,0,0,0,0,0,0,0,0,0,0,0,0,0,0,1
BLUTWIT_082022_0,C:\Users\Eric\Documents\cig-ads-image\data\images\BLUTWIT_082022_0.png,Ad images for Yiqun/Blu/Blu Twitter/Twitter 2022/BluTwit_082022_0.png,BluTwit_082022_0,2022,1,0,0,0,0,0,0,0,0,0,0,0,0,0,0,0,1
BLUTWIT_082121_0,C:\Users\Eric\Documents\cig-ads-image\data\images\BLUTWIT_082121_0.png,Ad images for Yiqun/Blu/Blu Twitter/Twitter 20211/BluTwit_082121_0.png,BluTwit_082121_0,2021,1,0,0,0,0,0,0,0,0,0,0,0,0,0,0,0,1
BLUTWIT_082221_0,C:\Users\Eric\Documents\cig-ads-image\data\images\BLUTWIT_082221_0.png,Ad images for Yiqun/Blu/Blu Twitter/Twitter 20211/BluTwit_082221_0.png,BluTwit_082221_0,2021,1,0,0,0,0,0,0,0,0,0,0,0,0,0,0,0,1
BLUTWIT_082421_0,C:\Users\Eric\Documents\cig-ads-image\data\images\BLUTWIT_082421_0.png,Ad images for Yiqun/Blu/Blu Twitter/Twitter 20211/BluTwit_082421_0.png,BluTwit_082421_0,2021,1,0,0,0,0,0,0,0,0,0,0,0,0,0,0,0,1
BLUTWIT_082521_0,C:\Users\Eric\Documents\cig-ads-image\data\images\BLUTWIT_082521_0.png,Ad images for Yiqun/Blu/Blu Twitter/Twitter 20211/BluTwit_082521_0.png,BluTwit_082521_0,2021,1,1,0,0,0,1,0,0,1,0,0,0,0,0,0,0,1
BLUTWIT_082621_0,C:\Users\Eric\Documents\cig-ads-image\data\images\BLUTWIT_082621_0.png,Ad images for Yiqun/Blu/Blu Twitter/Twitter 20211/BluTwit_082621_0.png,BluTwit_082621_0,2021,1,0,0,0,0,0,0,0,0,0,0,0,0,0,0,0,1
BLUTWIT_082622_0,C:\Users\Eric\Documents\cig-ads-image\data\images\BLUTWIT_082622_0.png,Ad images for Yiqun/Blu/Blu Twitter/Twitter 2022/BluTwit_082622_0.png,BluTwit_082622_0,2022,1,0,0,0,0,0,0,0,0,0,0,0,0,0,0,0,1
BLUTWIT_082721_0,C:\Users\Eric\Documents\cig-ads-image\data\images\BLUTWIT_082721_0.png,Ad images for Yiqun/Blu/Blu Twitter/Twitter 20211/BluTwit_082721_0.png,BluTwit_082721_0,2021,1,1,0,0,0,0,0,0,0,0,0,0,0,0,0,0,1
BLUTWIT_082722_0,C:\Users\Eric\Documents\cig-ads-image\data\images\BLUTWIT_082722_0.png,Ad images for Yiqun/Blu/Blu Twitter/Twitter 2022/BluTwit_082722_0.png,BluTwit_082722_0,2022,1,0,0,0,0,0,0,0,0,0,0,0,0,0,0,0,1
BLUTWIT_082821_0,C:\Users\Eric\Documents\cig-ads-image\data\images\BLUTWIT_082821_0.png,Ad images for Yiqun/Blu/Blu Twitter/Twitter 20211/BluTwit_082821_0.png,BluTwit_082821_0,2021,1,0,0,0,0,0,0,0,0,0,0,0,0,0,0,0,1
BLUTWIT_082921_0,C:\Users\Eric\Documents\cig-ads-image\data\images\BLUTWIT_082921_0.png,Ad images for Yiqun/Blu/Blu Twitter/Twitter 20211/BluTwit_082921_0.png,BluTwit_082921_0,2021,1,0,0,0,0,0,0,0,0,0,0,0,0,0,0,0,1
BLUTWIT_083021_0,C:\Users\Eric\Documents\cig-ads-image\data\images\BLUTWIT_083021_0.png,Ad images for Yiqun/Blu/Blu Twitter/Twitter 20211/BluTwit_083021_0.png,BluTwit_083021_0,2021,1,0,0,0,0,1,0,0,0,0,0,0,0,0,0,0,1
BLUTWIT_083022_0,C:\Users\Eric\Documents\cig-ads-image\data\images\BLUTWIT_083022_0.png,Ad images for Yiqun/Blu/Blu Twitter/Twitter 2022/BluTwit_083022_0.png,BluTwit_083022_0,2022,1,0,0,0,0,0,0,0,0,0,0,0,0,0,0,0,1
BLUTWIT_083121_0,C:\Users\Eric\Documents\cig-ads-image\data\images\BLUTWIT_083121_0.png,Ad images for Yiqun/Blu/Blu Twitter/Twitter 20211/BluTwit_083121_0.png,BluTwit_083121_0,2021,1,0,0,0,0,0,0,0,0,0,0,0,0,0,0,0,1
BLUTWIT_083122_0,C:\Users\Eric\Documents\cig-ads-image\data\images\BLUTWIT_083122_0.png,Ad images for Yiqun/Blu/Blu Twitter/Twitter 2022/BluTwit_083122_0.png,BluTwit_083122_0,2022,1,0,0,0,0,0,0,0,0,0,0,0,0,0,0,0,1
BLUTWIT_090121_0,C:\Users\Eric\Documents\cig-ads-image\data\images\BLUTWIT_090121_0.png,Ad images for Yiqun/Blu/Blu Twitter/Twitter 20211/BluTwit_090121_0.png,BluTwit_090121_0,2021,1,0,0,0,0,0,1,0,0,0,0,0,0,0,0,0,1
BLUTWIT_090122_0,C:\Users\Eric\Documents\cig-ads-image\data\images\BLUTWIT_090122_0.png,Ad images for Yiqun/Blu/Blu Twitter/Twitter 2022/BluTwit_090122_0.png,BluTwit_090122_0,2022,1,0,0,0,0,0,0,0,0,0,0,0,0,0,0,0,1
BLUTWIT_090222_0,C:\Users\Eric\Documents\cig-ads-image\data\images\BLUTWIT_090222_0.png,Ad images for Yiqun/Blu/Blu Twitter/Twitter 2022/BluTwit_090222_0.png,BluTwit_090222_0,2022,1,0,0,0,0,0,0,0,0,0,0,0,0,0,0,0,1
BLUTWIT_090321_0,C:\Users\Eric\Documents\cig-ads-image\data\images\BLUTWIT_090321_0.png,Ad images for Yiqun/Blu/Blu Twitter/Twitter 20211/BluTwit_090321_0.png,BluTwit_090321_0,2021,1,0,0,0,0,0,0,0,0,0,0,0,0,0,0,0,1
BLUTWIT_090322_0,C:\Users\Eric\Documents\cig-ads-image\data\images\BLUTWIT_090322_0.png,Ad images for Yiqun/Blu/Blu Twitter/Twitter 2022/BluTwit_090322_0.png,BluTwit_090322_0,2022,1,0,0,0,0,0,0,0,0,0,0,0,0,0,0,0,1
BLUTWIT_090421_0,C:\Users\Eric\Documents\cig-ads-image\data\images\BLUTWIT_090421_0.png,Ad images for Yiqun/Blu/Blu Twitter/Twitter 20211/BluTwit_090421_0.png,BluTwit_090421_0,2021,1,0,0,0,0,0,0,0,0,0,0,0,0,0,0,0,1
BLUTWIT_090521_0,C:\Users\Eric\Documents\cig-ads-image\data\images\BLUTWIT_090521_0.png,Ad images for Yiqun/Blu/Blu Twitter/Twitter 20211/BluTwit_090521_0.png,BluTwit_090521_0,2021,1,0,0,0,0,0,0,0,0,0,0,0,0,0,0,0,1
BLUTWIT_090622_0,C:\Users\Eric\Documents\cig-ads-image\data\images\BLUTWIT_090622_0.png,Ad images for Yiqun/Blu/Blu Twitter/Twitter 2022/BluTwit_090622_0.png,BluTwit_090622_0,2022,1,0,0,0,0,0,0,0,0,0,0,0,0,0,0,0,1
BLUTWIT_090721_0,C:\Users\Eric\Documents\cig-ads-image\data\images\BLUTWIT_090721_0.png,Ad images for Yiqun/Blu/Blu Twitter/Twitter 20211/BluTwit_090721_0.png,BluTwit_090721_0,2021,1,0,0,0,0,0,0,0,0,0,0,0,0,0,0,0,1
BLUTWIT_090722_0,C:\Users\Eric\Documents\cig-ads-image\data\images\BLUTWIT_090722_0.png,Ad images for Yiqun/Blu/Blu Twitter/Twitter 2022/BluTwit_090722_0.png,BluTwit_090722_0,2022,1,0,1,0,0,0,0,0,0,0,0,0,0,0,0,0,1
BLUTWIT_090821_0,C:\Users\Eric\Documents\cig-ads-image\data\images\BLUTWIT_090821_0.png,Ad images for Yiqun/Blu/Blu Twitter/Twitter 20211/BluTwit_090821_0.png,BluTwit_090821_0,2021,1,0,0,0,0,0,0,0,0,0,0,0,0,0,0,0,1
BLUTWIT_090822_0,C:\Users\Eric\Documents\cig-ads-image\data\images\BLUTWIT_090822_0.png,Ad images for Yiqun/Blu/Blu Twitter/Twitter 2022/BluTwit_090822_0.png,BluTwit_090822_0,2022,1,0,0,0,0,0,0,0,0,0,0,0,0,0,0,0,1
BLUTWIT_090922_0,C:\Users\Eric\Documents\cig-ads-image\data\images\BLUTWIT_090922_0.png,Ad images for Yiqun/Blu/Blu Twitter/Twitter 2022/BluTwit_090922_0.png,BluTwit_090922_0,2022,1,0,0,0,0,0,0,0,0,0,0,0,0,0,0,0,1
BLUTWIT_091021_0,C:\Users\Eric\Documents\cig-ads-image\data\images\BLUTWIT_091021_0.png,Ad images for Yiqun/Blu/Blu Twitter/Twitter 20211/BluTwit_091021_0.png,BluTwit_091021_0,2021,1,0,0,0,0,0,0,0,0,0,0,0,0,0,0,0,1
BLUTWIT_091022_0,C:\Users\Eric\Documents\cig-ads-image\data\images\BLUTWIT_091022_0.png,Ad images for Yiqun/Blu/Blu Twitter/Twitter 2022/BluTwit_091022_0.png,BluTwit_091022_0,2022,1,0,0,0,0,0,0,0,0,0,0,0,0,0,0,0,1
BLUTWIT_091121_0,C:\Users\Eric\Documents\cig-ads-image\data\images\BLUTWIT_091121_0.png,Ad images for Yiqun/Blu/Blu Twitter/Twitter 20211/BluTwit_091121_0.png,BluTwit_091121_0,2021,1,0,0,0,0,0,0,0,0,0,0,0,0,0,0,0,1
BLUTWIT_091221_0,C:\Users\Eric\Documents\cig-ads-image\data\images\BLUTWIT_091221_0.png,Ad images for Yiqun/Blu/Blu Twitter/Twitter 20211/BluTwit_091221_0.png,BluTwit_091221_0,2021,1,0,0,0,0,0,0,1,0,0,0,0,0,0,0,0,1
BLUTWIT_091421_0,C:\Users\Eric\Documents\cig-ads-image\data\images\BLUTWIT_091421_0.png,Ad images for Yiqun/Blu/Blu Twitter/Twitter 20211/BluTwit_091421_0.png,BluTwit_091421_0,2021,1,0,0,0,0,0,0,0,0,0,0,0,0,0,0,0,1
BLUTWIT_091521_0,C:\Users\Eric\Documents\cig-ads-image\data\images\BLUTWIT_091521_0.png,Ad images for Yiqun/Blu/Blu Twitter/Twitter 20211/BluTwit_091521_0.png,BluTwit_091521_0,2021,1,0,0,0,0,0,0,0,0,0,0,0,0,0,0,0,1
BLUTWIT_091721_0,C:\Users\Eric\Documents\cig-ads-image\data\images\BLUTWIT_091721_0.png,Ad images for Yiqun/Blu/Blu Twitter/Twitter 20211/BluTwit_091721_0.png,BluTwit_091721_0,2021,1,0,0,0,0,0,0,0,0,0,0,0,0,0,0,0,1
BLUTWIT_091921_0,C:\Users\Eric\Documents\cig-ads-image\data\images\BLUTWIT_091921_0.png,Ad images for Yiqun/Blu/Blu Twitter/Twitter 20211/BluTwit_091921_0.png,BluTwit_091921_0,2021,1,0,0,0,0,0,0,0,0,0,0,0,0,0,0,0,1
BLUTWIT_092021_0,C:\Users\Eric\Documents\cig-ads-image\data\images\BLUTWIT_092021_0.png,Ad images for Yiqun/Blu/Blu Twitter/Twitter 20211/BluTwit_092021_0.png,BluTwit_092021_0,2021,1,0,0,0,0,0,0,0,0,0,0,0,0,0,0,0,1
BLUTWIT_092121_0,C:\Users\Eric\Documents\cig-ads-image\data\images\BLUTWIT_092121_0.png,Ad images for Yiqun/Blu/Blu Twitter/Twitter 20211/BluTwit_092121_0.png,BluTwit_092121_0,2021,1,0,0,0,0,0,0,0,0,0,0,0,0,0,0,0,1
BLUTWIT_092221_0,C:\Users\Eric\Documents\cig-ads-image\data\images\BLUTWIT_092221_0.png,Ad images for Yiqun/Blu/Blu Twitter/Twitter 20211/BluTwit_092221_0.png,BluTwit_092221_0,2021,1,0,0,0,0,0,0,0,0,0,0,0,0,0,0,0,1
BLUTWIT_092322_0,C:\Users\Eric\Documents\cig-ads-image\data\images\BLUTWIT_092322_0.png,Ad images for Yiqun/Blu/Blu Twitter/Twitter 2022/BluTwit_092322_0.png,BluTwit_092322_0,2022,1,0,0,0,0,0,0,0,0,0,0,0,0,0,0,0,1
BLUTWIT_092421_0,C:\Users\Eric\Documents\cig-ads-image\data\images\BLUTWIT_092421_0.png,Ad images for Yiqun/Blu/Blu Twitter/Twitter 20211/BluTwit_092421_0.png,BluTwit_092421_0,2021,1,0,0,0,0,0,0,0,0,0,0,0,0,0,0,0,1
BLUTWIT_092521_0,C:\Users\Eric\Documents\cig-ads-image\data\images\BLUTWIT_092521_0.png,Ad images for Yiqun/Blu/Blu Twitter/Twitter 20211/BluTwit_092521_0.png,BluTwit_092521_0,2021,1,0,0,0,0,0,0,0,0,0,0,0,0,0,0,0,1
BLUTWIT_092621_0,C:\Users\Eric\Documents\cig-ads-image\data\images\BLUTWIT_092621_0.png,Ad images for Yiqun/Blu/Blu Twitter/Twitter 20211/BluTwit_092621_0.png,BluTwit_092621_0,2021,1,0,0,0,0,0,0,0,0,0,0,0,0,0,0,0,1
BLUTWIT_092721_0,C:\Users\Eric\Documents\cig-ads-image\data\images\BLUTWIT_092721_0.png,Ad images for Yiqun/Blu/Blu Twitter/Twitter 20211/BluTwit_092721_0.png,BluTwit_092721_0,2021,1,0,0,0,0,0,0,0,0,0,0,0,0,0,0,0,1
BLUTWIT_092722_0,C:\Users\Eric\Documents\cig-ads-image\data\images\BLUTWIT_092722_0.png,Ad images for Yiqun/Blu/Blu Twitter/Twitter 2022/BluTwit_092722_0.png,BluTwit_092722_0,2022,1,0,0,0,0,0,0,0,0,0,0,0,0,0,0,0,1
BLUTWIT_092821_0,C:\Users\Eric\Documents\cig-ads-image\data\images\BLUTWIT_092821_0.png,Ad images for Yiqun/Blu/Blu Twitter/Twitter 20211/BluTwit_092821_0.png,BluTwit_092821_0,2021,1,0,0,0,0,0,0,0,0,0,0,0,0,0,0,0,1
BLUTWIT_092822_0,C:\Users\Eric\Documents\cig-ads-image\data\images\BLUTWIT_092822_0.png,Ad images for Yiqun/Blu/Blu Twitter/Twitter 2022/BluTwit_092822_0.png,BluTwit_092822_0,2022,1,0,0,0,0,0,0,0,0,0,0,0,0,0,0,0,1
BLUTWIT_092921_0,C:\Users\Eric\Documents\cig-ads-image\data\images\BLUTWIT_092921_0.png,Ad images for Yiqun/Blu/Blu Twitter/Twitter 20211/BluTwit_092921_0.png,BluTwit_092921_0,2021,1,0,0,1,0,0,0,1,0,0,0,0,0,0,0,0,1
BLUTWIT_092922_0,C:\Users\Eric\Documents\cig-ads-image\data\images\BLUTWIT_092922_0.png,Ad images for Yiqun/Blu/Blu Twitter/Twitter 2022/BluTwit_092922_0.png,BluTwit_092922_0,2022,1,0,0,0,0,0,0,0,0,0,0,0,0,0,0,0,1
BLUTWIT_093021_0,C:\Users\Eric\Documents\cig-ads-image\data\images\BLUTWIT_093021_0.png,Ad images for Yiqun/Blu/Blu Twitter/Twitter 20211/BluTwit_093021_0.png,BluTwit_093021_0,2021,1,0,0,0,0,0,0,0,0,0,0,0,0,0,0,0,1
BLUTWIT_093022_0,C:\Users\Eric\Documents\cig-ads-image\data\images\BLUTWIT_093022_0.png,Ad images for Yiqun/Blu/Blu Twitter/Twitter 2022/BluTwit_093022_0.png,BluTwit_093022_0,2022,1,0,0,0,0,0,0,0,0,0,0,0,0,0,0,0,1
BLUTWIT_100122_0,C:\Users\Eric\Documents\cig-ads-image\data\images\BLUTWIT_100122_0.png,Ad images for Yiqun/Blu/Blu Twitter/Twitter 2022/BluTwit_100122_0.png,BluTwit_100122_0,2022,1,0,0,0,0,0,0,0,0,0,0,0,0,0,0,0,1
BLUTWIT_100221_0,C:\Users\Eric\Documents\cig-ads-image\data\images\BLUTWIT_100221_0.png,Ad images for Yiqun/Blu/Blu Twitter/Twitter 20211/BluTwit_100221_0.png,BluTwit_100221_0,2021,1,0,0,0,0,0,0,0,0,0,0,0,0,0,0,0,1
BLUTWIT_100321_0,C:\Users\Eric\Documents\cig-ads-image\data\images\BLUTWIT_100321_0.png,Ad images for Yiqun/Blu/Blu Twitter/Twitter 20211/BluTwit_100321_0.png,BluTwit_100321_0,2021,1,0,0,0,0,0,0,0,0,0,0,0,0,0,0,0,1
BLUTWIT_100422_0,C:\Users\Eric\Documents\cig-ads-image\data\images\BLUTWIT_100422_0.png,Ad images for Yiqun/Blu/Blu Twitter/Twitter 2022/BluTwit_100422_0.png,BluTwit_100422_0,2022,1,0,0,0,0,0,0,0,0,0,0,0,0,0,0,0,1
BLUTWIT_100521_0,C:\Users\Eric\Documents\cig-ads-image\data\images\BLUTWIT_100521_0.png,Ad images for Yiqun/Blu/Blu Twitter/Twitter 20211/BluTwit_100521_0.png,BluTwit_100521_0,2021,1,0,0,0,0,1,0,0,1,0,0,0,0,0,0,0,1
BLUTWIT_100522_0,C:\Users\Eric\Documents\cig-ads-image\data\images\BLUTWIT_100522_0.png,Ad images for Yiqun/Blu/Blu Twitter/Twitter 2022/BluTwit_100522_0.png,BluTwit_100522_0,2022,1,0,0,0,0,0,0,0,0,0,0,0,0,0,0,0,1
BLUTWIT_100621_0,C:\Users\Eric\Documents\cig-ads-image\data\images\BLUTWIT_100621_0.png,Ad images for Yiqun/Blu/Blu Twitter/Twitter 20211/BluTwit_100621_0.png,BluTwit_100621_0,2021,1,0,1,0,0,0,0,0,0,0,0,0,0,0,0,0,1
BLUTWIT_100622_0,C:\Users\Eric\Documents\cig-ads-image\data\images\BLUTWIT_100622_0.png,Ad images for Yiqun/Blu/Blu Twitter/Twitter 2022/BluTwit_100622_0.png,BluTwit_100622_0,2022,1,0,0,0,0,0,0,0,0,0,0,0,0,0,0,0,1
BLUTWIT_100622_1,C:\Users\Eric\Documents\cig-ads-image\data\images\BLUTWIT_100622_1.png,Ad images for Yiqun/Blu/Blu Twitter/Twitter 2022/BluTwit_100622_1.png,BluTwit_100622_1,2022,1,0,0,0,0,0,1,0,0,0,0,0,0,0,0,0,1
BLUTWIT_100821_0,C:\Users\Eric\Documents\cig-ads-image\data\images\BLUTWIT_100821_0.png,Ad images for Yiqun/Blu/Blu Twitter/Twitter 20211/BluTwit_100821_0.png,BluTwit_100821_0,2021,1,0,0,0,0,0,0,0,0,0,0,0,0,0,0,0,1
BLUTWIT_100822_0,C:\Users\Eric\Documents\cig-ads-image\data\images\BLUTWIT_100822_0.png,Ad images for Yiqun/Blu/Blu Twitter/Twitter 2022/BluTwit_100822_0.png,BluTwit_100822_0,2022,1,0,0,0,0,0,0,0,0,0,0,0,0,0,0,0,1
BLUTWIT_100921_0,C:\Users\Eric\Documents\cig-ads-image\data\images\BLUTWIT_100921_0.png,Ad images for Yiqun/Blu/Blu Twitter/Twitter 20211/BluTwit_100921_0.png,BluTwit_100921_0,2021,1,0,0,0,0,0,0,0,0,0,0,0,0,0,0,0,1
BLUTWIT_101021_0,C:\Users\Eric\Documents\cig-ads-image\data\images\BLUTWIT_101021_0.png,Ad images for Yiqun/Blu/Blu Twitter/Twitter 20211/BluTwit_101021_0.png,BluTwit_101021_0,2021,1,0,0,0,0,0,0,0,0,0,0,0,0,0,0,0,1
BLUTWIT_101221_0,C:\Users\Eric\Documents\cig-ads-image\data\images\BLUTWIT_101221_0.png,Ad images for Yiqun/Blu/Blu Twitter/Twitter 20211/BluTwit_101221_0.png,BluTwit_101221_0,2021,1,0,0,0,0,0,0,0,1,0,0,0,0,0,0,0,1
BLUTWIT_101321_0,C:\Users\Eric\Documents\cig-ads-image\data\images\BLUTWIT_101321_0.png,Ad images for Yiqun/Blu/Blu Twitter/Twitter 20211/BluTwit_101321_0.png,BluTwit_101321_0,2021,1,0,0,0,0,0,0,0,0,0,0,0,0,0,0,0,1
BLUTWIT_101322_0,C:\Users\Eric\Documents\cig-ads-image\data\images\BLUTWIT_101322_0.png,Ad images for Yiqun/Blu/Blu Twitter/Twitter 2022/BluTwit_101322_0.png,BluTwit_101322_0,2022,1,0,0,0,0,0,0,0,0,0,0,0,0,0,0,0,1
BLUTWIT_101421_0,C:\Users\Eric\Documents\cig-ads-image\data\images\BLUTWIT_101421_0.png,Ad images for Yiqun/Blu/Blu Twitter/Twitter 20211/BluTwit_101421_0.png,BluTwit_101421_0,2021,1,0,0,0,0,0,0,0,0,0,0,0,0,0,0,0,1
BLUTWIT_101422_0,C:\Users\Eric\Documents\cig-ads-image\data\images\BLUTWIT_101422_0.png,Ad images for Yiqun/Blu/Blu Twitter/Twitter 2022/BluTwit_101422_0.png,BluTwit_101422_0,2022,1,0,0,0,0,0,0,0,0,0,0,0,0,0,0,0,1
BLUTWIT_101422_1,C:\Users\Eric\Documents\cig-ads-image\data\images\BLUTWIT_101422_1.png,Ad images for Yiqun/Blu/Blu Twitter/Twitter 2022/BluTwit_101422_1.png,BluTwit_101422_1,2022,1,0,1,0,0,0,0,0,0,0,0,0,0,0,0,0,1
BLUTWIT_101521_0,C:\Users\Eric\Documents\cig-ads-image\data\images\BLUTWIT_101521_0.png,Ad images for Yiqun/Blu/Blu Twitter/Twitter 20211/BluTwit_101521_0.png,BluTwit_101521_0,2021,1,0,0,0,0,0,0,0,0,0,0,0,0,0,0,0,1
BLUTWIT_101522_0,C:\Users\Eric\Documents\cig-ads-image\data\images\BLUTWIT_101522_0.png,Ad images for Yiqun/Blu/Blu Twitter/Twitter 2022/BluTwit_101522_0.png,BluTwit_101522_0,2022,1,0,0,0,0,0,0,0,0,0,0,0,0,0,0,0,1
BLUTWIT_101621_0,C:\Users\Eric\Documents\cig-ads-image\data\images\BLUTWIT_101621_0.png,Ad images for Yiqun/Blu/Blu Twitter/Twitter 20211/BluTwit_101621_0.png,BluTwit_101621_0,2021,1,0,0,0,0,0,0,0,0,0,0,0,0,0,0,0,1
BLUTWIT_101721_0,C:\Users\Eric\Documents\cig-ads-image\data\images\BLUTWIT_101721_0.png,Ad images for Yiqun/Blu/Blu Twitter/Twitter 20211/BluTwit_101721_0.png,BluTwit_101721_0,2021,1,0,0,0,0,0,0,0,0,0,0,0,0,0,0,0,1
BLUTWIT_101722_0,C:\Users\Eric\Documents\cig-ads-image\data\images\BLUTWIT_101722_0.png,Ad images for Yiqun/Blu/Blu Twitter/Twitter 2022/BluTwit_101722_0.png,BluTwit_101722_0,2022,1,0,0,0,0,0,0,0,0,0,0,0,0,0,0,0,1
BLUTWIT_101822_0,C:\Users\Eric\Documents\cig-ads-image\data\images\BLUTWIT_101822_0.png,Ad images for Yiqun/Blu/Blu Twitter/Twitter 2022/BluTwit_101822_0.png,BluTwit_101822_0,2022,1,0,0,0,0,0,0,0,0,0,0,0,0,0,0,0,1
BLUTWIT_101921_0,C:\Users\Eric\Documents\cig-ads-image\data\images\BLUTWIT_101921_0.png,Ad images for Yiqun/Blu/Blu Twitter/Twitter 20211/BluTwit_101921_0.png,BluTwit_101921_0,2021,1,0,0,0,0,1,0,0,1,0,0,0,0,0,0,0,1
BLUTWIT_101922_0,C:\Users\Eric\Documents\cig-ads-image\data\images\BLUTWIT_101922_0.png,Ad images for Yiqun/Blu/Blu Twitter/Twitter 2022/BluTwit_101922_0.png,BluTwit_101922_0,2022,1,0,0,0,0,0,0,0,0,0,0,0,0,0,0,0,1
BLUTWIT_102021_0,C:\Users\Eric\Documents\cig-ads-image\data\images\BLUTWIT_102021_0.png,Ad images for Yiqun/Blu/Blu Twitter/Twitter 20211/BluTwit_102021_0.png,BluTwit_102021_0,2021,1,0,0,0,0,0,0,0,0,0,0,0,0,0,0,0,1
BLUTWIT_102022_0,C:\Users\Eric\Documents\cig-ads-image\data\images\BLUTWIT_102022_0.png,Ad images for Yiqun/Blu/Blu Twitter/Twitter 2022/BluTwit_102022_0.png,BluTwit_102022_0,2022,1,0,0,0,0,0,0,0,0,0,0,0,0,0,0,0,1
BLUTWIT_102121_0,C:\Users\Eric\Documents\cig-ads-image\data\images\BLUTWIT_102121_0.png,Ad images for Yiqun/Blu/Blu Twitter/Twitter 20211/BluTwit_102121_0.png,BluTwit_102121_0,2021,1,0,0,0,0,0,0,0,0,0,0,0,0,1,0,0,1
BLUTWIT_102122_0,C:\Users\Eric\Documents\cig-ads-image\data\images\BLUTWIT_102122_0.png,Ad images for Yiqun/Blu/Blu Twitter/Twitter 2022/BluTwit_102122_0.png,BluTwit_102122_0,2022,1,0,0,0,0,0,0,0,0,0,0,0,0,0,0,0,1
BLUTWIT_102221_0,C:\Users\Eric\Documents\cig-ads-image\data\images\BLUTWIT_102221_0.png,Ad images for Yiqun/Blu/Blu Twitter/Twitter 20211/BluTwit_102221_0.png,BluTwit_102221_0,2021,1,0,0,0,0,0,0,0,0,0,0,0,0,0,0,0,1
BLUTWIT_102222_0,C:\Users\Eric\Documents\cig-ads-image\data\images\BLUTWIT_102222_0.png,Ad images for Yiqun/Blu/Blu Twitter/Twitter 2022/BluTwit_102222_0.png,BluTwit_102222_0,2022,1,0,0,0,0,0,0,0,0,0,0,0,0,0,0,0,1
BLUTWIT_102321_0,C:\Users\Eric\Documents\cig-ads-image\data\images\BLUTWIT_102321_0.png,Ad images for Yiqun/Blu/Blu Twitter/Twitter 20211/BluTwit_102321_0.png,BluTwit_102321_0,2021,1,0,0,0,0,0,0,0,0,0,0,0,0,0,0,0,1
BLUTWIT_102421_0,C:\Users\Eric\Documents\cig-ads-image\data\images\BLUTWIT_102421_0.png,Ad images for Yiqun/Blu/Blu Twitter/Twitter 20211/BluTwit_102421_0.png,BluTwit_102421_0,2021,1,0,0,0,0,0,0,0,0,0,0,0,0,0,0,0,1
BLUTWIT_102422_0,C:\Users\Eric\Documents\cig-ads-image\data\images\BLUTWIT_102422_0.png,Ad images for Yiqun/Blu/Blu Twitter/Twitter 2022/BluTwit_102422_0.png,BluTwit_102422_0,2022,1,0,0,0,0,0,0,0,0,0,0,0,0,0,0,0,1
BLUTWIT_102521_0,C:\Users\Eric\Documents\cig-ads-image\data\images\BLUTWIT_102521_0.png,Ad images for Yiqun/Blu/Blu Twitter/Twitter 20211/BluTwit_102521_0.png,BluTwit_102521_0,2021,1,0,0,0,0,0,0,0,0,0,0,0,0,1,0,0,1
BLUTWIT_102522_0,C:\Users\Eric\Documents\cig-ads-image\data\images\BLUTWIT_102522_0.png,Ad images for Yiqun/Blu/Blu Twitter/Twitter 2022/BluTwit_102522_0.png,BluTwit_102522_0,2022,1,0,0,0,0,0,0,0,0,0,0,0,0,0,0,0,1
BLUTWIT_102621_0,C:\Users\Eric\Documents\cig-ads-image\data\images\BLUTWIT_102621_0.png,Ad images for Yiqun/Blu/Blu Twitter/Twitter 20211/BluTwit_102621_0.png,BluTwit_102621_0,2021,1,0,0,0,0,1,0,0,0,0,0,0,0,0,0,0,1
BLUTWIT_102622_0,C:\Users\Eric\Documents\cig-ads-image\data\images\BLUTWIT_102622_0.png,Ad images for Yiqun/Blu/Blu Twitter/Twitter 2022/BluTwit_102622_0.png,BluTwit_102622_0,2022,1,0,0,0,0,0,0,0,0,0,0,0,0,0,0,0,1
BLUTWIT_102721_0,C:\Users\Eric\Documents\cig-ads-image\data\images\BLUTWIT_102721_0.png,Ad images for Yiqun/Blu/Blu Twitter/Twitter 20211/BluTwit_102721_0.png,BluTwit_102721_0,2021,1,0,0,0,0,0,0,0,0,0,0,0,0,0,0,0,1
BLUTWIT_102722_0,C:\Users\Eric\Documents\cig-ads-image\data\images\BLUTWIT_102722_0.png,Ad images for Yiqun/Blu/Blu Twitter/Twitter 2022/BluTwit_102722_0.png,BluTwit_102722_0,2022,1,0,0,0,0,0,0,0,0,0,0,0,0,0,0,0,1
BLUTWIT_102821_0,C:\Users\Eric\Documents\cig-ads-image\data\images\BLUTWIT_102821_0.png,Ad images for Yiqun/Blu/Blu Twitter/Twitter 20211/BluTwit_102821_0.png,BluTwit_102821_0,2021,1,0,0,0,0,0,0,0,0,0,0,0,0,0,0,0,1
BLUTWIT_102822_0,C:\Users\Eric\Documents\cig-ads-image\data\images\BLUTWIT_102822_0.png,Ad images for Yiqun/Blu/Blu Twitter/Twitter 2022/BluTwit_102822_0.png,BluTwit_102822_0,2022,1,0,0,0,0,0,0,0,0,0,0,0,0,0,0,0,1
BLUTWIT_102921_0,C:\Users\Eric\Documents\cig-ads-image\data\images\BLUTWIT_102921_0.png,Ad images for Yiqun/Blu/Blu Twitter/Twitter 20211/BluTwit_102921_0.png,BluTwit_102921_0,2021,1,0,0,0,0,0,0,0,0,0,0,0,0,0,0,0,1
BLUTWIT_103121_0,C:\Users\Eric\Documents\cig-ads-image\data\images\BLUTWIT_103121_0.png,Ad images for Yiqun/Blu/Blu Twitter/Twitter 20211/BluTwit_103121_0.png,BluTwit_103121_0,2021,1,0,0,0,0,0,0,0,0,0,0,0,0,1,0,0,1
BLUTWIT_103121_1,C:\Users\Eric\Documents\cig-ads-image\data\images\BLUTWIT_103121_1.png,Ad images for Yiqun/Blu/Blu Twitter/Twitter 20211/BluTwit_103121_1.png,BluTwit_103121_1,2021,1,0,0,0,0,0,0,0,0,0,0,0,0,0,0,0,1
BLUTWIT_110222_0,C:\Users\Eric\Documents\cig-ads-image\data\images\BLUTWIT_110222_0.png,Ad images for Yiqun/Blu/Blu Twitter/Twitter 2022/BluTwit_110222_0.png,BluTwit_110222_0,2022,1,0,0,0,0,0,0,0,0,0,0,0,0,0,0,0,1
BLUTWIT_110321_0,C:\Users\Eric\Documents\cig-ads-image\data\images\BLUTWIT_110321_0.png,Ad images for Yiqun/Blu/Blu Twitter/Twitter 20211/BluTwit_110321_0.png,BluTwit_110321_0,2021,1,0,0,0,0,0,0,0,0,0,0,0,0,0,0,0,1
BLUTWIT_110322_0,C:\Users\Eric\Documents\cig-ads-image\data\images\BLUTWIT_110322_0.png,Ad images for Yiqun/Blu/Blu Twitter/Twitter 2022/BluTwit_110322_0.png,BluTwit_110322_0,2022,1,0,0,0,0,0,0,0,0,0,0,0,0,0,0,0,1
BLUTWIT_110421_0,C:\Users\Eric\Documents\cig-ads-image\data\images\BLUTWIT_110421_0.png,Ad images for Yiqun/Blu/Blu Twitter/Twitter 20211/BluTwit_110421_0.png,BluTwit_110421_0,2021,1,0,0,0,0,0,0,0,0,0,0,0,0,0,0,0,1
BLUTWIT_110521_0,C:\Users\Eric\Documents\cig-ads-image\data\images\BLUTWIT_110521_0.png,Ad images for Yiqun/Blu/Blu Twitter/Twitter 20211/BluTwit_110521_0.png,BluTwit_110521_0,2021,1,0,0,0,0,0,1,0,0,0,0,0,0,0,0,0,1
BLUTWIT_110522_0,C:\Users\Eric\Documents\cig-ads-image\data\images\BLUTWIT_110522_0.png,Ad images for Yiqun/Blu/Blu Twitter/Twitter 2022/BluTwit_110522_0.png,BluTwit_110522_0,2022,1,0,0,0,0,0,0,0,0,0,0,0,0,0,0,0,1
BLUTWIT_110621_0,C:\Users\Eric\Documents\cig-ads-image\data\images\BLUTWIT_110621_0.png,Ad images for Yiqun/Blu/Blu Twitter/Twitter 20211/BluTwit_110621_0.png,BluTwit_110621_0,2021,1,0,1,0,0,0,0,0,0,0,0,0,0,0,0,0,1
BLUTWIT_110721_0,C:\Users\Eric\Documents\cig-ads-image\data\images\BLUTWIT_110721_0.png,Ad images for Yiqun/Blu/Blu Twitter/Twitter 20211/BluTwit_110721_0.png,BluTwit_110721_0,2021,1,0,0,0,0,0,0,0,0,0,0,0,0,0,0,0,1
BLUTWIT_110821_0,C:\Users\Eric\Documents\cig-ads-image\data\images\BLUTWIT_110821_0.png,Ad images for Yiqun/Blu/Blu Twitter/Twitter 20211/BluTwit_110821_0.png,BluTwit_110821_0,2021,1,0,0,0,0,0,0,0,0,0,0,0,0,0,0,0,1
BLUTWIT_110921_0,C:\Users\Eric\Documents\cig-ads-image\data\images\BLUTWIT_110921_0.png,Ad images for Yiqun/Blu/Blu Twitter/Twitter 20211/BluTwit_110921_0.png,BluTwit_110921_0,2021,1,0,0,0,0,0,0,0,0,0,0,0,0,0,0,0,1
BLUTWIT_110922_0,C:\Users\Eric\Documents\cig-ads-image\data\images\BLUTWIT_110922_0.png,Ad images for Yiqun/Blu/Blu Twitter/Twitter 2022/BluTwit_110922_0.png,BluTwit_110922_0,2022,1,0,0,0,0,0,0,0,0,0,0,0,0,0,0,0,1
BLUTWIT_111021_0,C:\Users\Eric\Documents\cig-ads-image\data\images\BLUTWIT_111021_0.png,Ad images for Yiqun/Blu/Blu Twitter/Twitter 20211/BluTwit_111021_0.png,BluTwit_111021_0,2021,1,0,0,0,0,0,0,0,0,0,0,0,0,0,0,0,1
BLUTWIT_111022_0,C:\Users\Eric\Documents\cig-ads-image\data\images\BLUTWIT_111022_0.png,Ad images for Yiqun/Blu/Blu Twitter/Twitter 2022/BluTwit_111022_0.png,BluTwit_111022_0,2022,1,0,0,0,0,0,0,0,0,0,0,0,0,0,0,0,1
BLUTWIT_111121_0,C:\Users\Eric\Documents\cig-ads-image\data\images\BLUTWIT_111121_0.png,Ad images for Yiqun/Blu/Blu Twitter/Twitter 20211/BluTwit_111121_0.png,BluTwit_111121_0,2021,1,0,0,0,0,0,0,0,0,0,0,0,0,0,0,0,1
BLUTWIT_111122_0,C:\Users\Eric\Documents\cig-ads-image\data\images\BLUTWIT_111122_0.png,Ad images for Yiqun/Blu/Blu Twitter/Twitter 2022/BluTwit_111122_0.png,BluTwit_111122_0,2022,1,0,0,0,0,0,0,0,0,0,0,0,0,0,0,0,1
BLUTWIT_111221_0,C:\Users\Eric\Documents\cig-ads-image\data\images\BLUTWIT_111221_0.png,Ad images for Yiqun/Blu/Blu Twitter/Twitter 20211/BluTwit_111221_0.png,BluTwit_111221_0,2021,1,0,0,0,0,0,0,0,0,0,0,0,0,0,0,0,1
BLUTWIT_111321_0,C:\Users\Eric\Documents\cig-ads-image\data\images\BLUTWIT_111321_0.png,Ad images for Yiqun/Blu/Blu Twitter/Twitter 20211/BluTwit_111321_0.png,BluTwit_111321_0,2021,1,0,0,0,0,0,0,0,0,0,0,0,0,0,0,0,1
BLUTWIT_111521_0,C:\Users\Eric\Documents\cig-ads-image\data\images\BLUTWIT_111521_0.png,Ad images for Yiqun/Blu/Blu Twitter/Twitter 20211/BluTwit_111521_0.png,BluTwit_111521_0,2021,1,0,0,0,0,0,0,0,0,0,0,0,0,0,0,0,1
BLUTWIT_111621_0,C:\Users\Eric\Documents\cig-ads-image\data\images\BLUTWIT_111621_0.png,Ad images for Yiqun/Blu/Blu Twitter/Twitter 20211/BluTwit_111621_0.png,BluTwit_111621_0,2021,1,0,0,0,0,0,0,0,0,0,0,0,0,0,0,0,1
BLUTWIT_111622_0,C:\Users\Eric\Documents\cig-ads-image\data\images\BLUTWIT_111622_0.png,Ad images for Yiqun/Blu/Blu Twitter/Twitter 2022/BluTwit_111622_0.png,BluTwit_111622_0,2022,1,0,0,0,0,0,1,0,0,0,0,0,0,0,0,0,1
BLUTWIT_111721_0,C:\Users\Eric\Documents\cig-ads-image\data\images\BLUTWIT_111721_0.png,Ad images for Yiqun/Blu/Blu Twitter/Twitter 20211/BluTwit_111721_0.png,BluTwit_111721_0,2021,1,0,0,0,0,0,0,0,0,0,0,0,0,0,0,0,1
BLUTWIT_111821_0,C:\Users\Eric\Documents\cig-ads-image\data\images\BLUTWIT_111821_0.png,Ad images for Yiqun/Blu/Blu Twitter/Twitter 20211/BluTwit_111821_0.png,BluTwit_111821_0,2021,1,0,0,0,0,0,0,0,0,0,0,0,0,0,0,0,1
BLUTWIT_111822_0,C:\Users\Eric\Documents\cig-ads-image\data\images\BLUTWIT_111822_0.png,Ad images for Yiqun/Blu/Blu Twitter/Twitter 2022/BluTwit_111822_0.png,BluTwit_111822_0,2022,1,0,0,0,0,0,0,0,0,0,0,0,0,0,0,0,1
BLUTWIT_111921_0,C:\Users\Eric\Documents\cig-ads-image\data\images\BLUTWIT_111921_0.png,Ad images for Yiqun/Blu/Blu Twitter/Twitter 20211/BluTwit_111921_0.png,BluTwit_111921_0,2021,1,0,0,0,0,0,0,0,0,0,0,0,0,0,0,0,1
BLUTWIT_111922_0,C:\Users\Eric\Documents\cig-ads-image\data\images\BLUTWIT_111922_0.png,Ad images for Yiqun/Blu/Blu Twitter/Twitter 2022/BluTwit_111922_0.png,BluTwit_111922_0,2022,1,0,0,0,0,0,0,0,0,0,0,0,0,0,0,0,1
BLUTWIT_112021_0,C:\Users\Eric\Documents\cig-ads-image\data\images\BLUTWIT_112021_0.png,Ad images for Yiqun/Blu/Blu Twitter/Twitter 20211/BluTwit_112021_0.png,BluTwit_112021_0,2021,1,0,0,0,0,0,0,0,0,0,0,0,0,0,0,0,1
BLUTWIT_112221_0,C:\Users\Eric\Documents\cig-ads-image\data\images\BLUTWIT_112221_0.png,Ad images for Yiqun/Blu/Blu Twitter/Twitter 20211/BluTwit_112221_0.png,BluTwit_112221_0,2021,1,0,0,0,0,0,0,0,0,0,0,0,0,0,0,0,1
BLUTWIT_112321_0,C:\Users\Eric\Documents\cig-ads-image\data\images\BLUTWIT_112321_0.png,Ad images for Yiqun/Blu/Blu Twitter/Twitter 20211/BluTwit_112321_0.png,BluTwit_112321_0,2021,1,0,0,0,0,0,0,0,0,0,0,0,0,0,0,0,1
BLUTWIT_112421_0,C:\Users\Eric\Documents\cig-ads-image\data\images\BLUTWIT_112421_0.png,Ad images for Yiqun/Blu/Blu Twitter/Twitter 20211/BluTwit_112421_0.png,BluTwit_112421_0,2021,1,0,0,0,0,0,0,0,0,0,0,0,0,0,0,0,1
BLUTWIT_112422_0,C:\Users\Eric\Documents\cig-ads-image\data\images\BLUTWIT_112422_0.png,Ad images for Yiqun/Blu/Blu Twitter/Twitter 2022/BluTwit_112422_0.png,BluTwit_112422_0,2022,1,0,0,0,0,0,0,0,0,0,0,0,0,0,0,0,1
BLUTWIT_112521_0,C:\Users\Eric\Documents\cig-ads-image\data\images\BLUTWIT_112521_0.png,Ad images for Yiqun/Blu/Blu Twitter/Twitter 20211/BluTwit_112521_0.png,BluTwit_112521_0,2021,1,0,0,0,0,0,0,0,0,0,0,0,0,0,0,0,1
BLUTWIT_112522_0,C:\Users\Eric\Documents\cig-ads-image\data\images\BLUTWIT_112522_0.png,Ad images for Yiqun/Blu/Blu Twitter/Twitter 2022/BluTwit_112522_0.png,BluTwit_112522_0,2022,1,0,0,0,0,0,0,0,0,0,0,0,0,0,0,0,1
BLUTWIT_112621_0,C:\Users\Eric\Documents\cig-ads-image\data\images\BLUTWIT_112621_0.png,Ad images for Yiqun/Blu/Blu Twitter/Twitter 20211/BluTwit_112621_0.png,BluTwit_112621_0,2021,1,0,0,0,0,0,0,0,0,0,0,0,0,1,0,0,1
BLUTWIT_112622_0,C:\Users\Eric\Documents\cig-ads-image\data\images\BLUTWIT_112622_0.png,Ad images for Yiqun/Blu/Blu Twitter/Twitter 2022/BluTwit_112622_0.png,BluTwit_112622_0,2022,1,0,0,0,0,0,0,0,0,0,0,0,0,0,0,0,1
BLUTWIT_112821_0,C:\Users\Eric\Documents\cig-ads-image\data\images\BLUTWIT_112821_0.png,Ad images for Yiqun/Blu/Blu Twitter/Twitter 20211/BluTwit_112821_0.png,BluTwit_112821_0,2021,1,0,0,0,0,0,0,0,0,0,0,0,0,0,0,0,1
BLUTWIT_112921_0,C:\Users\Eric\Documents\cig-ads-image\data\images\BLUTWIT_112921_0.png,Ad images for Yiqun/Blu/Blu Twitter/Twitter 20211/BluTwit_112921_0.png,BluTwit_112921_0,2021,1,0,0,0,0,0,0,0,0,0,0,0,0,0,0,0,1
BLUTWIT_112922_0,C:\Users\Eric\Documents\cig-ads-image\data\images\BLUTWIT_112922_0.png,Ad images for Yiqun/Blu/Blu Twitter/Twitter 2022/BluTwit_112922_0.png,BluTwit_112922_0,2022,1,0,0,0,0,0,0,0,0,0,0,0,0,0,0,0,1
BLUTWIT_113021_0,C:\Users\Eric\Documents\cig-ads-image\data\images\BLUTWIT_113021_0.png,Ad images for Yiqun/Blu/Blu Twitter/Twitter 20211/BluTwit_113021_0.png,BluTwit_113021_0,2021,1,0,0,0,0,0,0,0,0,0,0,0,0,0,0,0,1
BLUTWIT_113022_0,C:\Users\Eric\Documents\cig-ads-image\data\images\BLUTWIT_113022_0.png,Ad images for Yiqun/Blu/Blu Twitter/Twitter 2022/BluTwit_113022_0.png,BluTwit_113022_0,2022,1,0,0,0,0,0,0,0,0,0,0,0,0,0,0,0,1
BLUTWIT_120121_0,C:\Users\Eric\Documents\cig-ads-image\data\images\BLUTWIT_120121_0.png,Ad images for Yiqun/Blu/Blu Twitter/Twitter 20211/BluTwit_120121_0.png,BluTwit_120121_0,2021,1,0,0,0,0,0,0,0,0,0,0,0,0,0,0,0,1
BLUTWIT_120122_0,C:\Users\Eric\Documents\cig-ads-image\data\images\BLUTWIT_120122_0.png,Ad images for Yiqun/Blu/Blu Twitter/Twitter 2022/BluTwit_120122_0.png,BluTwit_120122_0,2022,1,0,0,0,0,0,0,0,0,0,0,0,0,0,0,0,1
BLUTWIT_120222_0,C:\Users\Eric\Documents\cig-ads-image\data\images\BLUTWIT_120222_0.png,Ad images for Yiqun/Blu/Blu Twitter/Twitter 2022/BluTwit_120222_0.png,BluTwit_120222_0,2022,1,0,0,0,0,0,0,0,0,0,0,0,0,0,0,0,1
BLUTWIT_120321_0,C:\Users\Eric\Documents\cig-ads-image\data\images\BLUTWIT_120321_0.png,Ad images for Yiqun/Blu/Blu Twitter/Twitter 20211/BluTwit_120321_0.png,BluTwit_120321_0,2021,1,0,0,0,0,0,0,0,0,0,0,0,0,0,0,0,1
BLUTWIT_120322_0,C:\Users\Eric\Documents\cig-ads-image\data\images\BLUTWIT_120322_0.png,Ad images for Yiqun/Blu/Blu Twitter/Twitter 2022/BluTwit_120322_0.png,BluTwit_120322_0,2022,1,0,0,0,0,0,0,0,0,0,0,0,0,0,0,0,1
BLUTWIT_120421_0,C:\Users\Eric\Documents\cig-ads-image\data\images\BLUTWIT_120421_0.png,Ad images for Yiqun/Blu/Blu Twitter/Twitter 20211/BluTwit_120421_0.png,BluTwit_120421_0,2021,1,0,0,0,0,0,0,0,0,0,0,0,0,0,0,0,1
BLUTWIT_120521_0,C:\Users\Eric\Documents\cig-ads-image\data\images\BLUTWIT_120521_0.png,Ad images for Yiqun/Blu/Blu Twitter/Twitter 20211/BluTwit_120521_0.png,BluTwit_120521_0,2021,1,0,0,0,0,0,0,0,0,0,0,0,0,0,0,0,1
BLUTWIT_120721_0,C:\Users\Eric\Documents\cig-ads-image\data\images\BLUTWIT_120721_0.png,Ad images for Yiqun/Blu/Blu Twitter/Twitter 20211/BluTwit_120721_0.png,BluTwit_120721_0,2021,1,0,0,0,0,0,0,0,0,0,0,0,0,0,0,0,1
BLUTWIT_120722_0,C:\Users\Eric\Documents\cig-ads-image\data\images\BLUTWIT_120722_0.png,Ad images for Yiqun/Blu/Blu Twitter/Twitter 2022/BluTwit_120722_0.png,BluTwit_120722_0,2022,1,0,1,0,0,0,0,0,0,0,0,0,0,0,0,0,1
BLUTWIT_120722_1,C:\Users\Eric\Documents\cig-ads-image\data\images\BLUTWIT_120722_1.png,Ad images for Yiqun/Blu/Blu Twitter/Twitter 2022/BluTwit_120722_1.png,BluTwit_120722_1,2022,1,0,0,0,0,0,0,0,0,0,0,0,0,0,0,0,1
BLUTWIT_120821_0,C:\Users\Eric\Documents\cig-ads-image\data\images\BLUTWIT_120821_0.png,Ad images for Yiqun/Blu/Blu Twitter/Twitter 20211/BluTwit_120821_0.png,BluTwit_120821_0,2021,1,0,0,0,0,0,0,0,0,0,0,0,0,0,0,0,1
BLUTWIT_120822_0,C:\Users\Eric\Documents\cig-ads-image\data\images\BLUTWIT_120822_0.png,Ad images for Yiqun/Blu/Blu Twitter/Twitter 2022/BluTwit_120822_0.png,BluTwit_120822_0,2022,1,0,0,0,0,0,0,0,0,0,0,0,0,0,0,0,1
BLUTWIT_120921_0,C:\Users\Eric\Documents\cig-ads-image\data\images\BLUTWIT_120921_0.png,Ad images for Yiqun/Blu/Blu Twitter/Twitter 20211/BluTwit_120921_0.png,BluTwit_120921_0,2021,1,0,0,0,0,0,0,0,0,0,0,0,0,0,0,0,1
BLUTWIT_120922_0,C:\Users\Eric\Documents\cig-ads-image\data\images\BLUTWIT_120922_0.png,Ad images for Yiqun/Blu/Blu Twitter/Twitter 2022/BluTwit_120922_0.png,BluTwit_120922_0,2022,1,0,0,0,0,0,0,0,0,0,0,0,0,0,0,0,1
BLUTWIT_121021_0,C:\Users\Eric\Documents\cig-ads-image\data\images\BLUTWIT_121021_0.png,Ad images for Yiqun/Blu/Blu Twitter/Twitter 20211/BluTwit_121021_0.png,BluTwit_121021_0,2021,1,0,0,0,0,0,0,0,0,0,0,0,0,0,0,0,1
BLUTWIT_121022_0,C:\Users\Eric\Documents\cig-ads-image\data\images\BLUTWIT_121022_0.png,Ad images for Yiqun/Blu/Blu Twitter/Twitter 2022/BluTwit_121022_0.png,BluTwit_121022_0,2022,1,0,0,0,0,0,0,0,0,0,0,0,0,0,0,0,1
BLUTWIT_121221_0,C:\Users\Eric\Documents\cig-ads-image\data\images\BLUTWIT_121221_0.png,Ad images for Yiqun/Blu/Blu Twitter/Twitter 20211/BluTwit_121221_0.png,BluTwit_121221_0,2021,1,0,0,0,0,0,0,0,0,0,0,0,0,0,0,0,1
BLUTWIT_121322_0,C:\Users\Eric\Documents\cig-ads-image\data\images\BLUTWIT_121322_0.png,Ad images for Yiqun/Blu/Blu Twitter/Twitter 2022/BluTwit_121322_0.png,BluTwit_121322_0,2022,1,0,0,0,0,0,0,0,0,0,0,0,0,0,0,0,1
BLUTWIT_121421_0,C:\Users\Eric\Documents\cig-ads-image\data\images\BLUTWIT_121421_0.png,Ad images for Yiqun/Blu/Blu Twitter/Twitter 20211/BluTwit_121421_0.png,BluTwit_121421_0,2021,1,0,0,0,0,0,0,0,0,0,0,0,0,0,0,0,1
BLUTWIT_121422_0,C:\Users\Eric\Documents\cig-ads-image\data\images\BLUTWIT_121422_0.png,Ad images for Yiqun/Blu/Blu Twitter/Twitter 2022/BluTwit_121422_0.png,BluTwit_121422_0,2022,1,0,1,0,0,0,0,0,0,0,0,0,0,0,0,0,1
BLUTWIT_121521_0,C:\Users\Eric\Documents\cig-ads-image\data\images\BLUTWIT_121521_0.png,Ad images for Yiqun/Blu/Blu Twitter/Twitter 20211/BluTwit_121521_0.png,BluTwit_121521_0,2021,1,0,0,0,0,0,0,0,0,0,0,0,0,0,0,0,1
BLUTWIT_121621_0,C:\Users\Eric\Documents\cig-ads-image\data\images\BLUTWIT_121621_0.png,Ad images for Yiqun/Blu/Blu Twitter/Twitter 20211/BluTwit_121621_0.png,BluTwit_121621_0,2021,1,0,0,0,0,0,0,0,0,0,0,0,0,1,0,0,1
BLUTWIT_121622_0,C:\Users\Eric\Documents\cig-ads-image\data\images\BLUTWIT_121622_0.png,Ad images for Yiqun/Blu/Blu Twitter/Twitter 2022/BluTwit_121622_0.png,BluTwit_121622_0,2022,1,0,0,0,0,0,0,0,0,0,0,0,0,0,0,0,1
BLUTWIT_121721_0,C:\Users\Eric\Documents\cig-ads-image\data\images\BLUTWIT_121721_0.png,Ad images for Yiqun/Blu/Blu Twitter/Twitter 20211/BluTwit_121721_0.png,BluTwit_121721_0,2021,1,0,0,1,0,0,0,0,0,0,0,0,0,0,0,0,1
BLUTWIT_121722_0,C:\Users\Eric\Documents\cig-ads-image\data\images\BLUTWIT_121722_0.png,Ad images for Yiqun/Blu/Blu Twitter/Twitter 2022/BluTwit_121722_0.png,BluTwit_121722_0,2022,1,0,0,0,0,0,0,0,0,0,0,0,0,0,0,0,1
BLUTWIT_121821_0,C:\Users\Eric\Documents\cig-ads-image\data\images\BLUTWIT_121821_0.png,Ad images for Yiqun/Blu/Blu Twitter/Twitter 20211/BluTwit_121821_0.png,BluTwit_121821_0,2021,1,0,0,0,0,0,0,0,0,0,0,0,0,0,0,0,1
BLUTWIT_121921_0,C:\Users\Eric\Documents\cig-ads-image\data\images\BLUTWIT_121921_0.png,Ad images for Yiqun/Blu/Blu Twitter/Twitter 20211/BluTwit_121921_0.png,BluTwit_121921_0,2021,1,0,0,0,0,0,0,0,0,0,0,0,0,0,0,0,1
BLUTWIT_122021_0,C:\Users\Eric\Documents\cig-ads-image\data\images\BLUTWIT_122021_0.png,Ad images for Yiqun/Blu/Blu Twitter/Twitter 20211/BluTwit_122021_0.png,BluTwit_122021_0,2021,1,0,0,0,0,0,0,0,0,0,0,0,0,0,0,0,1
BLUTWIT_122022_0,C:\Users\Eric\Documents\cig-ads-image\data\images\BLUTWIT_122022_0.png,Ad images for Yiqun/Blu/Blu Twitter/Twitter 2022/BluTwit_122022_0.png,BluTwit_122022_0,2022,1,0,0,0,0,0,0,0,0,0,0,0,0,0,0,0,1
BLUTWIT_122121_0,C:\Users\Eric\Documents\cig-ads-image\data\images\BLUTWIT_122121_0.png,Ad images for Yiqun/Blu/Blu Twitter/Twitter 20211/BluTwit_122121_0.png,BluTwit_122121_0,2021,1,0,0,0,0,0,0,0,0,0,0,0,0,0,0,0,1
BLUTWIT_122122_0,C:\Users\Eric\Documents\cig-ads-image\data\images\BLUTWIT_122122_0.png,Ad images for Yiqun/Blu/Blu Twitter/Twitter 2022/BluTwit_122122_0.png,BluTwit_122122_0,2022,1,0,0,0,0,0,0,0,0,0,0,0,0,0,0,0,1
BLUTWIT_122221_0,C:\Users\Eric\Documents\cig-ads-image\data\images\BLUTWIT_122221_0.png,Ad images for Yiqun/Blu/Blu Twitter/Twitter 20211/BluTwit_122221_0.png,BluTwit_122221_0,2021,1,0,1,0,0,0,0,0,0,0,0,0,0,0,0,0,1
BLUTWIT_122222_0,C:\Users\Eric\Documents\cig-ads-image\data\images\BLUTWIT_122222_0.png,Ad images for Yiqun/Blu/Blu Twitter/Twitter 2022/BluTwit_122222_0.png,BluTwit_122222_0,2022,1,0,0,0,0,0,1,0,0,0,0,0,0,0,0,0,1
BLUTWIT_122321_0,C:\Users\Eric\Documents\cig-ads-image\data\images\BLUTWIT_122321_0.png,Ad images for Yiqun/Blu/Blu Twitter/Twitter 20211/BluTwit_122321_0.png,BluTwit_122321_0,2021,1,0,0,0,0,0,0,0,0,0,0,0,0,0,0,0,1
BLUTWIT_122322_0,C:\Users\Eric\Documents\cig-ads-image\data\images\BLUTWIT_122322_0.png,Ad images for Yiqun/Blu/Blu Twitter/Twitter 2022/BluTwit_122322_0.png,BluTwit_122322_0,2022,1,0,0,0,0,0,0,0,0,0,0,0,0,0,0,0,1
BLUTWIT_122421_0,C:\Users\Eric\Documents\cig-ads-image\data\images\BLUTWIT_122421_0.png,Ad images for Yiqun/Blu/Blu Twitter/Twitter 20211/BluTwit_122421_0.png,BluTwit_122421_0,2021,1,0,0,0,0,0,0,0,0,0,0,0,0,0,0,0,1
BLUTWIT_122422_0,C:\Users\Eric\Documents\cig-ads-image\data\images\BLUTWIT_122422_0.png,Ad images for Yiqun/Blu/Blu Twitter/Twitter 2022/BluTwit_122422_0.png,BluTwit_122422_0,2022,1,0,0,0,0,0,0,0,0,0,0,0,0,0,0,0,1
BLUTWIT_122621_0,C:\Users\Eric\Documents\cig-ads-image\data\images\BLUTWIT_122621_0.png,Ad images for Yiqun/Blu/Blu Twitter/Twitter 20211/BluTwit_122621_0.png,BluTwit_122621_0,2021,1,0,0,0,0,0,0,0,0,0,0,0,0,0,0,0,1
BLUTWIT_122722_0,C:\Users\Eric\Documents\cig-ads-image\data\images\BLUTWIT_122722_0.png,Ad images for Yiqun/Blu/Blu Twitter/Twitter 2022/BluTwit_122722_0.png,BluTwit_122722_0,2022,1,0,0,0,0,0,0,0,0,0,0,0,0,0,0,0,1
BLUTWIT_122821_0,C:\Users\Eric\Documents\cig-ads-image\data\images\BLUTWIT_122821_0.png,Ad images for Yiqun/Blu/Blu Twitter/Twitter 20211/BluTwit_122821_0.png,BluTwit_122821_0,2021,1,0,0,0,0,0,0,0,0,0,0,0,0,0,0,0,1
BLUTWIT_122822_0,C:\Users\Eric\Documents\cig-ads-image\data\images\BLUTWIT_122822_0.png,Ad images for Yiqun/Blu/Blu Twitter/Twitter 2022/BluTwit_122822_0.png,BluTwit_122822_0,2022,1,0,0,0,0,1,0,0,0,0,0,0,0,0,0,0,1
BLUTWIT_122921_0,C:\Users\Eric\Documents\cig-ads-image\data\images\BLUTWIT_122921_0.png,Ad images for Yiqun/Blu/Blu Twitter/Twitter 20211/BluTwit_122921_0.png,BluTwit_122921_0,2021,1,0,0,0,0,0,0,0,0,0,0,0,0,0,0,0,1
BLUTWIT_122922_0,C:\Users\Eric\Documents\cig-ads-image\data\images\BLUTWIT_122922_0.png,Ad images for Yiqun/Blu/Blu Twitter/Twitter 2022/BluTwit_122922_0.png,BluTwit_122922_0,2022,1,0,0,0,0,0,0,0,0,0,0,0,0,0,0,0,1
BLUTWIT_123021_0,C:\Users\Eric\Documents\cig-ads-image\data\images\BLUTWIT_123021_0.png,Ad images for Yiqun/Blu/Blu Twitter/Twitter 20211/BluTwit_123021_0.png,BluTwit_123021_0,2021,1,0,0,0,0,0,0,0,0,0,0,0,0,0,0,0,1
BLUTWIT_123022_0,C:\Users\Eric\Documents\cig-ads-image\data\images\BLUTWIT_123022_0.png,Ad images for Yiqun/Blu/Blu Twitter/Twitter 2022/BluTwit_123022_0.png,BluTwit_123022_0,2022,1,0,0,0,0,0,0,0,0,0,0,0,0,0,0,0,1
BLUTWIT_123121_0,C:\Users\Eric\Documents\cig-ads-image\data\images\BLUTWIT_123121_0.png,Ad images for Yiqun/Blu/Blu Twitter/Twitter 20211/BluTwit_123121_0.png,BluTwit_123121_0,2021,1,1,0,0,0,0,0,0,0,0,0,0,0,0,0,0,1
BLUTWIT_123122_0,C:\Users\Eric\Documents\cig-ads-image\data\images\BLUTWIT_123122_0.png,Ad images for Yiqun/Blu/Blu Twitter/Twitter 2022/BluTwit_123122_0.png,BluTwit_123122_0,2022,1,0,0,0,0,0,0,0,0,0,0,0,0,0,0,0,1
CMLCMAG22_001,C:\Users\Eric\Documents\cig-ads-image\data\images\CMLCMAG22_001.jpeg,Ad images for Yiqun/Trinkets and Trash Image Files/Cig/2022/Camel/Magazine/CMLcmag22_001.jpeg,CMLcmag22_001,2022,0,0,0,0,0,0,0,0,0,0,0,0,0,0,0,0,0
CMLCMAG22_002,C:\Users\Eric\Documents\cig-ads-image\data\images\CMLCMAG22_002.jpeg,Ad images for Yiqun/Trinkets and Trash Image Files/Cig/2022/Camel/Magazine/CMLcmag22_002.jpeg,CMLcmag22_002,2022,0,0,0,0,0,0,0,0,0,0,0,0,0,0,0,0,0
CMLEMAIL21_001,C:\Users\Eric\Documents\cig-ads-image\data\images\CMLEMAIL21_001.jpeg,Ad images for Yiqun/Trinkets and Trash Image Files/Cig/2021/Camel/Email/CMLemail21_001.jpeg,CMLemail21_001,2021,0,0,0,0,1,0,0,0,0,0,1,0,0,0,0,0,0
CMLEMAIL21_002,C:\Users\Eric\Documents\cig-ads-image\data\images\CMLEMAIL21_002.jpeg,Ad images for Yiqun/Trinkets and Trash Image Files/Cig/2021/Camel/Email/CMLemail21_002.jpeg,CMLemail21_002,2021,0,0,0,0,1,0,0,0,0,0,1,0,0,0,0,0,0
CMLEMAIL21_003,C:\Users\Eric\Documents\cig-ads-image\data\images\CMLEMAIL21_003.jpeg,Ad images for Yiqun/Trinkets and Trash Image Files/Cig/2021/Camel/Email/CMLemail21_003.jpeg,CMLemail21_003,2021,0,0,0,0,1,0,0,0,0,0,1,0,0,0,0,0,0
CMLEMAIL21_004,C:\Users\Eric\Documents\cig-ads-image\data\images\CMLEMAIL21_004.jpeg,Ad images for Yiqun/Trinkets and Trash Image Files/Cig/2021/Camel/Email/CMLemail21_004.jpeg,CMLemail21_004,2021,0,0,0,0,0,0,0,0,0,0,0,0,0,0,0,0,0
CMLEMAIL21_005,C:\Users\Eric\Documents\cig-ads-image\data\images\CMLEMAIL21_005.jpeg,Ad images for Yiqun/Trinkets and Trash Image Files/Cig/2021/Camel/Email/CMLemail21_005.jpeg,CMLemail21_005,2021,0,0,0,0,1,0,0,0,0,0,1,0,0,0,0,0,0
CMLEMAIL21_006,C:\Users\Eric\Documents\cig-ads-image\data\images\CMLEMAIL21_006.jpeg,Ad images for Yiqun/Trinkets and Trash Image Files/Cig/2021/Camel/Email/CMLemail21_006.jpeg,CMLemail21_006,2021,0,1,0,0,0,0,0,0,1,0,0,0,0,0,0,0,0
CMLEMAIL21_007,C:\Users\Eric\Documents\cig-ads-image\data\images\CMLEMAIL21_007.jpeg,Ad images for Yiqun/Trinkets and Trash Image Files/Cig/2021/Camel/Email/CMLemail21_007.jpeg,CMLemail21_007,2021,0,0,0,0,0,0,0,0,0,0,0,0,0,0,0,0,0
CMLEMAIL21_008,C:\Users\Eric\Documents\cig-ads-image\data\images\CMLEMAIL21_008.jpeg,Ad images for Yiqun/Trinkets and Trash Image Files/Cig/2021/Camel/Email/CMLemail21_008.jpeg,CMLemail21_008,2021,0,1,0,0,0,0,0,0,1,0,0,0,0,0,0,0,1
CMLEMAIL21_009,C:\Users\Eric\Documents\cig-ads-image\data\images\CMLEMAIL21_009.jpeg,Ad images for Yiqun/Trinkets and Trash Image Files/Cig/2021/Camel/Email/CMLemail21_009.jpeg,CMLemail21_009,2021,0,0,0,0,1,0,0,0,0,1,0,0,0,0,0,0,0
CMLEMAIL21_010,C:\Users\Eric\Documents\cig-ads-image\data\images\CMLEMAIL21_010.jpeg,Ad images for Yiqun/Trinkets and Trash Image Files/Cig/2021/Camel/Email/CMLemail21_010.jpeg,CMLemail21_010,2021,0,0,0,0,0,0,0,0,0,0,0,0,0,0,0,0,0
CMLEMAIL21_011,C:\Users\Eric\Documents\cig-ads-image\data\images\CMLEMAIL21_011.jpeg,Ad images for Yiqun/Trinkets and Trash Image Files/Cig/2021/Camel/Email/CMLemail21_011.jpeg,CMLemail21_011,2021,0,1,0,0,0,0,0,0,0,0,0,0,0,0,0,0,0
CMLEMAIL21_012,C:\Users\Eric\Documents\cig-ads-image\data\images\CMLEMAIL21_012.jpeg,Ad images for Yiqun/Trinkets and Trash Image Files/Cig/2021/Camel/Email/CMLemail21_012.jpeg,CMLemail21_012,2021,0,1,0,0,0,0,0,0,0,0,0,0,0,0,0,0,0
HESTIAFACE_010322_0,C:\Users\Eric\Documents\cig-ads-image\data\images\HESTIAFACE_010322_0.png,Ad images for Yiqun/Hestia/Hestia Facebook/Hestia Facebook 2022/HestiaFace_010322_0.png,HestiaFace_010322_0,2022,0,1,0,0,0,0,0,0,0,0,0,0,0,0,0,0,0
HESTIAFACE_010322_1,C:\Users\Eric\Documents\cig-ads-image\data\images\HESTIAFACE_010322_1.png,Ad images for Yiqun/Hestia/Hestia Facebook/Hestia Facebook 2022/HestiaFace_010322_1.png,HestiaFace_010322_1,2022,0,0,0,0,0,0,0,0,0,0,0,0,0,0,0,0,0
HESTIAFACE_010322_2,C:\Users\Eric\Documents\cig-ads-image\data\images\HESTIAFACE_010322_2.png,Ad images for Yiqun/Hestia/Hestia Facebook/Hestia Facebook 2022/HestiaFace_010322_2.png,HestiaFace_010322_2,2022,0,0,0,0,0,0,0,0,0,0,0,0,0,0,0,0,0
HESTIAFACE_010322_3,C:\Users\Eric\Documents\cig-ads-image\data\images\HESTIAFACE_010322_3.png,Ad images for Yiqun/Hestia/Hestia Facebook/Hestia Facebook 2022/HestiaFace_010322_3.png,HestiaFace_010322_3,2022,0,0,0,0,0,0,0,0,0,0,0,0,0,0,0,0,0
HESTIAFACE_010322_4,C:\Users\Eric\Documents\cig-ads-image\data\images\HESTIAFACE_010322_4.png,Ad images for Yiqun/Hestia/Hestia Facebook/Hestia Facebook 2022/HestiaFace_010322_4.png,HestiaFace_010322_4,2022,0,0,0,0,0,0,0,0,0,0,0,0,0,0,0,0,0
HESTIAFACE_010522_0,C:\Users\Eric\Documents\cig-ads-image\data\images\HESTIAFACE_010522_0.png,Ad images for Yiqun/Hestia/Hestia Facebook/Hestia Facebook 2022/HestiaFace_010522_0.png,HestiaFace_010522_0,2022,0,1,0,0,0,0,0,0,0,0,0,0,0,0,0,0,0
HESTIAFACE_011024_0,C:\Users\Eric\Documents\cig-ads-image\data\images\HESTIAFACE_011024_0.png,Ad images for Yiqun/Hestia/Hestia Facebook/Hestia Facebook 2023/HestiaFace_011024_0.png,HestiaFace_011024_0,2023,0,0,0,0,0,0,0,0,0,0,0,0,0,0,0,0,0
HESTIAFACE_020322_0,C:\Users\Eric\Documents\cig-ads-image\data\images\HESTIAFACE_020322_0.png,Ad images for Yiqun/Hestia/Hestia Facebook/Hestia Facebook 2022/HestiaFace_020322_0.png,HestiaFace_020322_0,2022,0,1,0,0,0,0,0,0,0,0,0,0,0,0,0,0,0
HESTIAFACE_021322_0,C:\Users\Eric\Documents\cig-ads-image\data\images\HESTIAFACE_021322_0.png,Ad images for Yiqun/Hestia/Hestia Facebook/Hestia Facebook 2022/HestiaFace_021322_0.png,HestiaFace_021322_0,2022,0,0,0,0,0,0,0,0,1,0,0,0,0,0,0,0,0
HESTIAFACE_021622_0,C:\Users\Eric\Documents\cig-ads-image\data\images\HESTIAFACE_021622_0.png,Ad images for Yiqun/Hestia/Hestia Facebook/Hestia Facebook 2022/HestiaFace_021622_0.png,HestiaFace_021622_0,2022,0,1,0,0,0,0,0,0,0,0,0,0,0,0,0,0,0
HESTIAFACE_022522_0,C:\Users\Eric\Documents\cig-ads-image\data\images\HESTIAFACE_022522_0.png,Ad images for Yiqun/Hestia/Hestia Facebook/Hestia Facebook 2022/HestiaFace_022522_0.png,HestiaFace_022522_0,2022,0,0,1,0,0,0,0,0,0,0,0,0,0,0,0,0,0
HESTIAFACE_030422_0,C:\Users\Eric\Documents\cig-ads-image\data\images\HESTIAFACE_030422_0.png,Ad images for Yiqun/Hestia/Hestia Facebook/Hestia Facebook 2022/HestiaFace_030422_0.png,HestiaFace_030422_0,2022,0,0,0,0,0,1,0,0,0,0,0,0,0,0,0,0,0
HESTIAFACE_030722_0,C:\Users\Eric\Documents\cig-ads-image\data\images\HESTIAFACE_030722_0.png,Ad images for Yiqun/Hestia/Hestia Facebook/Hestia Facebook 2022/HestiaFace_030722_0.png,HestiaFace_030722_0,2022,0,0,0,0,0,0,0,1,0,0,0,0,0,0,0,0,0
HESTIAFACE_032922_0,C:\Users\Eric\Documents\cig-ads-image\data\images\HESTIAFACE_032922_0.png,Ad images for Yiqun/Hestia/Hestia Facebook/Hestia Facebook 2022/HestiaFace_032922_0.png,HestiaFace_032922_0,2022,0,0,0,0,0,0,0,0,0,0,0,0,0,0,0,0,0
HESTIAFACE_040122_0,C:\Users\Eric\Documents\cig-ads-image\data\images\HESTIAFACE_040122_0.png,Ad images for Yiqun/Hestia/Hestia Facebook/Hestia Facebook 2022/HestiaFace_040122_0.png,HestiaFace_040122_0,2022,0,1,0,0,0,0,0,0,0,0,0,0,0,0,0,0,0
HESTIAFACE_040422_0,C:\Users\Eric\Documents\cig-ads-image\data\images\HESTIAFACE_040422_0.png,Ad images for Yiqun/Hestia/Hestia Facebook/Hestia Facebook 2022/HestiaFace_040422_0.png,HestiaFace_040422_0,2021,0,0,0,0,0,0,1,0,0,0,0,0,0,0,0,0,0
HESTIAFACE_040422_1,C:\Users\Eric\Documents\cig-ads-image\data\images\HESTIAFACE_040422_1.png,Ad images for Yiqun/Hestia/Hestia Facebook/Hestia Facebook 2022/HestiaFace_040422_1.png,HestiaFace_040422_1,2022,0,0,0,0,0,0,0,0,0,0,0,0,0,0,0,0,0
HESTIAFACE_040922_0,C:\Users\Eric\Documents\cig-ads-image\data\images\HESTIAFACE_040922_0.png,Ad images for Yiqun/Hestia/Hestia Facebook/Hestia Facebook 2022/HestiaFace_040922_0.png,HestiaFace_040922_0,2022,0,0,0,0,0,0,1,0,0,0,0,0,0,0,0,0,0
HESTIAFACE_041423_0,C:\Users\Eric\Documents\cig-ads-image\data\images\HESTIAFACE_041423_0.png,Ad images for Yiqun/Hestia/Hestia Facebook/Hestia Facebook 2023/HestiaFace_041423_0.png,HestiaFace_041423_0,2023,0,0,0,0,0,0,0,0,0,0,0,0,0,0,0,0,0
HESTIAFACE_041822_0,C:\Users\Eric\Documents\cig-ads-image\data\images\HESTIAFACE_041822_0.png,Ad images for Yiqun/Hestia/Hestia Facebook/Hestia Facebook 2022/HestiaFace_041822_0.png,HestiaFace_041822_0,2022,0,0,0,0,0,0,0,0,0,0,0,0,0,0,0,0,0
HESTIAFACE_042223_0,C:\Users\Eric\Documents\cig-ads-image\data\images\HESTIAFACE_042223_0.png,Ad images for Yiqun/Hestia/Hestia Facebook/Hestia Facebook 2023/HestiaFace_042223_0.png,HestiaFace_042223_0,2023,0,0,0,0,0,0,0,0,0,0,1,1,0,0,0,0,0
HESTIAFACE_050922_0,C:\Users\Eric\Documents\cig-ads-image\data\images\HESTIAFACE_050922_0.png,Ad images for Yiqun/Hestia/Hestia Facebook/Hestia Facebook 2022/HestiaFace_050922_0.png,HestiaFace_050922_0,2022,0,0,0,0,0,1,0,0,1,0,0,0,0,0,0,0,0
HESTIAFACE_062222_0,C:\Users\Eric\Documents\cig-ads-image\data\images\HESTIAFACE_062222_0.png,Ad images for Yiqun/Hestia/Hestia Facebook/Hestia Facebook 2022/HestiaFace_062222_0.png,HestiaFace_062222_0,2022,0,0,0,0,0,0,0,0,0,0,0,0,0,0,0,0,0
HESTIAFACE_092723_0,C:\Users\Eric\Documents\cig-ads-image\data\images\HESTIAFACE_092723_0.png,Ad images for Yiqun/Hestia/Hestia Facebook/Hestia Facebook 2023/HestiaFace_092723_0.png,HestiaFace_092723_0,2023,0,0,0,0,0,0,1,0,0,0,0,1,0,0,0,0,0
HESTIAFACE_100123_0,C:\Users\Eric\Documents\cig-ads-image\data\images\HESTIAFACE_100123_0.png,Ad images for Yiqun/Hestia/Hestia Facebook/Hestia Facebook 2023/HestiaFace_100123_0.png,HestiaFace_100123_0,2023,0,1,0,0,0,0,0,0,0,0,0,0,0,0,0,0,0
HESTIAFACE_100223_0,C:\Users\Eric\Documents\cig-ads-image\data\images\HESTIAFACE_100223_0.png,Ad images for Yiqun/Hestia/Hestia Facebook/Hestia Facebook 2023/HestiaFace_100223_0.png,HestiaFace_100223_0,2023,0,0,0,0,1,0,0,0,0,0,1,0,0,0,0,0,0
HESTIAFACE_100323_0,C:\Users\Eric\Documents\cig-ads-image\data\images\HESTIAFACE_100323_0.png,Ad images for Yiqun/Hestia/Hestia Facebook/Hestia Facebook 2023/HestiaFace_100323_0.png,HestiaFace_100323_0,2023,0,0,0,0,0,0,0,0,0,0,0,0,0,0,0,0,0
HESTIAFACE_100323_1,C:\Users\Eric\Documents\cig-ads-image\data\images\HESTIAFACE_100323_1.png,Ad images for Yiqun/Hestia/Hestia Facebook/Hestia Facebook 2023/HestiaFace_100323_1.png,HestiaFace_100323_1,2023,0,0,0,0,0,1,0,0,0,0,1,0,0,0,0,0,0
HESTIAFACE_100423_0,C:\Users\Eric\Documents\cig-ads-image\data\images\HESTIAFACE_100423_0.png,Ad images for Yiqun/Hestia/Hestia Facebook/Hestia Facebook 2023/HestiaFace_100423_0.png,HestiaFace_100423_0,2023,0,0,0,0,0,0,0,0,0,0,0,0,0,0,1,0,0
HESTIAFACE_100523_0,C:\Users\Eric\Documents\cig-ads-image\data\images\HESTIAFACE_100523_0.png,Ad images for Yiqun/Hestia/Hestia Facebook/Hestia Facebook 2023/HestiaFace_100523_0.png,HestiaFace_100523_0,2023,0,0,0,0,1,0,0,0,0,0,0,0,0,0,0,0,0
HESTIAFACE_100923_0,C:\Users\Eric\Documents\cig-ads-image\data\images\HESTIAFACE_100923_0.png,Ad images for Yiqun/Hestia/Hestia Facebook/Hestia Facebook 2023/HestiaFace_100923_0.png,HestiaFace_100923_0,2023,0,0,0,0,0,1,1,0,0,0,0,0,0,0,0,0,0
HESTIAFACE_102723_0,C:\Users\Eric\Documents\cig-ads-image\data\images\HESTIAFACE_102723_0.png,Ad images for Yiqun/Hestia/Hestia Facebook/Hestia Facebook 2023/HestiaFace_102723_0.png,HestiaFace_102723_0,2023,0,1,0,0,0,0,0,0,0,0,0,0,0,0,0,0,0
HESTIAFACE_103023_0,C:\Users\Eric\Documents\cig-ads-image\data\images\HESTIAFACE_103023_0.png,Ad images for Yiqun/Hestia/Hestia Facebook/Hestia Facebook 2023/HestiaFace_103023_0.png,HestiaFace_103023_0,2023,0,0,0,0,0,1,0,0,0,0,0,0,0,0,0,0,0
HESTIAFACE_103023_1,C:\Users\Eric\Documents\cig-ads-image\data\images\HESTIAFACE_103023_1.png,Ad images for Yiqun/Hestia/Hestia Facebook/Hestia Facebook 2023/HestiaFace_103023_1.png,HestiaFace_103023_1,2023,0,0,0,0,0,1,0,1,0,0,0,0,0,0,0,0,0
HESTIAFACE_103023_2,C:\Users\Eric\Documents\cig-ads-image\data\images\HESTIAFACE_103023_2.png,Ad images for Yiqun/Hestia/Hestia Facebook/Hestia Facebook 2023/HestiaFace_103023_2.png,HestiaFace_103023_2,2023,0,0,0,0,0,1,0,1,0,0,0,0,0,0,0,0,0
HESTIAFACE_103023_3,C:\Users\Eric\Documents\cig-ads-image\data\images\HESTIAFACE_103023_3.png,Ad images for Yiqun/Hestia/Hestia Facebook/Hestia Facebook 2023/HestiaFace_103023_3.png,HestiaFace_103023_3,2023,0,0,0,0,0,1,0,0,0,0,0,0,0,0,0,0,0
HESTIAFACE_103023_4,C:\Users\Eric\Documents\cig-ads-image\data\images\HESTIAFACE_103023_4.png,Ad images for Yiqun/Hestia/Hestia Facebook/Hestia Facebook 2023/HestiaFace_103023_4.png,HestiaFace_103023_4,2023,0,0,0,0,0,1,0,0,0,0,0,0,0,0,0,0,0
HESTIAFACE_103023_5,C:\Users\Eric\Documents\cig-ads-image\data\images\HESTIAFACE_103023_5.png,Ad images for Yiqun/Hestia/Hestia Facebook/Hestia Facebook 2023/HestiaFace_103023_5.png,HestiaFace_103023_5,2023,0,0,0,0,0,0,0,1,0,0,0,0,0,0,0,0,0
HESTIAFACE_103023_6,C:\Users\Eric\Documents\cig-ads-image\data\images\HESTIAFACE_103023_6.png,Ad images for Yiqun/Hestia/Hestia Facebook/Hestia Facebook 2023/HestiaFace_103023_6.png,HestiaFace_103023_6,2023,0,1,0,0,0,1,0,0,0,0,0,0,0,1,0,0,0
HESTIAFACE_110722_0,C:\Users\Eric\Documents\cig-ads-image\data\images\HESTIAFACE_110722_0.png,Ad images for Yiqun/Hestia/Hestia Facebook/Hestia Facebook 2022/HestiaFace_110722_0.png,HestiaFace_110722_0,2022,0,0,0,0,0,0,1,0,0,0,0,0,0,0,0,0,0
HESTIAFACE_111223_0,C:\Users\Eric\Documents\cig-ads-image\data\images\HESTIAFACE_111223_0.png,Ad images for Yiqun/Hestia/Hestia Facebook/Hestia Facebook 2023/HestiaFace_111223_0.png,HestiaFace_111223_0,2023,0,0,0,0,0,0,0,0,0,0,0,0,0,1,0,0,0
HESTIAFACE_111223_1,C:\Users\Eric\Documents\cig-ads-image\data\images\HESTIAFACE_111223_1.png,Ad images for Yiqun/Hestia/Hestia Facebook/Hestia Facebook 2023/HestiaFace_111223_1.png,HestiaFace_111223_1,2023,0,0,0,0,1,0,0,0,0,0,0,0,0,1,0,0,0
HESTIAFACE_111623_0,C:\Users\Eric\Documents\cig-ads-image\data\images\HESTIAFACE_111623_0.png,Ad images for Yiqun/Hestia/Hestia Facebook/Hestia Facebook 2023/HestiaFace_111623_0.png,HestiaFace_111623_0,2023,0,1,0,0,1,0,0,0,0,0,0,0,0,0,0,0,0
HESTIAFACE_112023_0,C:\Users\Eric\Documents\cig-ads-image\data\images\HESTIAFACE_112023_0.png,Ad images for Yiqun/Hestia/Hestia Facebook/Hestia Facebook 2023/HestiaFace_112023_0.png,HestiaFace_112023_0,2023,0,0,0,0,1,0,0,1,0,0,0,0,0,0,0,0,0
HESTIAFACE_112323_0,C:\Users\Eric\Documents\cig-ads-image\data\images\HESTIAFACE_112323_0.png,Ad images for Yiqun/Hestia/Hestia Facebook/Hestia Facebook 2023/HestiaFace_112323_0.png,HestiaFace_112323_0,2023,0,0,0,0,0,0,0,0,0,0,0,0,0,1,0,0,0
HESTIAFACE_120123_0,C:\Users\Eric\Documents\cig-ads-image\data\images\HESTIAFACE_120123_0.png,Ad images for Yiqun/Hestia/Hestia Facebook/Hestia Facebook 2023/HestiaFace_120123_0.png,HestiaFace_120123_0,2023,0,0,0,0,0,1,0,0,0,0,1,0,0,0,0,0,0
HESTIAFACE_120923_0,C:\Users\Eric\Documents\cig-ads-image\data\images\HESTIAFACE_120923_0.png,Ad images for Yiqun/Hestia/Hestia Facebook/Hestia Facebook 2023/HestiaFace_120923_0​.png,HestiaFace_120923_0,2023,0,0,0,0,0,0,0,0,0,0,0,0,0,1,0,0,0
HESTIAFACE_122023_0,C:\Users\Eric\Documents\cig-ads-image\data\images\HESTIAFACE_122023_0.png,Ad images for Yiqun/Hestia/Hestia Facebook/Hestia Facebook 2023/HestiaFace_122023_0​.png,HestiaFace_122023_0,2023,0,1,0,0,0,0,1,0,0,0,0,0,0,1,0,0,0
HESTIAFACE_122223_0,C:\Users\Eric\Documents\cig-ads-image\data\images\HESTIAFACE_122223_0.png,Ad images for Yiqun/Hestia/Hestia Facebook/Hestia Facebook 2023/HestiaFace_122223_0​.png,HestiaFace_122223_0,2023,0,0,0,0,0,1,1,0,0,0,0,0,0,0,1,0,0
HESTIAFACE_122723_0,C:\Users\Eric\Documents\cig-ads-image\data\images\HESTIAFACE_122723_0.png,Ad images for Yiqun/Hestia/Hestia Facebook/Hestia Facebook 2023/HestiaFace_122723_0​.png,HestiaFace_122723_0,2023,0,1,0,0,0,0,0,0,0,0,0,0,0,0,0,0,0
HESTIAINSTA_010223_0,C:\Users\Eric\Documents\cig-ads-image\data\images\HESTIAINSTA_010223_0.png,Ad images for Yiqun/Hestia/Hestia Instagram/Hestia Instagram 2023/HestiaInsta_010223_0.png,HestiaInsta_010223_0,2023,0,0,0,0,0,0,0,0,0,0,1,1,0,1,0,0,0
HESTIAINSTA_010522_0,C:\Users\Eric\Documents\cig-ads-image\data\images\HESTIAINSTA_010522_0.png,Ad images for Yiqun/Hestia/Hestia Instagram/Hestia Instagram 2022/HestiaInsta_010522_0.png,HestiaInsta_010522_0,2022,0,1,0,0,0,0,0,0,0,0,0,0,0,0,0,0,0
HESTIAINSTA_010523_0,C:\Users\Eric\Documents\cig-ads-image\data\images\HESTIAINSTA_010523_0.png,Ad images for Yiqun/Hestia/Hestia Instagram/Hestia Instagram 2023/HestiaInsta_010523_0.png,HestiaInsta_010523_0,2023,0,0,0,0,0,0,0,0,0,0,0,0,0,0,0,0,0
HESTIAINSTA_010622_0,C:\Users\Eric\Documents\cig-ads-image\data\images\HESTIAINSTA_010622_0.png,Ad images for Yiqun/Hestia/Hestia Instagram/Hestia Instagram 2022/HestiaInsta_010622_0.png,HestiaInsta_010622_0,2022,0,1,0,0,0,0,0,0,0,0,0,0,0,0,0,0,0
HESTIAINSTA_010623_0,C:\Users\Eric\Documents\cig-ads-image\data\images\HESTIAINSTA_010623_0.png,Ad images for Yiqun/Hestia/Hestia Instagram/Hestia Instagram 2023/HestiaInsta_010623_0.png,HestiaInsta_010623_0,2023,0,0,0,0,0,0,0,0,0,0,0,0,0,1,0,1,0
HESTIAINSTA_010623_1,C:\Users\Eric\Documents\cig-ads-image\data\images\HESTIAINSTA_010623_1.png,Ad images for Yiqun/Hestia/Hestia Instagram/Hestia Instagram 2023/HestiaInsta_010623_1.png,HestiaInsta_010623_1,2023,0,0,0,0,0,0,0,0,0,0,0,0,0,0,1,0,0
HESTIAINSTA_010923_0,C:\Users\Eric\Documents\cig-ads-image\data\images\HESTIAINSTA_010923_0.png,Ad images for Yiqun/Hestia/Hestia Instagram/Hestia Instagram 2023/HestiaInsta_010923_0.png,HestiaInsta_010923_0,2023,0,1,0,0,0,0,0,0,0,0,0,0,0,1,0,0,0
HESTIAINSTA_011023_0,C:\Users\Eric\Documents\cig-ads-image\data\images\HESTIAINSTA_011023_0.png,Ad images for Yiqun/Hestia/Hestia Instagram/Hestia Instagram 2023/HestiaInsta_011023_0.png,HestiaInsta_011023_0,2023,0,0,0,0,0,0,0,0,0,0,0,0,1,0,1,1,0
HESTIAINSTA_011123_0,C:\Users\Eric\Documents\cig-ads-image\data\images\HESTIAINSTA_011123_0.png,Ad images for Yiqun/Hestia/Hestia Instagram/Hestia Instagram 2023/HestiaInsta_011123_0.png,HestiaInsta_011123_0,2023,0,0,0,0,0,0,0,0,0,0,0,0,0,0,0,0,0
HESTIAINSTA_011223_0,C:\Users\Eric\Documents\cig-ads-image\data\images\HESTIAINSTA_011223_0.png,Ad images for Yiqun/Hestia/Hestia Instagram/Hestia Instagram 2023/HestiaInsta_011223_0.png,HestiaInsta_011223_0,2023,0,0,0,0,0,0,0,0,0,0,0,0,0,1,1,0,0
HESTIAINSTA_011223_1,C:\Users\Eric\Documents\cig-ads-image\data\images\HESTIAINSTA_011223_1.png,Ad images for Yiqun/Hestia/Hestia Instagram/Hestia Instagram 2023/HestiaInsta_011223_1.png,HestiaInsta_011223_1,2023,0,1,0,0,0,0,0,0,0,0,0,0,0,0,0,0,0
HESTIAINSTA_011323_0,C:\Users\Eric\Documents\cig-ads-image\data\images\HESTIAINSTA_011323_0.png,Ad images for Yiqun/Hestia/Hestia Instagram/Hestia Instagram 2023/HestiaInsta_011323_0.png,HestiaInsta_011323_0,2023,0,0,0,0,0,0,0,0,0,0,0,0,0,1,0,0,0
HESTIAINSTA_011323_1,C:\Users\Eric\Documents\cig-ads-image\data\images\HESTIAINSTA_011323_1.png,Ad images for Yiqun/Hestia/Hestia Instagram/Hestia Instagram 2023/HestiaInsta_011323_1.png,HestiaInsta_011323_1,2023,0,0,0,0,0,0,0,1,0,0,0,0,0,0,1,0,0
HESTIAINSTA_011723_0,C:\Users\Eric\Documents\cig-ads-image\data\images\HESTIAINSTA_011723_0.png,Ad images for Yiqun/Hestia/Hestia Instagram/Hestia Instagram 2023/HestiaInsta_011723_0.png,HestiaInsta_011723_0,2023,0,1,0,0,1,0,0,0,0,0,0,0,0,1,0,0,0
HESTIAINSTA_011823_0,C:\Users\Eric\Documents\cig-ads-image\data\images\HESTIAINSTA_011823_0.png,Ad images for Yiqun/Hestia/Hestia Instagram/Hestia Instagram 2023/HestiaInsta_011823_0.png,HestiaInsta_011823_0,2023,0,1,0,0,0,0,0,0,0,0,0,0,0,0,0,0,0
HESTIAINSTA_011923_0,C:\Users\Eric\Documents\cig-ads-image\data\images\HESTIAINSTA_011923_0.png,Ad images for Yiqun/Hestia/Hestia Instagram/Hestia Instagram 2023/HestiaInsta_011923_0.png,HestiaInsta_011923_0,2023,0,0,0,0,0,1,1,0,0,0,0,0,0,0,0,0,0
HESTIAINSTA_011923_1,C:\Users\Eric\Documents\cig-ads-image\data\images\HESTIAINSTA_011923_1.png,Ad images for Yiqun/Hestia/Hestia Instagram/Hestia Instagram 2023/HestiaInsta_011923_1.png,HestiaInsta_011923_1,2023,0,0,0,1,0,0,0,0,0,0,1,0,0,1,0,0,0
HESTIAINSTA_012022_0,C:\Users\Eric\Documents\cig-ads-image\data\images\HESTIAINSTA_012022_0.png,Ad images for Yiqun/Hestia/Hestia Instagram/Hestia Instagram 2022/HestiaInsta_012022_0.png,HestiaInsta_012022_0,2022,0,0,0,0,0,0,1,0,0,0,0,1,0,0,0,0,0
HESTIAINSTA_012023_0,C:\Users\Eric\Documents\cig-ads-image\data\images\HESTIAINSTA_012023_0.png,Ad images for Yiqun/Hestia/Hestia Instagram/Hestia Instagram 2023/HestiaInsta_012023_0.png,HestiaInsta_012023_0,2023,0,0,0,1,0,1,0,0,0,0,0,0,0,1,0,0,0
HESTIAINSTA_012523_0,C:\Users\Eric\Documents\cig-ads-image\data\images\HESTIAINSTA_012523_0.png,Ad images for Yiqun/Hestia/Hestia Instagram/Hestia Instagram 2023/HestiaInsta_012523_0.png,HestiaInsta_012523_0,2023,0,1,0,0,0,0,0,0,0,0,0,0,0,0,0,0,0
HESTIAINSTA_012623_0,C:\Users\Eric\Documents\cig-ads-image\data\images\HESTIAINSTA_012623_0.png,Ad images for Yiqun/Hestia/Hestia Instagram/Hestia Instagram 2023/HestiaInsta_012623_0A.png,HestiaInsta_012623_0,2023,0,0,0,0,0,0,0,0,0,0,0,0,0,0,0,0,0
HESTIAINSTA_012723_0,C:\Users\Eric\Documents\cig-ads-image\data\images\HESTIAINSTA_012723_0.png,Ad images for Yiqun/Hestia/Hestia Instagram/Hestia Instagram 2023/HestiaInsta_012723_0.png,HestiaInsta_012723_0,2023,0,0,0,0,0,0,1,0,0,0,0,0,0,0,0,0,0
HESTIAINSTA_012723_1,C:\Users\Eric\Documents\cig-ads-image\data\images\HESTIAINSTA_012723_1.png,Ad images for Yiqun/Hestia/Hestia Instagram/Hestia Instagram 2023/HestiaInsta_012723_1.png,HestiaInsta_012723_1,2023,0,0,0,0,0,0,1,0,0,0,0,0,0,0,0,1,0
HESTIAINSTA_012923_0,C:\Users\Eric\Documents\cig-ads-image\data\images\HESTIAINSTA_012923_0.png,Ad images for Yiqun/Hestia/Hestia Instagram/Hestia Instagram 2023/HestiaInsta_012923_0.png,HestiaInsta_012923_0,2023,0,0,0,0,0,0,0,0,0,0,0,0,0,1,0,0,0
HESTIAINSTA_013023_0,C:\Users\Eric\Documents\cig-ads-image\data\images\HESTIAINSTA_013023_0.png,Ad images for Yiqun/Hestia/Hestia Instagram/Hestia Instagram 2023/HestiaInsta_013023_0.png,HestiaInsta_013023_0,2023,0,0,0,0,0,0,0,0,0,0,0,0,0,0,0,0,0
HESTIAINSTA_013123_0,C:\Users\Eric\Documents\cig-ads-image\data\images\HESTIAINSTA_013123_0.png,Ad images for Yiqun/Hestia/Hestia Instagram/Hestia Instagram 2023/HestiaInsta_013123_0.png,HestiaInsta_013123_0,2023,0,0,0,0,0,0,0,0,0,0,0,0,0,1,0,0,0
HESTIAINSTA_020122_0,C:\Users\Eric\Documents\cig-ads-image\data\images\HESTIAINSTA_020122_0.png,Ad images for Yiqun/Hestia/Hestia Instagram/Hestia Instagram 2022/HestiaInsta_020122_0.png,HestiaInsta_020122_0,2022,0,0,0,0,0,1,1,0,0,0,0,0,0,0,0,0,0
HESTIAINSTA_020123_0,C:\Users\Eric\Documents\cig-ads-image\data\images\HESTIAINSTA_020123_0.png,Ad images for Yiqun/Hestia/Hestia Instagram/Hestia Instagram 2023/HestiaInsta_020123_0.png,HestiaInsta_020123_0,2023,0,1,0,0,0,0,0,0,0,0,0,0,0,1,1,0,0
HESTIAINSTA_020123_1,C:\Users\Eric\Documents\cig-ads-image\data\images\HESTIAINSTA_020123_1.png,Ad images for Yiqun/Hestia/Hestia Instagram/Hestia Instagram 2023/HestiaInsta_020123_1.png,HestiaInsta_020123_1,2023,0,1,0,0,0,0,0,0,0,0,0,0,0,1,0,0,0
HESTIAINSTA_020322_0,C:\Users\Eric\Documents\cig-ads-image\data\images\HESTIAINSTA_020322_0.png,Ad images for Yiqun/Hestia/Hestia Instagram/Hestia Instagram 2022/HestiaInsta_020322_0.png,HestiaInsta_020322_0,2022,0,1,0,0,0,0,0,0,0,0,1,0,0,0,0,0,0
HESTIAINSTA_020322_1,C:\Users\Eric\Documents\cig-ads-image\data\images\HESTIAINSTA_020322_1.png,Ad images for Yiqun/Hestia/Hestia Instagram/Hestia Instagram 2022/HestiaInsta_020322_1.png,HestiaInsta_020322_1,2022,0,1,0,0,0,0,0,0,0,0,0,0,0,0,0,0,0
HESTIAINSTA_020323_0,C:\Users\Eric\Documents\cig-ads-image\data\images\HESTIAINSTA_020323_0.png,Ad images for Yiqun/Hestia/Hestia Instagram/Hestia Instagram 2023/HestiaInsta_020323_0.png,HestiaInsta_020323_0,2023,0,1,0,0,0,0,0,0,0,0,0,0,0,1,0,0,0
HESTIAINSTA_020422_0,C:\Users\Eric\Documents\cig-ads-image\data\images\HESTIAINSTA_020422_0.png,Ad images for Yiqun/Hestia/Hestia Instagram/Hestia Instagram 2022/HestiaInsta_020422_0.png,HestiaInsta_020422_0,2022,0,0,0,0,0,0,1,0,0,0,0,0,0,0,0,0,0
HESTIAINSTA_020422_1,C:\Users\Eric\Documents\cig-ads-image\data\images\HESTIAINSTA_020422_1.png,Ad images for Yiqun/Hestia/Hestia Instagram/Hestia Instagram 2022/HestiaInsta_020422_1.png,HestiaInsta_020422_1,2022,0,0,0,0,0,0,0,0,0,0,0,0,0,1,0,0,0
HESTIAINSTA_020423_0,C:\Users\Eric\Documents\cig-ads-image\data\images\HESTIAINSTA_020423_0.png,Ad images for Yiqun/Hestia/Hestia Instagram/Hestia Instagram 2023/HestiaInsta_020423_0.png,HestiaInsta_020423_0,2023,0,0,0,0,0,0,0,0,0,0,1,0,0,0,0,0,0
HESTIAINSTA_020522_0,C:\Users\Eric\Documents\cig-ads-image\data\images\HESTIAINSTA_020522_0.png,Ad images for Yiqun/Hestia/Hestia Instagram/Hestia Instagram 2022/HestiaInsta_020522_0.png,HestiaInsta_020522_0,2022,0,0,0,0,0,0,0,0,0,0,0,0,0,0,0,0,0
HESTIAINSTA_020523_0,C:\Users\Eric\Documents\cig-ads-image\data\images\HESTIAINSTA_020523_0.png,Ad images for Yiqun/Hestia/Hestia Instagram/Hestia Instagram 2023/HestiaInsta_020523_0.png,HestiaInsta_020523_0,2023,0,1,0,1,1,0,0,0,0,0,0,0,0,0,0,0,0
HESTIAINSTA_020623_0,C:\Users\Eric\Documents\cig-ads-image\data\images\HESTIAINSTA_020623_0.png,Ad images for Yiqun/Hestia/Hestia Instagram/Hestia Instagram 2023/HestiaInsta_020623_0.png,HestiaInsta_020623_0,2023,0,0,0,0,0,0,0,0,0,0,0,0,0,0,0,0,0
HESTIAINSTA_020722_0,C:\Users\Eric\Documents\cig-ads-image\data\images\HESTIAINSTA_020722_0.png,Ad images for Yiqun/Hestia/Hestia Instagram/Hestia Instagram 2022/HestiaInsta_020722_0.png,HestiaInsta_020722_0,2022,0,0,0,0,0,1,1,0,0,0,0,0,0,0,0,0,0
HESTIAINSTA_020823_0,C:\Users\Eric\Documents\cig-ads-image\data\images\HESTIAINSTA_020823_0.png,Ad images for Yiqun/Hestia/Hestia Instagram/Hestia Instagram 2023/HestiaInsta_020823_0.png,HestiaInsta_020823_0,2023,0,0,0,0,0,0,0,0,0,0,0,0,0,0,0,1,0
HESTIAINSTA_020922_0,C:\Users\Eric\Documents\cig-ads-image\data\images\HESTIAINSTA_020922_0.png,Ad images for Yiqun/Hestia/Hestia Instagram/Hestia Instagram 2022/HestiaInsta_020922_0.png,HestiaInsta_020922_0,2022,0,0,0,0,0,0,0,0,0,0,0,0,0,0,0,0,0
HESTIAINSTA_020923_0,C:\Users\Eric\Documents\cig-ads-image\data\images\HESTIAINSTA_020923_0.png,Ad images for Yiqun/Hestia/Hestia Instagram/Hestia Instagram 2023/HestiaInsta_020923_0.png,HestiaInsta_020923_0,2023,0,0,0,0,0,1,0,0,0,0,0,0,0,0,0,0,0
HESTIAINSTA_021023_0,C:\Users\Eric\Documents\cig-ads-image\data\images\HESTIAINSTA_021023_0.png,Ad images for Yiqun/Hestia/Hestia Instagram/Hestia Instagram 2023/HestiaInsta_021023_0.png,HestiaInsta_021023_0,2023,0,0,0,0,0,1,0,0,0,0,0,0,0,0,0,1,0
HESTIAINSTA_021023_1,C:\Users\Eric\Documents\cig-ads-image\data\images\HESTIAINSTA_021023_1.png,Ad images for Yiqun/Hestia/Hestia Instagram/Hestia Instagram 2023/HestiaInsta_021023_1.png,HestiaInsta_021023_1,2023,0,0,0,0,0,1,1,0,0,0,0,0,0,1,0,0,0
HESTIAINSTA_021122_0,C:\Users\Eric\Documents\cig-ads-image\data\images\HESTIAINSTA_021122_0.png,Ad images for Yiqun/Hestia/Hestia Instagram/Hestia Instagram 2022/HestiaInsta_021122_0.png,HestiaInsta_021122_0,2022,0,0,0,0,0,0,0,1,0,0,0,0,0,0,0,0,0
HESTIAINSTA_021223_0,C:\Users\Eric\Documents\cig-ads-image\data\images\HESTIAINSTA_021223_0.png,Ad images for Yiqun/Hestia/Hestia Instagram/Hestia Instagram 2023/HestiaInsta_021223_0.png,HestiaInsta_021223_0,2023,0,0,0,0,0,1,0,0,1,0,0,0,0,0,0,0,0
HESTIAINSTA_021322_0,C:\Users\Eric\Documents\cig-ads-image\data\images\HESTIAINSTA_021322_0.png,Ad images for Yiqun/Hestia/Hestia Instagram/Hestia Instagram 2022/HestiaInsta_021322_0.png,HestiaInsta_021322_0,2022,0,1,0,0,0,0,0,0,0,0,0,0,0,1,0,0,0
HESTIAINSTA_021322_1,C:\Users\Eric\Documents\cig-ads-image\data\images\HESTIAINSTA_021322_1.png,Ad images for Yiqun/Hestia/Hestia Instagram/Hestia Instagram 2022/HestiaInsta_021322_1.png,HestiaInsta_021322_1,2022,0,0,0,0,0,1,0,0,1,0,0,0,0,0,0,0,0
HESTIAINSTA_021323_0,C:\Users\Eric\Documents\cig-ads-image\data\images\HESTIAINSTA_021323_0.png,Ad images for Yiqun/Hestia/Hestia Instagram/Hestia Instagram 2023/HestiaInsta_021323_0.png,HestiaInsta_021323_0,2023,0,0,0,0,0,0,0,0,0,0,0,0,0,1,0,0,0
HESTIAINSTA_021522_0,C:\Users\Eric\Documents\cig-ads-image\data\images\HESTIAINSTA_021522_0.png,Ad images for Yiqun/Hestia/Hestia Instagram/Hestia Instagram 2022/HestiaInsta_021522_0.png,HestiaInsta_021522_0,2022,0,0,0,0,0,0,0,0,0,0,0,0,0,1,0,0,0
HESTIAINSTA_021622_0,C:\Users\Eric\Documents\cig-ads-image\data\images\HESTIAINSTA_021622_0.png,Ad images for Yiqun/Hestia/Hestia Instagram/Hestia Instagram 2022/HestiaInsta_021622_0.png,HestiaInsta_021622_0,2022,0,0,0,0,0,0,0,0,0,0,0,0,0,0,0,0,0
HESTIAINSTA_021623_0,C:\Users\Eric\Documents\cig-ads-image\data\images\HESTIAINSTA_021623_0.png,Ad images for Yiqun/Hestia/Hestia Instagram/Hestia Instagram 2023/HestiaInsta_021623_0.png,HestiaInsta_021623_0,2023,0,0,0,0,1,0,1,0,0,0,0,0,0,0,0,0,0
HESTIAINSTA_021623_1,C:\Users\Eric\Documents\cig-ads-image\data\images\HESTIAINSTA_021623_1.png,Ad images for Yiqun/Hestia/Hestia Instagram/Hestia Instagram 2023/HestiaInsta_021623_1.png,HestiaInsta_021623_1,2023,0,0,0,0,0,0,1,0,0,0,0,0,0,1,0,0,0
HESTIAINSTA_021723_0,C:\Users\Eric\Documents\cig-ads-image\data\images\HESTIAINSTA_021723_0.png,Ad images for Yiqun/Hestia/Hestia Instagram/Hestia Instagram 2023/HestiaInsta_021723_0.png,HestiaInsta_021723_0,2023,0,0,0,0,0,0,1,0,0,0,0,0,0,0,0,1,0
HESTIAINSTA_021823_0,C:\Users\Eric\Documents\cig-ads-image\data\images\HESTIAINSTA_021823_0.png,Ad images for Yiqun/Hestia/Hestia Instagram/Hestia Instagram 2023/HestiaInsta_021823_0.png,HestiaInsta_021823_0,2023,0,0,0,0,0,0,0,0,0,0,0,0,0,1,0,0,0
HESTIAINSTA_021823_1,C:\Users\Eric\Documents\cig-ads-image\data\images\HESTIAINSTA_021823_1.png,Ad images for Yiqun/Hestia/Hestia Instagram/Hestia Instagram 2023/HestiaInsta_021823_1.png,HestiaInsta_021823_1,2023,0,0,0,0,0,0,0,0,0,0,0,1,0,0,0,0,0
HESTIAINSTA_022022_0,C:\Users\Eric\Documents\cig-ads-image\data\images\HESTIAINSTA_022022_0.png,Ad images for Yiqun/Hestia/Hestia Instagram/Hestia Instagram 2022/HestiaInsta_022022_0.png,HestiaInsta_022022_0,2022,0,0,0,0,0,0,0,0,0,0,0,0,0,0,0,0,0
HESTIAINSTA_022023_0,C:\Users\Eric\Documents\cig-ads-image\data\images\HESTIAINSTA_022023_0.png,Ad images for Yiqun/Hestia/Hestia Instagram/Hestia Instagram 2023/HestiaInsta_022023_0.png,HestiaInsta_022023_0,2023,0,0,0,0,0,0,0,0,0,0,0,0,0,0,0,0,0
HESTIAINSTA_022122_0,C:\Users\Eric\Documents\cig-ads-image\data\images\HESTIAINSTA_022122_0.png,Ad images for Yiqun/Hestia/Hestia Instagram/Hestia Instagram 2022/HestiaInsta_022122_0.png,HestiaInsta_022122_0,2022,0,0,0,0,0,0,0,0,0,0,0,0,0,0,0,0,0
HESTIAINSTA_022122_1,C:\Users\Eric\Documents\cig-ads-image\data\images\HESTIAINSTA_022122_1.png,Ad images for Yiqun/Hestia/Hestia Instagram/Hestia Instagram 2022/HestiaInsta_022122_1.png,HestiaInsta_022122_1,2022,0,0,0,0,0,0,0,0,0,0,0,0,0,0,0,0,0
HESTIAINSTA_022123_0,C:\Users\Eric\Documents\cig-ads-image\data\images\HESTIAINSTA_022123_0.png,Ad images for Yiqun/Hestia/Hestia Instagram/Hestia Instagram 2023/HestiaInsta_022123_0A.png,HestiaInsta_022123_0,2023,0,0,0,0,0,1,1,0,0,0,0,0,0,0,0,1,0
HESTIAINSTA_022123_1,C:\Users\Eric\Documents\cig-ads-image\data\images\HESTIAINSTA_022123_1.png,Ad images for Yiqun/Hestia/Hestia Instagram/Hestia Instagram 2023/HestiaInsta_022123_1.png,HestiaInsta_022123_1,2023,0,0,0,0,0,0,0,0,0,0,0,0,0,0,0,0,0
HESTIAINSTA_022323_0,C:\Users\Eric\Documents\cig-ads-image\data\images\HESTIAINSTA_022323_0.png,Ad images for Yiqun/Hestia/Hestia Instagram/Hestia Instagram 2023/HestiaInsta_022323_0.png,HestiaInsta_022323_0,2023,0,0,0,0,0,0,0,0,0,0,0,0,0,1,1,0,0
HESTIAINSTA_022423_0,C:\Users\Eric\Documents\cig-ads-image\data\images\HESTIAINSTA_022423_0.png,Ad images for Yiqun/Hestia/Hestia Instagram/Hestia Instagram 2023/HestiaInsta_022423_0.png,HestiaInsta_022423_0,2023,0,1,0,0,0,0,0,0,0,0,0,0,0,0,0,0,0
HESTIAINSTA_022522_0,C:\Users\Eric\Documents\cig-ads-image\data\images\HESTIAINSTA_022522_0.png,Ad images for Yiqun/Hestia/Hestia Instagram/Hestia Instagram 2022/HestiaInsta_022522_0.png,HestiaInsta_022522_0,2022,0,0,1,0,0,0,0,0,0,0,0,0,0,0,0,0,0
HESTIAINSTA_022623_0,C:\Users\Eric\Documents\cig-ads-image\data\images\HESTIAINSTA_022623_0.png,Ad images for Yiqun/Hestia/Hestia Instagram/Hestia Instagram 2023/HestiaInsta_022623_0.png,HestiaInsta_022623_0,2023,0,1,0,0,1,0,1,0,0,0,0,0,0,1,0,0,0
HESTIAINSTA_030123_0,C:\Users\Eric\Documents\cig-ads-image\data\images\HESTIAINSTA_030123_0.png,Ad images for Yiqun/Hestia/Hestia Instagram/Hestia Instagram 2023/HestiaInsta_030123_0.png,HestiaInsta_030123_0,2023,0,0,0,0,0,0,0,1,0,0,0,0,0,1,0,0,0
HESTIAINSTA_030323_0,C:\Users\Eric\Documents\cig-ads-image\data\images\HESTIAINSTA_030323_0.png,Ad images for Yiqun/Hestia/Hestia Instagram/Hestia Instagram 2023/HestiaInsta_030323_0.png,HestiaInsta_030323_0,2023,0,0,0,1,1,0,0,0,0,0,0,0,0,0,0,0,0
HESTIAINSTA_030422_0,C:\Users\Eric\Documents\cig-ads-image\data\images\HESTIAINSTA_030422_0.png,Ad images for Yiqun/Hestia/Hestia Instagram/Hestia Instagram 2022/HestiaInsta_030422_0.png,HestiaInsta_030422_0,2022,0,0,0,0,0,1,1,0,0,0,0,0,0,0,0,0,0
HESTIAINSTA_030623_0,C:\Users\Eric\Documents\cig-ads-image\data\images\HESTIAINSTA_030623_0.png,Ad images for Yiqun/Hestia/Hestia Instagram/Hestia Instagram 2023/HestiaInsta_030623_0.png,HestiaInsta_030623_0,2023,0,0,0,0,0,0,0,0,0,0,0,0,0,1,0,0,0
HESTIAINSTA_030722_0,C:\Users\Eric\Documents\cig-ads-image\data\images\HESTIAINSTA_030722_0.png,Ad images for Yiqun/Hestia/Hestia Instagram/Hestia Instagram 2022/HestiaInsta_030722_0.png,HestiaInsta_030722_0,2022,0,0,0,0,0,0,1,1,0,0,0,0,0,0,0,0,0
HESTIAINSTA_030723_0,C:\Users\Eric\Documents\cig-ads-image\data\images\HESTIAINSTA_030723_0.png,Ad images for Yiqun/Hestia/Hestia Instagram/Hestia Instagram 2023/HestiaInsta_030723_0.png,HestiaInsta_030723_0,2023,0,1,0,0,0,0,0,0,0,0,0,0,0,1,0,0,0
HESTIAINSTA_030922_0,C:\Users\Eric\Documents\cig-ads-image\data\images\HESTIAINSTA_030922_0.png,Ad images for Yiqun/Hestia/Hestia Instagram/Hestia Instagram 2022/HestiaInsta_030922_0.png,HestiaInsta_030922_0,2022,0,0,0,0,0,0,0,1,0,0,0,0,0,0,0,0,0
HESTIAINSTA_030923_0,C:\Users\Eric\Documents\cig-ads-image\data\images\HESTIAINSTA_030923_0.png,Ad images for Yiqun/Hestia/Hestia Instagram/Hestia Instagram 2023/HestiaInsta_030923_0.png,HestiaInsta_030923_0,2023,0,1,0,0,0,0,0,0,0,0,0,0,0,1,0,0,0
HESTIAINSTA_031122_0,C:\Users\Eric\Documents\cig-ads-image\data\images\HESTIAINSTA_031122_0.png,Ad images for Yiqun/Hestia/Hestia Instagram/Hestia Instagram 2022/HestiaInsta_031122_0.png,HestiaInsta_031122_0,2022,0,1,0,0,1,0,0,0,0,0,0,0,0,0,0,0,0
HESTIAINSTA_031122_1,C:\Users\Eric\Documents\cig-ads-image\data\images\HESTIAINSTA_031122_1.png,Ad images for Yiqun/Hestia/Hestia Instagram/Hestia Instagram 2022/HestiaInsta_031122_1.png,HestiaInsta_031122_1,2022,0,0,0,0,0,0,0,1,0,0,0,0,0,0,0,0,0
HESTIAINSTA_031222_0,C:\Users\Eric\Documents\cig-ads-image\data\images\HESTIAINSTA_031222_0.png,Ad images for Yiqun/Hestia/Hestia Instagram/Hestia Instagram 2022/HestiaInsta_031222_0.png,HestiaInsta_031222_0,2022,0,0,0,0,0,0,0,0,0,0,0,0,0,0,0,0,0
HESTIAINSTA_031322_0,C:\Users\Eric\Documents\cig-ads-image\data\images\HESTIAINSTA_031322_0.png,Ad images for Yiqun/Hestia/Hestia Instagram/Hestia Instagram 2022/HestiaInsta_031322_0.png,HestiaInsta_031322_0,2022,0,1,0,0,0,0,0,0,0,0,0,0,0,0,0,0,0
HESTIAINSTA_031422_0,C:\Users\Eric\Documents\cig-ads-image\data\images\HESTIAINSTA_031422_0.png,Ad images for Yiqun/Hestia/Hestia Instagram/Hestia Instagram 2022/HestiaInsta_031422_0.png,HestiaInsta_031422_0,2022,0,0,0,0,0,0,0,0,0,0,0,0,0,0,0,0,0
HESTIAINSTA_031423_0,C:\Users\Eric\Documents\cig-ads-image\data\images\HESTIAINSTA_031423_0.png,Ad images for Yiqun/Hestia/Hestia Instagram/Hestia Instagram 2023/HestiaInsta_031423_0.png,HestiaInsta_031423_0,2023,0,0,0,0,0,0,1,0,0,0,0,1,0,0,0,0,0
HESTIAINSTA_031522_0,C:\Users\Eric\Documents\cig-ads-image\data\images\HESTIAINSTA_031522_0.png,Ad images for Yiqun/Hestia/Hestia Instagram/Hestia Instagram 2022/HestiaInsta_031522_0.png,HestiaInsta_031522_0,2022,0,0,0,0,0,0,0,0,0,0,0,0,0,0,0,0,0
HESTIAINSTA_031523_0,C:\Users\Eric\Documents\cig-ads-image\data\images\HESTIAINSTA_031523_0.png,Ad images for Yiqun/Hestia/Hestia Instagram/Hestia Instagram 2023/HestiaInsta_031523_0.png,HestiaInsta_031523_0,2023,0,0,0,0,0,0,0,0,0,0,0,0,0,1,0,0,0
HESTIAINSTA_031523_1,C:\Users\Eric\Documents\cig-ads-image\data\images\HESTIAINSTA_031523_1.png,Ad images for Yiqun/Hestia/Hestia Instagram/Hestia Instagram 2023/HestiaInsta_031523_1.png,HestiaInsta_031523_1,2023,0,0,0,0,0,0,0,0,0,0,0,1,0,0,0,0,0
HESTIAINSTA_031623_0,C:\Users\Eric\Documents\cig-ads-image\data\images\HESTIAINSTA_031623_0.png,Ad images for Yiqun/Hestia/Hestia Instagram/Hestia Instagram 2023/HestiaInsta_031623_0.png,HestiaInsta_031623_0,2023,0,1,0,0,0,0,0,0,0,0,0,0,0,0,0,0,0
HESTIAINSTA_031722_0,C:\Users\Eric\Documents\cig-ads-image\data\images\HESTIAINSTA_031722_0.png,Ad images for Yiqun/Hestia/Hestia Instagram/Hestia Instagram 2022/HestiaInsta_031722_0.png,HestiaInsta_031722_0,2022,0,0,0,0,0,0,0,0,0,0,0,0,0,0,0,0,0
HESTIAINSTA_031922_0,C:\Users\Eric\Documents\cig-ads-image\data\images\HESTIAINSTA_031922_0.png,Ad images for Yiqun/Hestia/Hestia Instagram/Hestia Instagram 2022/HestiaInsta_031922_0.png,HestiaInsta_031922_0,2022,0,1,0,0,1,0,0,0,0,0,0,0,0,0,0,0,0
HESTIAINSTA_031923_0,C:\Users\Eric\Documents\cig-ads-image\data\images\HESTIAINSTA_031923_0.png,Ad images for Yiqun/Hestia/Hestia Instagram/Hestia Instagram 2023/HestiaInsta_031923_0.png,HestiaInsta_031923_0,2023,0,0,0,0,0,0,0,0,0,0,0,0,0,1,0,0,0
HESTIAINSTA_031923_1,C:\Users\Eric\Documents\cig-ads-image\data\images\HESTIAINSTA_031923_1.png,Ad images for Yiqun/Hestia/Hestia Instagram/Hestia Instagram 2023/HestiaInsta_031923_1.png,HestiaInsta_031923_1,2023,0,0,0,0,0,1,0,0,0,0,0,0,0,0,0,0,0
HESTIAINSTA_032122_0,C:\Users\Eric\Documents\cig-ads-image\data\images\HESTIAINSTA_032122_0.png,Ad images for Yiqun/Hestia/Hestia Instagram/Hestia Instagram 2022/HestiaInsta_032122_0.png,HestiaInsta_032122_0,2022,0,1,0,0,1,0,0,0,0,0,0,0,0,0,0,0,0
HESTIAINSTA_032123_0,C:\Users\Eric\Documents\cig-ads-image\data\images\HESTIAINSTA_032123_0.png,Ad images for Yiqun/Hestia/Hestia Instagram/Hestia Instagram 2023/HestiaInsta_032123_0.png,HestiaInsta_032123_0,2023,0,0,0,0,0,0,0,0,0,0,0,0,0,1,0,0,0
HESTIAINSTA_032222_0,C:\Users\Eric\Documents\cig-ads-image\data\images\HESTIAINSTA_032222_0.png,Ad images for Yiqun/Hestia/Hestia Instagram/Hestia Instagram 2022/HestiaInsta_032222_0.png,HestiaInsta_032222_0,2022,0,1,0,0,0,0,0,0,0,0,0,0,0,0,0,0,0
HESTIAINSTA_032222_1,C:\Users\Eric\Documents\cig-ads-image\data\images\HESTIAINSTA_032222_1.png,Ad images for Yiqun/Hestia/Hestia Instagram/Hestia Instagram 2022/HestiaInsta_032222_1.png,HestiaInsta_032222_1,2022,0,1,0,0,0,0,0,0,0,0,0,0,0,0,0,0,0
HESTIAINSTA_032223_0,C:\Users\Eric\Documents\cig-ads-image\data\images\HESTIAINSTA_032223_0.png,Ad images for Yiqun/Hestia/Hestia Instagram/Hestia Instagram 2023/HestiaInsta_032223_0.png,HestiaInsta_032223_0,2023,0,0,0,0,0,0,1,0,0,0,0,0,0,1,0,0,0
HESTIAINSTA_032223_1,C:\Users\Eric\Documents\cig-ads-image\data\images\HESTIAINSTA_032223_1.png,Ad images for Yiqun/Hestia/Hestia Instagram/Hestia Instagram 2023/HestiaInsta_032223_1.png,HestiaInsta_032223_1,2022,0,0,0,0,0,1,0,0,0,0,0,0,0,0,0,0,0
HESTIAINSTA_032322_0,C:\Users\Eric\Documents\cig-ads-image\data\images\HESTIAINSTA_032322_0.png,Ad images for Yiqun/Hestia/Hestia Instagram/Hestia Instagram 2022/HestiaInsta_032322_0.png,HestiaInsta_032322_0,2022,0,1,0,0,0,0,0,0,0,0,0,0,0,0,0,0,0
HESTIAINSTA_032323_0,C:\Users\Eric\Documents\cig-ads-image\data\images\HESTIAINSTA_032323_0.png,Ad images for Yiqun/Hestia/Hestia Instagram/Hestia Instagram 2023/HestiaInsta_032323_0A.png,HestiaInsta_032323_0,2023,0,0,0,0,0,0,0,0,0,0,0,0,0,0,1,0,0
HESTIAINSTA_032323_1,C:\Users\Eric\Documents\cig-ads-image\data\images\HESTIAINSTA_032323_1.png,Ad images for Yiqun/Hestia/Hestia Instagram/Hestia Instagram 2023/HestiaInsta_032323_1.png,HestiaInsta_032323_1,2023,0,0,0,0,0,1,1,0,0,0,0,0,0,0,0,0,0
HESTIAINSTA_032423_0,C:\Users\Eric\Documents\cig-ads-image\data\images\HESTIAINSTA_032423_0.png,Ad images for Yiqun/Hestia/Hestia Instagram/Hestia Instagram 2023/HestiaInsta_032423_0.png,HestiaInsta_032423_0,2023,0,1,0,0,0,0,0,0,0,0,0,0,0,1,0,0,0
HESTIAINSTA_032523_0,C:\Users\Eric\Documents\cig-ads-image\data\images\HESTIAINSTA_032523_0.png,Ad images for Yiqun/Hestia/Hestia Instagram/Hestia Instagram 2023/HestiaInsta_032523_0.png,HestiaInsta_032523_0,2023,0,0,0,0,0,0,0,0,0,0,0,0,0,0,0,0,0
HESTIAINSTA_032623_0,C:\Users\Eric\Documents\cig-ads-image\data\images\HESTIAINSTA_032623_0.png,Ad images for Yiqun/Hestia/Hestia Instagram/Hestia Instagram 2023/HestiaInsta_032623_0.png,HestiaInsta_032623_0,2023,0,0,0,0,0,0,0,0,0,0,0,0,0,1,0,0,0
HESTIAINSTA_032723_0,C:\Users\Eric\Documents\cig-ads-image\data\images\HESTIAINSTA_032723_0.png,Ad images for Yiqun/Hestia/Hestia Instagram/Hestia Instagram 2023/HestiaInsta_032723_0.png,HestiaInsta_032723_0,2023,0,1,0,0,0,0,0,0,0,0,0,0,0,1,0,0,0
HESTIAINSTA_032922_0,C:\Users\Eric\Documents\cig-ads-image\data\images\HESTIAINSTA_032922_0.png,Ad images for Yiqun/Hestia/Hestia Instagram/Hestia Instagram 2022/HestiaInsta_032922_0.png,HestiaInsta_032922_0,2022,0,0,0,0,0,0,0,0,0,0,0,0,0,0,0,0,0
HESTIAINSTA_040122_0,C:\Users\Eric\Documents\cig-ads-image\data\images\HESTIAINSTA_040122_0.png,Ad images for Yiqun/Hestia/Hestia Instagram/Hestia Instagram 2022/HestiaInsta_040122_0.png,HestiaInsta_040122_0,2022,0,1,0,0,0,0,0,0,0,0,0,0,0,0,0,0,0
HESTIAINSTA_040123_0,C:\Users\Eric\Documents\cig-ads-image\data\images\HESTIAINSTA_040123_0.png,Ad images for Yiqun/Hestia/Hestia Instagram/Hestia Instagram 2023/HestiaInsta_040123_0.png,HestiaInsta_040123_0,2023,0,0,0,0,0,0,0,1,0,0,0,0,0,0,0,0,0
HESTIAINSTA_040223_0,C:\Users\Eric\Documents\cig-ads-image\data\images\HESTIAINSTA_040223_0.png,Ad images for Yiqun/Hestia/Hestia Instagram/Hestia Instagram 2023/HestiaInsta_040223_0.png,HestiaInsta_040223_0,2023,0,0,0,0,0,0,0,0,0,0,0,0,0,1,0,0,0
HESTIAINSTA_040422_0,C:\Users\Eric\Documents\cig-ads-image\data\images\HESTIAINSTA_040422_0.png,Ad images for Yiqun/Hestia/Hestia Instagram/Hestia Instagram 2022/HestiaInsta_040422_0.png,HestiaInsta_040422_0,2022,0,0,0,0,0,0,1,0,0,0,0,0,0,0,0,0,0
HESTIAINSTA_040422_1,C:\Users\Eric\Documents\cig-ads-image\data\images\HESTIAINSTA_040422_1.png,Ad images for Yiqun/Hestia/Hestia Instagram/Hestia Instagram 2022/HestiaInsta_040422_1.png,HestiaInsta_040422_1,2022,0,0,0,0,0,0,0,0,0,0,0,0,0,1,0,0,0
HESTIAINSTA_040623_0,C:\Users\Eric\Documents\cig-ads-image\data\images\HESTIAINSTA_040623_0.png,Ad images for Yiqun/Hestia/Hestia Instagram/Hestia Instagram 2023/HestiaInsta_040623_0.png,HestiaInsta_040623_0,2023,0,0,0,0,0,0,0,0,0,0,0,0,0,0,0,0,0
HESTIAINSTA_040623_1,C:\Users\Eric\Documents\cig-ads-image\data\images\HESTIAINSTA_040623_1.png,Ad images for Yiqun/Hestia/Hestia Instagram/Hestia Instagram 2023/HestiaInsta_040623_1.png,HestiaInsta_040623_1,2023,0,0,0,0,0,0,0,0,0,0,0,0,0,1,1,0,0
HESTIAINSTA_040723_0,C:\Users\Eric\Documents\cig-ads-image\data\images\HESTIAINSTA_040723_0.png,Ad images for Yiqun/Hestia/Hestia Instagram/Hestia Instagram 2023/HestiaInsta_040723_0.png,HestiaInsta_040723_0,2023,0,0,0,0,0,0,0,1,0,0,0,0,0,0,0,1,0
HESTIAINSTA_040922_0,C:\Users\Eric\Documents\cig-ads-image\data\images\HESTIAINSTA_040922_0.png,Ad images for Yiqun/Hestia/Hestia Instagram/Hestia Instagram 2022/HestiaInsta_040922_0.png,HestiaInsta_040922_0,2022,0,0,1,0,0,0,0,0,0,0,0,0,0,0,0,0,0
HESTIAINSTA_041123_0,C:\Users\Eric\Documents\cig-ads-image\data\images\HESTIAINSTA_041123_0.png,Ad images for Yiqun/Hestia/Hestia Instagram/Hestia Instagram 2023/HestiaInsta_041123_0.png,HestiaInsta_041123_0,2023,0,0,0,0,0,0,0,0,0,0,0,0,0,0,0,1,0
HESTIAINSTA_041822_0,C:\Users\Eric\Documents\cig-ads-image\data\images\HESTIAINSTA_041822_0.png,Ad images for Yiqun/Hestia/Hestia Instagram/Hestia Instagram 2022/HestiaInsta_041822_0.png,HestiaInsta_041822_0,2022,0,0,0,0,0,0,0,0,0,0,0,0,0,0,0,0,0
HESTIAINSTA_042023_0,C:\Users\Eric\Documents\cig-ads-image\data\images\HESTIAINSTA_042023_0.png,Ad images for Yiqun/Hestia/Hestia Instagram/Hestia Instagram 2023/HestiaInsta_042023_0.png,HestiaInsta_042023_0,2023,0,0,0,0,0,0,0,0,0,0,0,0,0,1,0,0,0
HESTIAINSTA_042123_0,C:\Users\Eric\Documents\cig-ads-image\data\images\HESTIAINSTA_042123_0.png,Ad images for Yiqun/Hestia/Hestia Instagram/Hestia Instagram 2023/HestiaInsta_042123_0.png,HestiaInsta_042123_0,2023,0,0,0,0,0,0,0,0,0,0,0,0,0,0,0,0,0
HESTIAINSTA_042223_0,C:\Users\Eric\Documents\cig-ads-image\data\images\HESTIAINSTA_042223_0.png,Ad images for Yiqun/Hestia/Hestia Instagram/Hestia Instagram 2023/HestiaInsta_042223_0.png,HestiaInsta_042223_0,2023,0,0,0,0,0,0,0,0,0,0,0,1,0,0,0,0,0
HESTIAINSTA_042223_1,C:\Users\Eric\Documents\cig-ads-image\data\images\HESTIAINSTA_042223_1.png,Ad images for Yiqun/Hestia/Hestia Instagram/Hestia Instagram 2023/HestiaInsta_042223_1.png,HestiaInsta_042223_1,2023,0,0,0,0,0,0,0,0,0,0,0,0,0,0,0,0,0
HESTIAINSTA_042323_0,C:\Users\Eric\Documents\cig-ads-image\data\images\HESTIAINSTA_042323_0.png,Ad images for Yiqun/Hestia/Hestia Instagram/Hestia Instagram 2023/HestiaInsta_042323_0.png,HestiaInsta_042323_0,2023,0,0,0,0,0,0,0,0,0,0,1,0,0,0,0,0,0
HESTIAINSTA_042323_1,C:\Users\Eric\Documents\cig-ads-image\data\images\HESTIAINSTA_042323_1.png,Ad images for Yiqun/Hestia/Hestia Instagram/Hestia Instagram 2023/HestiaInsta_042323_1A.png,HestiaInsta_042323_1,2023,0,0,0,0,0,0,0,0,0,0,0,0,0,0,0,0,0
HESTIAINSTA_042422_0,C:\Users\Eric\Documents\cig-ads-image\data\images\HESTIAINSTA_042422_0.png,Ad images for Yiqun/Hestia/Hestia Instagram/Hestia Instagram 2022/HestiaInsta_042422_0.png,HestiaInsta_042422_0,2022,0,0,0,0,0,1,0,0,0,0,0,0,0,0,0,0,0
HESTIAINSTA_042423_0,C:\Users\Eric\Documents\cig-ads-image\data\images\HESTIAINSTA_042423_0.png,Ad images for Yiqun/Hestia/Hestia Instagram/Hestia Instagram 2023/HestiaInsta_042423_0.png,HestiaInsta_042423_0,2023,0,0,0,0,0,0,0,0,0,0,0,0,0,0,0,0,0
HESTIAINSTA_042523_0,C:\Users\Eric\Documents\cig-ads-image\data\images\HESTIAINSTA_042523_0.png,Ad images for Yiqun/Hestia/Hestia Instagram/Hestia Instagram 2023/HestiaInsta_042523_0A.png,HestiaInsta_042523_0,2023,0,1,0,0,0,0,0,0,0,0,0,0,0,0,0,0,0
HESTIAINSTA_042723_0,C:\Users\Eric\Documents\cig-ads-image\data\images\HESTIAINSTA_042723_0.png,Ad images for Yiqun/Hestia/Hestia Instagram/Hestia Instagram 2023/HestiaInsta_042723_0.png,HestiaInsta_042723_0,2023,0,0,0,1,0,0,0,0,0,0,0,0,0,0,0,0,0
HESTIAINSTA_042823_0,C:\Users\Eric\Documents\cig-ads-image\data\images\HESTIAINSTA_042823_0.png,Ad images for Yiqun/Hestia/Hestia Instagram/Hestia Instagram 2023/HestiaInsta_042823_0.png,HestiaInsta_042823_0,2023,0,0,0,0,0,0,0,1,0,0,0,1,0,0,0,0,0
HESTIAINSTA_042922_0,C:\Users\Eric\Documents\cig-ads-image\data\images\HESTIAINSTA_042922_0.png,Ad images for Yiqun/Hestia/Hestia Instagram/Hestia Instagram 2022/HestiaInsta_042922_0.png,HestiaInsta_042922_0,2022,0,1,0,0,1,0,0,0,0,0,1,0,0,0,0,0,0
HESTIAINSTA_050423_0,C:\Users\Eric\Documents\cig-ads-image\data\images\HESTIAINSTA_050423_0.png,Ad images for Yiqun/Hestia/Hestia Instagram/Hestia Instagram 2023/HestiaInsta_050423_0.png,HestiaInsta_050423_0,2023,0,0,0,0,0,0,1,0,0,0,0,1,0,0,0,0,0
HESTIAINSTA_050523_1,C:\Users\Eric\Documents\cig-ads-image\data\images\HESTIAINSTA_050523_1.png,Ad images for Yiqun/Hestia/Hestia Instagram/Hestia Instagram 2023/HestiaInsta_050523_1.png,HestiaInsta_050523_1,2023,0,1,0,0,1,0,0,0,0,0,0,0,0,1,0,0,0
HESTIAINSTA_050823_0,C:\Users\Eric\Documents\cig-ads-image\data\images\HESTIAINSTA_050823_0.png,Ad images for Yiqun/Hestia/Hestia Instagram/Hestia Instagram 2023/HestiaInsta_050823_0.png,HestiaInsta_050823_0,2023,0,0,0,0,0,0,0,0,0,0,0,0,0,0,0,0,0
HESTIAINSTA_050922_0,C:\Users\Eric\Documents\cig-ads-image\data\images\HESTIAINSTA_050922_0.png,Ad images for Yiqun/Hestia/Hestia Instagram/Hestia Instagram 2022/HestiaInsta_050922_0.png,HestiaInsta_050922_0,2022,0,0,0,0,0,1,0,0,0,0,0,0,0,1,0,0,0
HESTIAINSTA_050923_0,C:\Users\Eric\Documents\cig-ads-image\data\images\HESTIAINSTA_050923_0.png,Ad images for Yiqun/Hestia/Hestia Instagram/Hestia Instagram 2023/HestiaInsta_050923_0A.png,HestiaInsta_050923_0,2023,0,0,0,0,0,0,0,0,0,0,0,0,0,1,1,0,0
HESTIAINSTA_050923_1,C:\Users\Eric\Documents\cig-ads-image\data\images\HESTIAINSTA_050923_1.png,Ad images for Yiqun/Hestia/Hestia Instagram/Hestia Instagram 2023/HestiaInsta_050923_1.png,HestiaInsta_050923_1,2023,0,0,0,0,0,0,1,0,0,0,0,0,0,1,1,0,0
HESTIAINSTA_051123_0,C:\Users\Eric\Documents\cig-ads-image\data\images\HESTIAINSTA_051123_0.png,Ad images for Yiqun/Hestia/Hestia Instagram/Hestia Instagram 2023/HestiaInsta_051123_0.png,HestiaInsta_051123_0,2023,0,0,0,0,0,0,0,0,0,0,0,0,0,0,1,0,0
HESTIAINSTA_051422_0,C:\Users\Eric\Documents\cig-ads-image\data\images\HESTIAINSTA_051422_0.png,Ad images for Yiqun/Hestia/Hestia Instagram/Hestia Instagram 2022/HestiaInsta_051422_0.png,HestiaInsta_051422_0,2022,0,1,0,0,0,0,0,0,0,0,0,0,0,1,0,0,0
HESTIAINSTA_051623_0,C:\Users\Eric\Documents\cig-ads-image\data\images\HESTIAINSTA_051623_0.png,Ad images for Yiqun/Hestia/Hestia Instagram/Hestia Instagram 2023/HestiaInsta_051623_0.png,HestiaInsta_051623_0,2023,0,0,0,0,0,0,0,0,0,0,1,0,0,0,0,0,0
HESTIAINSTA_051822_0,C:\Users\Eric\Documents\cig-ads-image\data\images\HESTIAINSTA_051822_0.png,Ad images for Yiqun/Hestia/Hestia Instagram/Hestia Instagram 2022/HestiaInsta_051822_0.png,HestiaInsta_051822_0,2022,0,1,0,0,0,0,0,1,0,0,0,0,0,0,0,0,0
HESTIAINSTA_051823_0,C:\Users\Eric\Documents\cig-ads-image\data\images\HESTIAINSTA_051823_0.png,Ad images for Yiqun/Hestia/Hestia Instagram/Hestia Instagram 2023/HestiaInsta_051823_0A.png,HestiaInsta_051823_0,2023,0,0,0,0,0,0,0,0,0,0,0,0,0,1,0,0,0
HESTIAINSTA_051923_0,C:\Users\Eric\Documents\cig-ads-image\data\images\HESTIAINSTA_051923_0.png,Ad images for Yiqun/Hestia/Hestia Instagram/Hestia Instagram 2023/HestiaInsta_051923_0.png,HestiaInsta_051923_0,2023,0,1,0,0,0,0,0,0,0,0,0,0,0,1,0,0,0
HESTIAINSTA_052223_0,C:\Users\Eric\Documents\cig-ads-image\data\images\HESTIAINSTA_052223_0.png,Ad images for Yiqun/Hestia/Hestia Instagram/Hestia Instagram 2023/HestiaInsta_052223_0.png,HestiaInsta_052223_0,2023,0,0,0,0,0,0,0,0,0,0,0,0,0,1,0,0,0
HESTIAINSTA_052323_0,C:\Users\Eric\Documents\cig-ads-image\data\images\HESTIAINSTA_052323_0.png,Ad images for Yiqun/Hestia/Hestia Instagram/Hestia Instagram 2023/HestiaInsta_052323_0.png,HestiaInsta_052323_0,2023,0,1,0,0,0,0,0,0,0,0,0,0,0,0,0,0,0
HESTIAINSTA_052523_0,C:\Users\Eric\Documents\cig-ads-image\data\images\HESTIAINSTA_052523_0.png,Ad images for Yiqun/Hestia/Hestia Instagram/Hestia Instagram 2023/HestiaInsta_052523_0.png,HestiaInsta_052523_0,2023,0,0,0,0,0,0,0,0,0,0,0,0,0,0,0,0,0
HESTIAINSTA_052723_0,C:\Users\Eric\Documents\cig-ads-image\data\images\HESTIAINSTA_052723_0.png,Ad images for Yiqun/Hestia/Hestia Instagram/Hestia Instagram 2023/HestiaInsta_052723_0.png,HestiaInsta_052723_0,2023,0,1,0,0,0,0,0,0,0,0,0,0,0,0,0,0,0
HESTIAINSTA_052723_1,C:\Users\Eric\Documents\cig-ads-image\data\images\HESTIAINSTA_052723_1.png,Ad images for Yiqun/Hestia/Hestia Instagram/Hestia Instagram 2023/HestiaInsta_052723_1.png,HestiaInsta_052723_1,2023,0,0,0,0,0,0,0,0,0,0,0,0,0,0,0,0,0
HESTIAINSTA_052823_0,C:\Users\Eric\Documents\cig-ads-image\data\images\HESTIAINSTA_052823_0.png,Ad images for Yiqun/Hestia/Hestia Instagram/Hestia Instagram 2023/HestiaInsta_052823_0A.png,HestiaInsta_052823_0,2023,0,0,0,0,0,0,0,0,0,0,0,0,0,1,0,0,0
HESTIAINSTA_060222_0,C:\Users\Eric\Documents\cig-ads-image\data\images\HESTIAINSTA_060222_0.png,Ad images for Yiqun/Hestia/Hestia Instagram/Hestia Instagram 2022/HestiaInsta_060222_0.png,HestiaInsta_060222_0,2022,0,0,0,0,0,0,0,0,0,0,0,0,0,0,0,0,0
HESTIAINSTA_060523_0,C:\Users\Eric\Documents\cig-ads-image\data\images\HESTIAINSTA_060523_0.png,Ad images for Yiqun/Hestia/Hestia Instagram/Hestia Instagram 2023/HestiaInsta_060523_0.png,HestiaInsta_060523_0,2023,0,1,0,0,0,0,0,0,0,0,1,0,0,0,0,0,0
HESTIAINSTA_060622_0,C:\Users\Eric\Documents\cig-ads-image\data\images\HESTIAINSTA_060622_0.png,Ad images for Yiqun/Hestia/Hestia Instagram/Hestia Instagram 2022/HestiaInsta_060622_0.png,HestiaInsta_060622_0,2022,0,1,0,0,0,0,0,0,0,0,0,0,0,0,0,0,0
HESTIAINSTA_060923_0,C:\Users\Eric\Documents\cig-ads-image\data\images\HESTIAINSTA_060923_0.png,Ad images for Yiqun/Hestia/Hestia Instagram/Hestia Instagram 2023/HestiaInsta_060923_0.png,HestiaInsta_060923_0,2023,0,0,0,0,0,0,1,0,0,0,0,0,0,1,0,0,0
HESTIAINSTA_061223_0,C:\Users\Eric\Documents\cig-ads-image\data\images\HESTIAINSTA_061223_0.png,Ad images for Yiqun/Hestia/Hestia Instagram/Hestia Instagram 2023/HestiaInsta_061223_0.png,HestiaInsta_061223_0,2023,0,0,0,0,0,0,0,0,0,0,0,0,0,0,0,0,0
HESTIAINSTA_061423_0,C:\Users\Eric\Documents\cig-ads-image\data\images\HESTIAINSTA_061423_0.png,Ad images for Yiqun/Hestia/Hestia Instagram/Hestia Instagram 2023/HestiaInsta_061423_0.png,HestiaInsta_061423_0,2023,0,0,0,0,0,0,0,0,0,0,0,0,0,0,0,0,0
HESTIAINSTA_061523_0,C:\Users\Eric\Documents\cig-ads-image\data\images\HESTIAINSTA_061523_0.png,Ad images for Yiqun/Hestia/Hestia Instagram/Hestia Instagram 2023/HestiaInsta_061523_0.png,HestiaInsta_061523_0,2023,0,0,0,0,0,0,0,0,0,0,0,0,0,1,0,0,0
HESTIAINSTA_062123_0,C:\Users\Eric\Documents\cig-ads-image\data\images\HESTIAINSTA_062123_0.png,Ad images for Yiqun/Hestia/Hestia Instagram/Hestia Instagram 2023/HestiaInsta_062123_0.png,HestiaInsta_062123_0,2022,0,0,0,0,0,0,0,0,0,0,1,0,0,0,0,0,0
HESTIAINSTA_062222_0,C:\Users\Eric\Documents\cig-ads-image\data\images\HESTIAINSTA_062222_0.png,Ad images for Yiqun/Hestia/Hestia Instagram/Hestia Instagram 2022/HestiaInsta_062222_0.png,HestiaInsta_062222_0,2022,0,0,0,0,0,0,0,0,0,0,0,0,0,0,0,0,0
HESTIAINSTA_062223_0,C:\Users\Eric\Documents\cig-ads-image\data\images\HESTIAINSTA_062223_0.png,Ad images for Yiqun/Hestia/Hestia Instagram/Hestia Instagram 2023/HestiaInsta_062223_0.png,HestiaInsta_062223_0,2023,0,0,0,0,0,0,0,0,0,0,0,0,0,1,0,0,0
HESTIAINSTA_062223_1,C:\Users\Eric\Documents\cig-ads-image\data\images\HESTIAINSTA_062223_1.png,Ad images for Yiqun/Hestia/Hestia Instagram/Hestia Instagram 2023/HestiaInsta_062223_1.png,HestiaInsta_062223_1,2023,0,0,0,0,0,0,1,1,0,0,0,0,0,0,0,0,0
HESTIAINSTA_062323_0,C:\Users\Eric\Documents\cig-ads-image\data\images\HESTIAINSTA_062323_0.png,Ad images for Yiqun/Hestia/Hestia Instagram/Hestia Instagram 2023/HestiaInsta_062323_0.png,HestiaInsta_062323_0,2023,0,0,0,0,0,0,0,0,0,0,0,0,0,0,0,0,0
HESTIAINSTA_062423_0,C:\Users\Eric\Documents\cig-ads-image\data\images\HESTIAINSTA_062423_0.png,Ad images for Yiqun/Hestia/Hestia Instagram/Hestia Instagram 2023/HestiaInsta_062423_0.png,HestiaInsta_062423_0,2023,0,0,0,0,0,0,0,0,0,0,0,0,0,0,0,0,0
HESTIAINSTA_062523_0,C:\Users\Eric\Documents\cig-ads-image\data\images\HESTIAINSTA_062523_0.png,Ad images for Yiqun/Hestia/Hestia Instagram/Hestia Instagram 2023/HestiaInsta_062523_0.png,HestiaInsta_062523_0,2023,0,0,0,0,1,0,0,0,0,0,0,0,0,0,0,0,0
HESTIAINSTA_062723_0,C:\Users\Eric\Documents\cig-ads-image\data\images\HESTIAINSTA_062723_0.png,Ad images for Yiqun/Hestia/Hestia Instagram/Hestia Instagram 2023/HestiaInsta_062723_0.png,HestiaInsta_062723_0,2023,0,0,0,0,1,0,1,0,0,0,0,0,0,0,0,0,0
HESTIAINSTA_062823_0,C:\Users\Eric\Documents\cig-ads-image\data\images\HESTIAINSTA_062823_0.png,Ad images for Yiqun/Hestia/Hestia Instagram/Hestia Instagram 2023/HestiaInsta_062823_0.png,HestiaInsta_062823_0,2023,0,0,0,0,0,0,0,0,0,0,0,0,0,0,0,0,0
HESTIAINSTA_062922_0,C:\Users\Eric\Documents\cig-ads-image\data\images\HESTIAINSTA_062922_0.png,Ad images for Yiqun/Hestia/Hestia Instagram/Hestia Instagram 2022/HestiaInsta_062922_0.png,HestiaInsta_062922_0,2022,0,1,0,0,0,0,0,0,0,0,0,0,0,0,0,0,0
HESTIAINSTA_063023_0,C:\Users\Eric\Documents\cig-ads-image\data\images\HESTIAINSTA_063023_0.png,Ad images for Yiqun/Hestia/Hestia Instagram/Hestia Instagram 2023/HestiaInsta_063023_0.png,HestiaInsta_063023_0,2023,0,0,0,0,0,0,1,0,0,0,0,0,0,0,0,1,0
HESTIAINSTA_070223_0,C:\Users\Eric\Documents\cig-ads-image\data\images\HESTIAINSTA_070223_0.png,Ad images for Yiqun/Hestia/Hestia Instagram/Hestia Instagram 2023/HestiaInsta_070223_0.png,HestiaInsta_070223_0,2023,0,0,0,1,0,0,0,0,0,0,0,0,0,0,0,0,0
HESTIAINSTA_070423_0,C:\Users\Eric\Documents\cig-ads-image\data\images\HESTIAINSTA_070423_0.png,Ad images for Yiqun/Hestia/Hestia Instagram/Hestia Instagram 2023/HestiaInsta_070423_0.png,HestiaInsta_070423_0,2023,0,0,0,0,0,0,0,0,0,0,0,0,0,1,0,0,0
HESTIAINSTA_070523_0,C:\Users\Eric\Documents\cig-ads-image\data\images\HESTIAINSTA_070523_0.png,Ad images for Yiqun/Hestia/Hestia Instagram/Hestia Instagram 2023/HestiaInsta_070523_0.png,HestiaInsta_070523_0,2023,0,0,0,0,0,0,0,0,0,0,0,0,0,0,1,0,0
HESTIAINSTA_070622_0,C:\Users\Eric\Documents\cig-ads-image\data\images\HESTIAINSTA_070622_0.png,Ad images for Yiqun/Hestia/Hestia Instagram/Hestia Instagram 2022/HestiaInsta_070622_0.png,HestiaInsta_070622_0,2022,0,0,0,0,0,0,0,0,0,0,0,0,0,0,0,0,0
HESTIAINSTA_070722_0,C:\Users\Eric\Documents\cig-ads-image\data\images\HESTIAINSTA_070722_0.png,Ad images for Yiqun/Hestia/Hestia Instagram/Hestia Instagram 2022/HestiaInsta_070722_0.png,HestiaInsta_070722_0,2022,0,0,0,0,0,0,0,0,0,0,0,0,0,0,0,0,0
HESTIAINSTA_070822_0,C:\Users\Eric\Documents\cig-ads-image\data\images\HESTIAINSTA_070822_0.png,Ad images for Yiqun/Hestia/Hestia Instagram/Hestia Instagram 2022/HestiaInsta_070822_0.png,HestiaInsta_070822_0,2022,0,0,0,0,0,0,0,0,0,0,1,0,0,0,0,0,0
HESTIAINSTA_070923_0,C:\Users\Eric\Documents\cig-ads-image\data\images\HESTIAINSTA_070923_0.png,Ad images for Yiqun/Hestia/Hestia Instagram/Hestia Instagram 2023/HestiaInsta_070923_0.png,HestiaInsta_070923_0,2023,0,1,0,0,0,0,0,0,0,0,0,0,0,0,0,0,0
HESTIAINSTA_071023_0,C:\Users\Eric\Documents\cig-ads-image\data\images\HESTIAINSTA_071023_0.png,Ad images for Yiqun/Hestia/Hestia Instagram/Hestia Instagram 2023/HestiaInsta_071023_0.png,HestiaInsta_071023_0,2023,0,0,0,0,0,0,1,0,0,0,0,0,0,1,0,0,0
HESTIAINSTA_071222_0,C:\Users\Eric\Documents\cig-ads-image\data\images\HESTIAINSTA_071222_0.png,Ad images for Yiqun/Hestia/Hestia Instagram/Hestia Instagram 2022/HestiaInsta_071222_0.png,HestiaInsta_071222_0,2022,0,0,0,0,0,0,0,0,0,0,0,0,0,0,0,0,0
HESTIAINSTA_071323_0,C:\Users\Eric\Documents\cig-ads-image\data\images\HESTIAINSTA_071323_0.png,Ad images for Yiqun/Hestia/Hestia Instagram/Hestia Instagram 2023/HestiaInsta_071323_0.png,HestiaInsta_071323_0,2023,0,0,0,0,0,0,1,1,0,0,1,0,0,0,0,0,0
HESTIAINSTA_071422_0,C:\Users\Eric\Documents\cig-ads-image\data\images\HESTIAINSTA_071422_0.png,Ad images for Yiqun/Hestia/Hestia Instagram/Hestia Instagram 2022/HestiaInsta_071422_0.png,HestiaInsta_071422_0,2022,0,0,0,0,0,0,0,0,0,0,0,0,0,0,0,0,0
HESTIAINSTA_071922_0,C:\Users\Eric\Documents\cig-ads-image\data\images\HESTIAINSTA_071922_0.png,Ad images for Yiqun/Hestia/Hestia Instagram/Hestia Instagram 2022/HestiaInsta_071922_0.png,HestiaInsta_071922_0,2022,0,0,0,0,0,0,0,0,0,0,0,0,0,0,0,0,0
HESTIAINSTA_072023_0,C:\Users\Eric\Documents\cig-ads-image\data\images\HESTIAINSTA_072023_0.png,Ad images for Yiqun/Hestia/Hestia Instagram/Hestia Instagram 2023/HestiaInsta_072023_0A.png,HestiaInsta_072023_0,2023,0,0,0,0,1,0,0,0,0,0,0,0,0,0,0,0,0
HESTIAINSTA_072122_0,C:\Users\Eric\Documents\cig-ads-image\data\images\HESTIAINSTA_072122_0.png,Ad images for Yiqun/Hestia/Hestia Instagram/Hestia Instagram 2022/HestiaInsta_072122_0.png,HestiaInsta_072122_0,2022,0,0,0,0,0,0,0,0,0,0,0,0,0,0,0,0,0
HESTIAINSTA_072123_0,C:\Users\Eric\Documents\cig-ads-image\data\images\HESTIAINSTA_072123_0.png,Ad images for Yiqun/Hestia/Hestia Instagram/Hestia Instagram 2023/HestiaInsta_072123_0.png,HestiaInsta_072123_0,2023,0,0,0,0,0,0,0,0,0,0,0,0,0,0,0,0,0
HESTIAINSTA_072222_0,C:\Users\Eric\Documents\cig-ads-image\data\images\HESTIAINSTA_072222_0.png,Ad images for Yiqun/Hestia/Hestia Instagram/Hestia Instagram 2022/HestiaInsta_072222_0.png,HestiaInsta_072222_0,2022,0,0,0,0,0,0,0,0,0,0,0,0,0,0,0,0,0
HESTIAINSTA_072222_1,C:\Users\Eric\Documents\cig-ads-image\data\images\HESTIAINSTA_072222_1.png,Ad images for Yiqun/Hestia/Hestia Instagram/Hestia Instagram 2022/HestiaInsta_072222_1.png,HestiaInsta_072222_1,2022,0,0,0,0,0,0,0,0,0,0,0,0,0,0,0,0,0
HESTIAINSTA_072223_0,C:\Users\Eric\Documents\cig-ads-image\data\images\HESTIAINSTA_072223_0.png,Ad images for Yiqun/Hestia/Hestia Instagram/Hestia Instagram 2023/HestiaInsta_072223_0.png,HestiaInsta_072223_0,2023,0,1,0,0,0,0,0,1,0,0,0,0,0,0,0,0,0
HESTIAINSTA_072322_0,C:\Users\Eric\Documents\cig-ads-image\data\images\HESTIAINSTA_072322_0.png,Ad images for Yiqun/Hestia/Hestia Instagram/Hestia Instagram 2022/HestiaInsta_072322_0.png,HestiaInsta_072322_0,2022,0,1,0,0,0,0,0,0,0,0,0,0,0,0,0,0,0
HESTIAINSTA_072323_0,C:\Users\Eric\Documents\cig-ads-image\data\images\HESTIAINSTA_072323_0.png,Ad images for Yiqun/Hestia/Hestia Instagram/Hestia Instagram 2023/HestiaInsta_072323_0.png,HestiaInsta_072323_0,2023,0,0,0,0,0,0,1,0,0,0,0,0,0,0,0,0,0
HESTIAINSTA_072422_0,C:\Users\Eric\Documents\cig-ads-image\data\images\HESTIAINSTA_072422_0.png,Ad images for Yiqun/Hestia/Hestia Instagram/Hestia Instagram 2022/HestiaInsta_072422_0.png,HestiaInsta_072422_0,2022,0,1,0,0,0,0,0,0,0,0,0,0,0,0,0,0,0
HESTIAINSTA_072522_0,C:\Users\Eric\Documents\cig-ads-image\data\images\HESTIAINSTA_072522_0.png,Ad images for Yiqun/Hestia/Hestia Instagram/Hestia Instagram 2022/HestiaInsta_072522_0.png,HestiaInsta_072522_0,2022,0,0,0,0,0,0,0,0,0,0,0,0,0,0,0,0,0
HESTIAINSTA_072622_0,C:\Users\Eric\Documents\cig-ads-image\data\images\HESTIAINSTA_072622_0.png,Ad images for Yiqun/Hestia/Hestia Instagram/Hestia Instagram 2022/HestiaInsta_072622_0.png,HestiaInsta_072622_0,2022,0,1,0,0,1,0,0,0,0,0,0,0,0,0,0,0,0
HESTIAINSTA_072923_0,C:\Users\Eric\Documents\cig-ads-image\data\images\HESTIAINSTA_072923_0.png,Ad images for Yiqun/Hestia/Hestia Instagram/Hestia Instagram 2023/HestiaInsta_072923_0.png,HestiaInsta_072923_0,2023,0,0,0,0,0,0,1,0,0,0,0,0,0,0,0,0,0
HESTIAINSTA_073023_0,C:\Users\Eric\Documents\cig-ads-image\data\images\HESTIAINSTA_073023_0.png,Ad images for Yiqun/Hestia/Hestia Instagram/Hestia Instagram 2023/HestiaInsta_073023_0.png,HestiaInsta_073023_0,2023,0,0,0,0,0,0,0,0,0,0,0,0,0,0,1,0,0
HESTIAINSTA_073122_0,C:\Users\Eric\Documents\cig-ads-image\data\images\HESTIAINSTA_073122_0.png,Ad images for Yiqun/Hestia/Hestia Instagram/Hestia Instagram 2022/HestiaInsta_073122_0.png,HestiaInsta_073122_0,2022,0,1,0,0,1,0,0,0,0,0,0,0,0,1,0,0,0
HESTIAINSTA_080122_0,C:\Users\Eric\Documents\cig-ads-image\data\images\HESTIAINSTA_080122_0.png,Ad images for Yiqun/Hestia/Hestia Instagram/Hestia Instagram 2022/HestiaInsta_080122_0.png,HestiaInsta_080122_0,2022,0,0,0,0,0,0,0,0,0,0,0,0,0,1,1,0,0
HESTIAINSTA_080123_0,C:\Users\Eric\Documents\cig-ads-image\data\images\HESTIAINSTA_080123_0.png,Ad images for Yiqun/Hestia/Hestia Instagram/Hestia Instagram 2023/HestiaInsta_080123_0.png,HestiaInsta_080123_0,2023,0,0,0,0,0,0,0,1,0,0,0,0,0,1,1,0,0
HESTIAINSTA_080123_1,C:\Users\Eric\Documents\cig-ads-image\data\images\HESTIAINSTA_080123_1.png,Ad images for Yiqun/Hestia/Hestia Instagram/Hestia Instagram 2023/HestiaInsta_080123_1.png,HestiaInsta_080123_1,2023,0,0,0,0,0,0,0,0,0,0,0,0,0,0,0,0,0
HESTIAINSTA_080223_0,C:\Users\Eric\Documents\cig-ads-image\data\images\HESTIAINSTA_080223_0.png,Ad images for Yiqun/Hestia/Hestia Instagram/Hestia Instagram 2023/HestiaInsta_080223_0.png,HestiaInsta_080223_0,2023,0,0,0,0,0,1,1,0,0,0,0,0,0,0,0,0,0
HESTIAINSTA_080423_0,C:\Users\Eric\Documents\cig-ads-image\data\images\HESTIAINSTA_080423_0.png,Ad images for Yiqun/Hestia/Hestia Instagram/Hestia Instagram 2023/HestiaInsta_080423_0.png,HestiaInsta_080423_0,2023,0,0,0,0,0,0,0,0,0,0,0,0,0,0,0,0,0
HESTIAINSTA_080722_0,C:\Users\Eric\Documents\cig-ads-image\data\images\HESTIAINSTA_080722_0.png,Ad images for Yiqun/Hestia/Hestia Instagram/Hestia Instagram 2022/HestiaInsta_080722_0.png,HestiaInsta_080722_0,2022,0,1,0,0,0,0,0,0,0,0,0,0,0,0,0,0,0
HESTIAINSTA_080723_0,C:\Users\Eric\Documents\cig-ads-image\data\images\HESTIAINSTA_080723_0.png,Ad images for Yiqun/Hestia/Hestia Instagram/Hestia Instagram 2023/HestiaInsta_080723_0.png,HestiaInsta_080723_0,2023,0,0,0,0,0,0,0,0,0,0,0,0,0,0,0,0,0
HESTIAINSTA_080922_0,C:\Users\Eric\Documents\cig-ads-image\data\images\HESTIAINSTA_080922_0.png,Ad images for Yiqun/Hestia/Hestia Instagram/Hestia Instagram 2022/HestiaInsta_080922_0.png,HestiaInsta_080922_0,2022,0,0,0,0,0,0,0,0,0,0,0,0,0,0,0,0,0
HESTIAINSTA_080923_0,C:\Users\Eric\Documents\cig-ads-image\data\images\HESTIAINSTA_080923_0.png,Ad images for Yiqun/Hestia/Hestia Instagram/Hestia Instagram 2023/HestiaInsta_080923_0.png,HestiaInsta_080923_0,2023,0,0,0,0,0,0,0,0,0,0,0,0,0,0,0,0,0
HESTIAINSTA_081023_0,C:\Users\Eric\Documents\cig-ads-image\data\images\HESTIAINSTA_081023_0.png,Ad images for Yiqun/Hestia/Hestia Instagram/Hestia Instagram 2023/HestiaInsta_081023_0.png,HestiaInsta_081023_0,2023,0,0,0,0,0,0,0,0,0,0,0,0,0,0,0,0,0
HESTIAINSTA_081322_0,C:\Users\Eric\Documents\cig-ads-image\data\images\HESTIAINSTA_081322_0.png,Ad images for Yiqun/Hestia/Hestia Instagram/Hestia Instagram 2022/HestiaInsta_081322_0.png,HestiaInsta_081322_0,2022,0,1,0,0,1,0,0,0,0,0,0,0,0,0,0,0,0
HESTIAINSTA_081423_0,C:\Users\Eric\Documents\cig-ads-image\data\images\HESTIAINSTA_081423_0.png,Ad images for Yiqun/Hestia/Hestia Instagram/Hestia Instagram 2023/HestiaInsta_081423_0.png,HestiaInsta_081423_0,2023,0,1,0,0,0,0,0,1,0,0,0,0,0,0,0,0,0
HESTIAINSTA_081523_0,C:\Users\Eric\Documents\cig-ads-image\data\images\HESTIAINSTA_081523_0.png,Ad images for Yiqun/Hestia/Hestia Instagram/Hestia Instagram 2023/HestiaInsta_081523_0.png,HestiaInsta_081523_0,2023,0,0,0,1,0,0,1,0,0,0,0,0,0,1,0,0,0
HESTIAINSTA_081822_0,C:\Users\Eric\Documents\cig-ads-image\data\images\HESTIAINSTA_081822_0.png,Ad images for Yiqun/Hestia/Hestia Instagram/Hestia Instagram 2022/HestiaInsta_081822_0.png,HestiaInsta_081822_0,2022,0,0,0,0,0,0,0,0,0,0,0,0,0,0,0,1,0
HESTIAINSTA_081922_0,C:\Users\Eric\Documents\cig-ads-image\data\images\HESTIAINSTA_081922_0.png,Ad images for Yiqun/Hestia/Hestia Instagram/Hestia Instagram 2022/HestiaInsta_081922_0.png,HestiaInsta_081922_0,2022,0,1,0,0,0,0,0,0,0,0,0,0,0,1,0,0,0
HESTIAINSTA_082222_0,C:\Users\Eric\Documents\cig-ads-image\data\images\HESTIAINSTA_082222_0.png,Ad images for Yiqun/Hestia/Hestia Instagram/Hestia Instagram 2022/HestiaInsta_082222_0.png,HestiaInsta_082222_0,2022,0,1,0,0,0,0,0,0,0,0,0,0,0,0,0,0,0
HESTIAINSTA_082223_0,C:\Users\Eric\Documents\cig-ads-image\data\images\HESTIAINSTA_082223_0.png,Ad images for Yiqun/Hestia/Hestia Instagram/Hestia Instagram 2023/HestiaInsta_082223_0.png,HestiaInsta_082223_0,2023,0,1,0,0,1,0,0,0,0,0,0,0,0,0,0,0,0
HESTIAINSTA_082423_0,C:\Users\Eric\Documents\cig-ads-image\data\images\HESTIAINSTA_082423_0.png,Ad images for Yiqun/Hestia/Hestia Instagram/Hestia Instagram 2023/HestiaInsta_082423_0.png,HestiaInsta_082423_0,2023,0,0,0,0,0,1,0,0,0,0,1,0,0,0,0,0,0
HESTIAINSTA_082522_0,C:\Users\Eric\Documents\cig-ads-image\data\images\HESTIAINSTA_082522_0.png,Ad images for Yiqun/Hestia/Hestia Instagram/Hestia Instagram 2022/HestiaInsta_082522_0.png,HestiaInsta_082522_0,2022,0,0,0,0,0,0,0,0,0,0,0,0,0,1,1,0,0
HESTIAINSTA_082523_0,C:\Users\Eric\Documents\cig-ads-image\data\images\HESTIAINSTA_082523_0.png,Ad images for Yiqun/Hestia/Hestia Instagram/Hestia Instagram 2023/HestiaInsta_082523_0.png,HestiaInsta_082523_0,2023,0,1,0,0,0,0,0,0,0,0,0,0,0,0,0,1,0
HESTIAINSTA_082622_0,C:\Users\Eric\Documents\cig-ads-image\data\images\HESTIAINSTA_082622_0.png,Ad images for Yiqun/Hestia/Hestia Instagram/Hestia Instagram 2022/HestiaInsta_082622_0.png,HestiaInsta_082622_0,2022,0,1,0,0,0,0,0,0,0,0,0,0,0,0,1,0,0
HESTIAINSTA_082722_0,C:\Users\Eric\Documents\cig-ads-image\data\images\HESTIAINSTA_082722_0.png,Ad images for Yiqun/Hestia/Hestia Instagram/Hestia Instagram 2022/HestiaInsta_082722_0.png,HestiaInsta_082722_0,2022,0,1,0,0,0,0,0,0,0,0,0,0,0,1,0,0,0
HESTIAINSTA_082723_0,C:\Users\Eric\Documents\cig-ads-image\data\images\HESTIAINSTA_082723_0.png,Ad images for Yiqun/Hestia/Hestia Instagram/Hestia Instagram 2023/HestiaInsta_082723_0.png,HestiaInsta_082723_0,2023,0,1,0,0,0,0,0,0,0,0,0,0,0,0,0,0,0
HESTIAINSTA_082823_0,C:\Users\Eric\Documents\cig-ads-image\data\images\HESTIAINSTA_082823_0.png,Ad images for Yiqun/Hestia/Hestia Instagram/Hestia Instagram 2023/HestiaInsta_082823_0A.png,HestiaInsta_082823_0,2023,0,0,0,0,1,1,0,0,0,0,1,0,0,0,0,0,0
HESTIAINSTA_083023_0,C:\Users\Eric\Documents\cig-ads-image\data\images\HESTIAINSTA_083023_0.png,Ad images for Yiqun/Hestia/Hestia Instagram/Hestia Instagram 2023/HestiaInsta_083023_0.png,HestiaInsta_083023_0,2023,0,0,0,0,0,0,0,0,0,0,0,0,0,0,1,0,0
HESTIAINSTA_090122_0,C:\Users\Eric\Documents\cig-ads-image\data\images\HESTIAINSTA_090122_0.png,Ad images for Yiqun/Hestia/Hestia Instagram/Hestia Instagram 2022/HestiaInsta_090122_0.png,HestiaInsta_090122_0,2022,0,1,0,0,1,0,0,0,0,0,1,0,0,1,0,0,0
HESTIAINSTA_090123_0,C:\Users\Eric\Documents\cig-ads-image\data\images\HESTIAINSTA_090123_0.png,Ad images for Yiqun/Hestia/Hestia Instagram/Hestia Instagram 2023/HestiaInsta_090123_0.png,HestiaInsta_090123_0,2023,0,0,0,0,0,0,0,0,0,0,0,0,0,0,1,0,0
HESTIAINSTA_090123_1,C:\Users\Eric\Documents\cig-ads-image\data\images\HESTIAINSTA_090123_1.png,Ad images for Yiqun/Hestia/Hestia Instagram/Hestia Instagram 2023/HestiaInsta_090123_1.png,HestiaInsta_090123_1,2023,0,0,0,0,0,0,0,1,0,0,0,0,0,0,0,0,0
HESTIAINSTA_090223_0,C:\Users\Eric\Documents\cig-ads-image\data\images\HESTIAINSTA_090223_0.png,Ad images for Yiqun/Hestia/Hestia Instagram/Hestia Instagram 2023/HestiaInsta_090223_0.png,HestiaInsta_090223_0,2023,0,0,0,0,0,0,0,0,1,0,0,0,0,0,0,0,0
HESTIAINSTA_090423_0,C:\Users\Eric\Documents\cig-ads-image\data\images\HESTIAINSTA_090423_0.png,Ad images for Yiqun/Hestia/Hestia Instagram/Hestia Instagram 2023/HestiaInsta_090423_0.png,HestiaInsta_090423_0,2023,0,0,0,0,0,0,0,0,0,0,0,0,0,0,0,0,0
HESTIAINSTA_090822_0,C:\Users\Eric\Documents\cig-ads-image\data\images\HESTIAINSTA_090822_0.png,Ad images for Yiqun/Hestia/Hestia Instagram/Hestia Instagram 2022/HestiaInsta_090822_0.png,HestiaInsta_090822_0,2022,0,0,0,0,0,0,1,0,0,0,1,1,0,0,0,1,0
HESTIAINSTA_091323_0,C:\Users\Eric\Documents\cig-ads-image\data\images\HESTIAINSTA_091323_0.png,Ad images for Yiqun/Hestia/Hestia Instagram/Hestia Instagram 2023/HestiaInsta_091323_0.png,HestiaInsta_091323_0,2023,0,0,0,0,0,0,0,0,0,0,0,0,0,0,0,0,0
HESTIAINSTA_091323_1,C:\Users\Eric\Documents\cig-ads-image\data\images\HESTIAINSTA_091323_1.png,Ad images for Yiqun/Hestia/Hestia Instagram/Hestia Instagram 2023/HestiaInsta_091323_1.png,HestiaInsta_091323_1,2023,0,0,0,0,0,0,1,0,0,0,0,0,0,0,0,0,0
HESTIAINSTA_091623_0,C:\Users\Eric\Documents\cig-ads-image\data\images\HESTIAINSTA_091623_0.png,Ad images for Yiqun/Hestia/Hestia Instagram/Hestia Instagram 2023/HestiaInsta_091623_0.png,HestiaInsta_091623_0,2023,0,0,0,0,0,0,0,1,0,0,0,0,0,0,0,0,0
HESTIAINSTA_091823_0,C:\Users\Eric\Documents\cig-ads-image\data\images\HESTIAINSTA_091823_0.png,Ad images for Yiqun/Hestia/Hestia Instagram/Hestia Instagram 2023/HestiaInsta_091823_0.png,HestiaInsta_091823_0,2023,0,0,0,0,0,1,0,1,0,0,0,0,0,0,0,0,0
HESTIAINSTA_091923_0,C:\Users\Eric\Documents\cig-ads-image\data\images\HESTIAINSTA_091923_0.png,Ad images for Yiqun/Hestia/Hestia Instagram/Hestia Instagram 2023/HestiaInsta_091923_0.png,HestiaInsta_091923_0,2023,0,0,0,0,0,0,0,1,0,0,0,0,0,0,0,0,0
HESTIAINSTA_092722_0,C:\Users\Eric\Documents\cig-ads-image\data\images\HESTIAINSTA_092722_0.png,Ad images for Yiqun/Hestia/Hestia Instagram/Hestia Instagram 2022/HestiaInsta_092722_0.png,HestiaInsta_092722_0,2022,0,0,0,0,0,0,0,0,0,0,1,0,0,0,1,0,0
HESTIAINSTA_092723_0,C:\Users\Eric\Documents\cig-ads-image\data\images\HESTIAINSTA_092723_0.png,Ad images for Yiqun/Hestia/Hestia Instagram/Hestia Instagram 2023/HestiaInsta_092723_0.png,HestiaInsta_092723_0,2023,0,0,0,0,0,0,1,0,0,0,1,1,0,0,0,0,0
HESTIAINSTA_092822_0,C:\Users\Eric\Documents\cig-ads-image\data\images\HESTIAINSTA_092822_0.png,Ad images for Yiqun/Hestia/Hestia Instagram/Hestia Instagram 2022/HestiaInsta_092822_0.png,HestiaInsta_092822_0,2022,0,0,0,0,0,0,0,0,0,0,0,0,0,0,0,0,0
HESTIAINSTA_100123_0,C:\Users\Eric\Documents\cig-ads-image\data\images\HESTIAINSTA_100123_0.png,Ad images for Yiqun/Hestia/Hestia Instagram/Hestia Instagram 2023/HestiaInsta_100123_0.png,HestiaInsta_100123_0,2023,0,1,0,0,0,0,0,0,0,0,0,0,0,0,0,0,0
HESTIAINSTA_100223_0,C:\Users\Eric\Documents\cig-ads-image\data\images\HESTIAINSTA_100223_0.png,Ad images for Yiqun/Hestia/Hestia Instagram/Hestia Instagram 2023/HestiaInsta_100223_0.png,HestiaInsta_100223_0,2023,0,0,0,0,1,0,0,0,0,0,1,0,0,0,0,0,0
HESTIAINSTA_100322_0,C:\Users\Eric\Documents\cig-ads-image\data\images\HESTIAINSTA_100322_0.png,Ad images for Yiqun/Hestia/Hestia Instagram/Hestia Instagram 2022/HestiaInsta_100322_0A.png,HestiaInsta_100322_0,2022,0,0,0,0,0,0,0,0,0,0,0,0,0,1,0,0,0
HESTIAINSTA_100323_0,C:\Users\Eric\Documents\cig-ads-image\data\images\HESTIAINSTA_100323_0.png,Ad images for Yiqun/Hestia/Hestia Instagram/Hestia Instagram 2023/HestiaInsta_100323_0.png,HestiaInsta_100323_0,2023,0,0,0,0,0,0,0,0,0,0,1,0,0,0,0,0,0
HESTIAINSTA_100323_1,C:\Users\Eric\Documents\cig-ads-image\data\images\HESTIAINSTA_100323_1.png,Ad images for Yiqun/Hestia/Hestia Instagram/Hestia Instagram 2023/HestiaInsta_100323_1.png,HestiaInsta_100323_1,2023,0,0,0,0,0,1,0,0,0,0,1,0,0,0,0,0,0
HESTIAINSTA_100423_0,C:\Users\Eric\Documents\cig-ads-image\data\images\HESTIAINSTA_100423_0.png,Ad images for Yiqun/Hestia/Hestia Instagram/Hestia Instagram 2023/HestiaInsta_100423_0.png,HestiaInsta_100423_0,2023,0,0,0,0,0,0,0,0,0,0,0,0,0,0,1,0,0
HESTIAINSTA_100523_0,C:\Users\Eric\Documents\cig-ads-image\data\images\HESTIAINSTA_100523_0.png,Ad images for Yiqun/Hestia/Hestia Instagram/Hestia Instagram 2023/HestiaInsta_100523_0.png,HestiaInsta_100523_0,2023,0,0,0,0,1,0,0,0,0,0,0,0,0,1,1,0,0
HESTIAINSTA_100923_0,C:\Users\Eric\Documents\cig-ads-image\data\images\HESTIAINSTA_100923_0.png,Ad images for Yiqun/Hestia/Hestia Instagram/Hestia Instagram 2023/HestiaInsta_100923_0.png,HestiaInsta_100923_0,2023,0,0,0,0,0,0,1,0,0,0,0,0,0,0,0,0,0
HESTIAINSTA_101122_0,C:\Users\Eric\Documents\cig-ads-image\data\images\HESTIAINSTA_101122_0.png,Ad images for Yiqun/Hestia/Hestia Instagram/Hestia Instagram 2022/HestiaInsta_101122_0A.png,HestiaInsta_101122_0,2022,0,0,0,0,0,0,0,0,0,0,0,0,0,0,0,0,0
HESTIAINSTA_101122_1,C:\Users\Eric\Documents\cig-ads-image\data\images\HESTIAINSTA_101122_1.png,Ad images for Yiqun/Hestia/Hestia Instagram/Hestia Instagram 2022/HestiaInsta_101122_1.png,HestiaInsta_101122_1,2022,0,1,0,0,0,0,0,0,0,0,0,0,0,1,0,0,0
HESTIAINSTA_102023_0,C:\Users\Eric\Documents\cig-ads-image\data\images\HESTIAINSTA_102023_0.png,Ad images for Yiqun/Hestia/Hestia Instagram/Hestia Instagram 2023/HestiaInsta_102023_0A.png,HestiaInsta_102023_0,2023,0,0,0,0,0,0,0,0,0,0,0,0,0,1,0,0,0
HESTIAINSTA_102422_0,C:\Users\Eric\Documents\cig-ads-image\data\images\HESTIAINSTA_102422_0.png,Ad images for Yiqun/Hestia/Hestia Instagram/Hestia Instagram 2022/HestiaInsta_102422_0.png,HestiaInsta_102422_0,2022,0,1,0,0,0,0,0,0,0,0,0,0,0,0,0,0,0
HESTIAINSTA_102422_1,C:\Users\Eric\Documents\cig-ads-image\data\images\HESTIAINSTA_102422_1.png,Ad images for Yiqun/Hestia/Hestia Instagram/Hestia Instagram 2022/HestiaInsta_102422_1.png,HestiaInsta_102422_1,2022,0,0,0,0,0,0,0,0,0,0,0,0,0,0,0,0,0
HESTIAINSTA_102422_2,C:\Users\Eric\Documents\cig-ads-image\data\images\HESTIAINSTA_102422_2.png,Ad images for Yiqun/Hestia/Hestia Instagram/Hestia Instagram 2022/HestiaInsta_102422_2.png,HestiaInsta_102422_2,2022,0,0,0,0,0,0,0,0,0,0,0,0,0,0,0,0,0
HESTIAINSTA_102622_0,C:\Users\Eric\Documents\cig-ads-image\data\images\HESTIAINSTA_102622_0.png,Ad images for Yiqun/Hestia/Hestia Instagram/Hestia Instagram 2022/HestiaInsta_102622_0.png,HestiaInsta_102622_0,2022,0,0,1,0,0,0,0,0,0,0,0,0,0,0,0,0,0
HESTIAINSTA_102723_0,C:\Users\Eric\Documents\cig-ads-image\data\images\HESTIAINSTA_102723_0.png,Ad images for Yiqun/Hestia/Hestia Instagram/Hestia Instagram 2023/HestiaInsta_102723_0.png,HestiaInsta_102723_0,2023,0,1,0,0,0,0,0,0,0,0,0,0,0,0,0,0,0
HESTIAINSTA_103022_0,C:\Users\Eric\Documents\cig-ads-image\data\images\HESTIAINSTA_103022_0.png,Ad images for Yiqun/Hestia/Hestia Instagram/Hestia Instagram 2022/HestiaInsta_103022_0.png,HestiaInsta_103022_0,2022,0,0,0,0,0,0,0,0,0,0,0,0,0,0,0,1,0
HESTIAINSTA_103023_0,C:\Users\Eric\Documents\cig-ads-image\data\images\HESTIAINSTA_103023_0.png,Ad images for Yiqun/Hestia/Hestia Instagram/Hestia Instagram 2023/HestiaInsta_103023_0A.png,HestiaInsta_103023_0,2023,0,0,0,0,0,1,0,1,0,0,0,0,0,0,0,0,0
HESTIAINSTA_103023_1,C:\Users\Eric\Documents\cig-ads-image\data\images\HESTIAINSTA_103023_1.png,Ad images for Yiqun/Hestia/Hestia Instagram/Hestia Instagram 2023/HestiaInsta_103023_1.png,HestiaInsta_103023_1,2023,0,1,0,0,0,0,0,0,0,0,0,0,0,1,0,0,0
HESTIAINSTA_110322_1,C:\Users\Eric\Documents\cig-ads-image\data\images\HESTIAINSTA_110322_1.png,Ad images for Yiqun/Hestia/Hestia Instagram/Hestia Instagram 2022/HestiaInsta_110322_1.png,HestiaInsta_110322_1,2022,0,0,0,0,0,0,0,0,0,0,0,0,0,0,0,0,0
HESTIAINSTA_110422_0,C:\Users\Eric\Documents\cig-ads-image\data\images\HESTIAINSTA_110422_0.png,Ad images for Yiqun/Hestia/Hestia Instagram/Hestia Instagram 2022/HestiaInsta_110422_0.png,HestiaInsta_110422_0,2022,0,0,0,0,1,0,0,0,0,0,0,0,0,1,0,0,0
HESTIAINSTA_110623_0,C:\Users\Eric\Documents\cig-ads-image\data\images\HESTIAINSTA_110623_0.png,Ad images for Yiqun/Hestia/Hestia Instagram/Hestia Instagram 2023/HestiaInsta_110623_0.png,HestiaInsta_110623_0,2023,0,0,0,0,0,0,0,0,0,0,0,0,0,0,0,1,0
HESTIAINSTA_110722_0,C:\Users\Eric\Documents\cig-ads-image\data\images\HESTIAINSTA_110722_0.png,Ad images for Yiqun/Hestia/Hestia Instagram/Hestia Instagram 2022/HestiaInsta_110722_0.png,HestiaInsta_110722_0,2022,0,0,0,0,0,0,0,0,0,0,0,0,0,0,0,0,0
HESTIAINSTA_110722_2,C:\Users\Eric\Documents\cig-ads-image\data\images\HESTIAINSTA_110722_2.png,Ad images for Yiqun/Hestia/Hestia Instagram/Hestia Instagram 2022/HestiaInsta_110722_2.png,HestiaInsta_110722_2,2022,0,0,0,0,0,0,0,0,0,0,0,0,0,0,0,0,0
HESTIAINSTA_110922_1,C:\Users\Eric\Documents\cig-ads-image\data\images\HESTIAINSTA_110922_1.png,Ad images for Yiqun/Hestia/Hestia Instagram/Hestia Instagram 2022/HestiaInsta_110922_1.png,HestiaInsta_110922_1,2022,0,0,0,0,0,0,0,0,0,0,0,0,0,0,0,0,0
HESTIAINSTA_111022_0,C:\Users\Eric\Documents\cig-ads-image\data\images\HESTIAINSTA_111022_0.png,Ad images for Yiqun/Hestia/Hestia Instagram/Hestia Instagram 2022/HestiaInsta_111022_0.png,HestiaInsta_111022_0,2022,0,0,0,0,0,0,0,0,0,0,0,0,0,1,1,1,0
HESTIAINSTA_111122_0,C:\Users\Eric\Documents\cig-ads-image\data\images\HESTIAINSTA_111122_0.png,Ad images for Yiqun/Hestia/Hestia Instagram/Hestia Instagram 2022/HestiaInsta_111122_0.png,HestiaInsta_111122_0,2022,0,0,0,0,0,0,0,0,0,0,0,0,0,0,0,0,0
HESTIAINSTA_111223_0,C:\Users\Eric\Documents\cig-ads-image\data\images\HESTIAINSTA_111223_0.png,Ad images for Yiqun/Hestia/Hestia Instagram/Hestia Instagram 2023/HestiaInsta_111223_0.png,HestiaInsta_111223_0,2023,0,0,0,0,0,0,0,0,0,0,0,0,0,1,0,0,0
HESTIAINSTA_111223_1,C:\Users\Eric\Documents\cig-ads-image\data\images\HESTIAINSTA_111223_1.png,Ad images for Yiqun/Hestia/Hestia Instagram/Hestia Instagram 2023/HestiaInsta_111223_1.png,HestiaInsta_111223_1,2023,0,0,0,0,1,0,0,0,0,0,0,0,0,1,0,0,0
HESTIAINSTA_111422_0,C:\Users\Eric\Documents\cig-ads-image\data\images\HESTIAINSTA_111422_0.png,Ad images for Yiqun/Hestia/Hestia Instagram/Hestia Instagram 2022/HestiaInsta_111422_0.png,HestiaInsta_111422_0,2022,0,0,0,0,0,0,0,0,0,0,0,0,0,0,0,0,0
HESTIAINSTA_111422_1,C:\Users\Eric\Documents\cig-ads-image\data\images\HESTIAINSTA_111422_1.png,Ad images for Yiqun/Hestia/Hestia Instagram/Hestia Instagram 2022/HestiaInsta_111422_1.png,HestiaInsta_111422_1,2022,0,0,0,0,0,0,0,0,0,0,0,0,0,1,0,0,0
HESTIAINSTA_111623_0,C:\Users\Eric\Documents\cig-ads-image\data\images\HESTIAINSTA_111623_0.png,Ad images for Yiqun/Hestia/Hestia Instagram/Hestia Instagram 2023/HestiaInsta_111623_0.png,HestiaInsta_111623_0,2023,0,1,0,0,1,0,0,0,0,0,0,0,0,0,1,0,0
HESTIAINSTA_111922_0,C:\Users\Eric\Documents\cig-ads-image\data\images\HESTIAINSTA_111922_0.png,Ad images for Yiqun/Hestia/Hestia Instagram/Hestia Instagram 2022/HestiaInsta_111922_0.png,HestiaInsta_111922_0,2022,0,0,0,0,0,0,0,0,0,0,1,0,0,0,1,1,0
HESTIAINSTA_112023_0,C:\Users\Eric\Documents\cig-ads-image\data\images\HESTIAINSTA_112023_0.png,Ad images for Yiqun/Hestia/Hestia Instagram/Hestia Instagram 2023/HestiaInsta_112023_0.png,HestiaInsta_112023_0,2023,0,0,0,0,1,0,0,1,0,0,0,0,0,0,0,0,0
HESTIAINSTA_112323_0,C:\Users\Eric\Documents\cig-ads-image\data\images\HESTIAINSTA_112323_0.png,Ad images for Yiqun/Hestia/Hestia Instagram/Hestia Instagram 2023/HestiaInsta_112323_0.png,HestiaInsta_112323_0​,2023,0,0,0,0,0,0,0,0,0,0,0,0,0,0,0,0,0
HESTIAINSTA_112422_0,C:\Users\Eric\Documents\cig-ads-image\data\images\HESTIAINSTA_112422_0.png,Ad images for Yiqun/Hestia/Hestia Instagram/Hestia Instagram 2022/HestiaInsta_112422_0.png,HestiaInsta_112422_0,2022,0,0,0,0,0,0,0,0,0,0,1,0,0,0,0,0,0
HESTIAINSTA_112522_0,C:\Users\Eric\Documents\cig-ads-image\data\images\HESTIAINSTA_112522_0.png,Ad images for Yiqun/Hestia/Hestia Instagram/Hestia Instagram 2022/HestiaInsta_112522_0.png,HestiaInsta_112522_0,2022,0,0,0,0,0,0,0,0,0,0,0,0,0,1,1,0,0
HESTIAINSTA_112622_0,C:\Users\Eric\Documents\cig-ads-image\data\images\HESTIAINSTA_112622_0.png,Ad images for Yiqun/Hestia/Hestia Instagram/Hestia Instagram 2022/HestiaInsta_112622_0.png,HestiaInsta_112622_0,2022,0,0,0,0,1,0,0,0,0,0,0,0,0,0,0,0,0
HESTIAINSTA_112822_0,C:\Users\Eric\Documents\cig-ads-image\data\images\HESTIAINSTA_112822_0.png,Ad images for Yiqun/Hestia/Hestia Instagram/Hestia Instagram 2022/HestiaInsta_112822_0.png,HestiaInsta_112822_0,2022,0,0,0,0,0,0,0,0,0,0,0,0,0,0,0,0,0
HESTIAINSTA_112922_0,C:\Users\Eric\Documents\cig-ads-image\data\images\HESTIAINSTA_112922_0.png,Ad images for Yiqun/Hestia/Hestia Instagram/Hestia Instagram 2022/HestiaInsta_112922_0.png,HestiaInsta_112922_0,2022,0,0,0,0,0,0,0,0,0,0,1,0,0,1,0,0,0
HESTIAINSTA_112922_1,C:\Users\Eric\Documents\cig-ads-image\data\images\HESTIAINSTA_112922_1.png,Ad images for Yiqun/Hestia/Hestia Instagram/Hestia Instagram 2022/HestiaInsta_112922_1.png,HestiaInsta_112922_1,2022,0,0,0,0,0,0,0,0,0,0,1,0,0,0,0,0,0
HESTIAINSTA_120123_0,C:\Users\Eric\Documents\cig-ads-image\data\images\HESTIAINSTA_120123_0.png,Ad images for Yiqun/Hestia/Hestia Instagram/Hestia Instagram 2023/HestiaInsta_120123_0.png,HestiaInsta_120123_0,2023,0,0,0,0,0,0,0,0,0,0,1,0,0,0,0,0,0
HESTIAINSTA_120722_0,C:\Users\Eric\Documents\cig-ads-image\data\images\HESTIAINSTA_120722_0.png,Ad images for Yiqun/Hestia/Hestia Instagram/Hestia Instagram 2022/HestiaInsta_120722_0.png,HestiaInsta_120722_0,2022,0,0,0,0,0,0,0,0,0,0,1,0,0,0,0,0,0
HESTIAINSTA_120922_0,C:\Users\Eric\Documents\cig-ads-image\data\images\HESTIAINSTA_120922_0.png,Ad images for Yiqun/Hestia/Hestia Instagram/Hestia Instagram 2022/HestiaInsta_120922_0.png,HestiaInsta_120922_0,2022,0,1,0,0,0,0,0,0,0,0,0,0,0,1,0,0,0
HESTIAINSTA_120923_0,C:\Users\Eric\Documents\cig-ads-image\data\images\HESTIAINSTA_120923_0.png,Ad images for Yiqun/Hestia/Hestia Instagram/Hestia Instagram 2023/HestiaInsta_120923_0.png,HestiaInsta_120923_0​,2023,0,0,0,0,0,0,0,0,0,0,0,0,0,1,0,0,0
HESTIAINSTA_121222_0,C:\Users\Eric\Documents\cig-ads-image\data\images\HESTIAINSTA_121222_0.png,Ad images for Yiqun/Hestia/Hestia Instagram/Hestia Instagram 2022/HestiaInsta_121222_0.png,HestiaInsta_121222_0,2022,0,0,0,0,0,0,0,0,0,0,1,0,0,0,0,0,0
HESTIAINSTA_121922_0,C:\Users\Eric\Documents\cig-ads-image\data\images\HESTIAINSTA_121922_0.png,Ad images for Yiqun/Hestia/Hestia Instagram/Hestia Instagram 2022/HestiaInsta_121922_0.png,HestiaInsta_121922_0,2022,0,1,0,0,0,0,0,0,0,0,1,0,0,0,0,0,0
HESTIAINSTA_122023_0,C:\Users\Eric\Documents\cig-ads-image\data\images\HESTIAINSTA_122023_0.png,Ad images for Yiqun/Hestia/Hestia Instagram/Hestia Instagram 2023/HestiaInsta_122023_0A.png,HestiaInsta_122023_0,2023,0,1,0,0,0,0,1,0,0,0,0,0,0,1,0,0,0
HESTIAINSTA_122223_0,C:\Users\Eric\Documents\cig-ads-image\data\images\HESTIAINSTA_122223_0.png,Ad images for Yiqun/Hestia/Hestia Instagram/Hestia Instagram 2023/HestiaInsta_122223_0.png,HestiaInsta_122223_0,2023,0,0,0,0,0,0,1,0,0,0,0,0,0,0,0,0,0
HESTIAINSTA_122622_0,C:\Users\Eric\Documents\cig-ads-image\data\images\HESTIAINSTA_122622_0.png,Ad images for Yiqun/Hestia/Hestia Instagram/Hestia Instagram 2022/HestiaInsta_122622_0.png,HestiaInsta_122622_0,2022,0,1,0,0,0,0,0,0,0,0,0,0,0,1,0,0,0
HESTIAINSTA_122723_0,C:\Users\Eric\Documents\cig-ads-image\data\images\HESTIAINSTA_122723_0.png,Ad images for Yiqun/Hestia/Hestia Instagram/Hestia Instagram 2023/HestiaInsta_122723_0.png,HestiaInsta_122723_0,2023,0,1,0,0,0,0,0,1,0,0,0,0,0,0,0,0,0
HESTIATWIT_010223_0,C:\Users\Eric\Documents\cig-ads-image\data\images\HESTIATWIT_010223_0.png,Ad images for Yiqun/Hestia/Hestia Twitter/Hestia Twitter 2023/HestiaTwit_010223_0.png,HestiaTwit_010223_0,2023,0,0,0,0,0,0,0,0,0,0,0,0,0,0,0,0,0
HESTIATWIT_010522_0,C:\Users\Eric\Documents\cig-ads-image\data\images\HESTIATWIT_010522_0.png,Ad images for Yiqun/Hestia/Hestia Twitter/Hestia Twitter 2022/HestiaTwit_010522_0.png,HestiaTwit_010522_0,2022,0,0,0,0,0,0,0,0,0,0,0,0,0,0,0,0,0
HESTIATWIT_010523_0,C:\Users\Eric\Documents\cig-ads-image\data\images\HESTIATWIT_010523_0.png,Ad images for Yiqun/Hestia/Hestia Twitter/Hestia Twitter 2023/HestiaTwit_010523_0.png,HestiaTwit_010523_0,2023,0,0,0,0,0,0,0,0,0,0,0,0,0,0,0,0,0
HESTIATWIT_010923_0,C:\Users\Eric\Documents\cig-ads-image\data\images\HESTIATWIT_010923_0.png,Ad images for Yiqun/Hestia/Hestia Twitter/Hestia Twitter 2023/HestiaTwit_010923_0.png,HestiaTwit_010923_0,2023,0,0,0,0,0,0,0,0,0,0,0,0,0,0,0,0,0
HESTIATWIT_011023_0,C:\Users\Eric\Documents\cig-ads-image\data\images\HESTIATWIT_011023_0.png,Ad images for Yiqun/Hestia/Hestia Twitter/Hestia Twitter 2023/HestiaTwit_011023_0.png,HestiaTwit_011023_0,2023,0,0,0,0,0,0,0,0,0,0,0,0,0,0,1,0,0
HESTIATWIT_011222_0,C:\Users\Eric\Documents\cig-ads-image\data\images\HESTIATWIT_011222_0.png,Ad images for Yiqun/Hestia/Hestia Twitter/Hestia Twitter 2022/HestiaTwit_011222_0.png,HestiaTwit_011222_0,2022,0,0,0,0,0,0,0,0,0,0,0,0,0,0,0,0,0
HESTIATWIT_011223_0,C:\Users\Eric\Documents\cig-ads-image\data\images\HESTIATWIT_011223_0.png,Ad images for Yiqun/Hestia/Hestia Twitter/Hestia Twitter 2023/HestiaTwit_011223_0.png,HestiaTwit_011223_0,2023,0,0,0,0,0,0,0,0,0,0,0,0,0,0,0,0,0
HESTIATWIT_012623_0,C:\Users\Eric\Documents\cig-ads-image\data\images\HESTIATWIT_012623_0.png,Ad images for Yiqun/Hestia/Hestia Twitter/Hestia Twitter 2023/HestiaTwit_012623_0.png,HestiaTwit_012623_0,2023,0,0,0,1,1,0,0,0,0,0,0,0,0,0,0,0,0
HESTIATWIT_012823_0,C:\Users\Eric\Documents\cig-ads-image\data\images\HESTIATWIT_012823_0.png,Ad images for Yiqun/Hestia/Hestia Twitter/Hestia Twitter 2023/HestiaTwit_012823_0.png,HestiaTwit_012823_0,2023,0,0,0,0,0,0,0,0,0,0,0,0,0,1,0,0,0
HESTIATWIT_012823_1,C:\Users\Eric\Documents\cig-ads-image\data\images\HESTIATWIT_012823_1.png,Ad images for Yiqun/Hestia/Hestia Twitter/Hestia Twitter 2023/HestiaTwit_012823_1.png,HestiaTwit_012823_1,2023,0,0,0,0,0,0,0,0,0,0,0,0,0,1,0,0,0
HESTIATWIT_012823_2,C:\Users\Eric\Documents\cig-ads-image\data\images\HESTIATWIT_012823_2.png,Ad images for Yiqun/Hestia/Hestia Twitter/Hestia Twitter 2023/HestiaTwit_012823_2.png,HestiaTwit_012823_2,2023,0,0,0,0,0,0,0,0,0,0,0,0,0,1,0,0,0
HESTIATWIT_012923_0,C:\Users\Eric\Documents\cig-ads-image\data\images\HESTIATWIT_012923_0.png,Ad images for Yiqun/Hestia/Hestia Twitter/Hestia Twitter 2023/HestiaTwit_012923_0.png,HestiaTwit_012923_0,2023,0,0,0,0,0,0,0,0,0,0,0,0,0,0,0,0,0
HESTIATWIT_020122_0,C:\Users\Eric\Documents\cig-ads-image\data\images\HESTIATWIT_020122_0.png,Ad images for Yiqun/Hestia/Hestia Twitter/Hestia Twitter 2022/HestiaTwit_020122_0.png,HestiaTwit_020122_0,2022,0,0,0,0,0,0,0,0,0,0,0,0,0,0,0,0,0
HESTIATWIT_020122_1,C:\Users\Eric\Documents\cig-ads-image\data\images\HESTIATWIT_020122_1.png,Ad images for Yiqun/Hestia/Hestia Twitter/Hestia Twitter 2022/HestiaTwit_020122_1.png,HestiaTwit_020122_1,2022,0,0,0,0,0,1,1,0,0,0,1,0,0,0,0,0,0
HESTIATWIT_020223_0,C:\Users\Eric\Documents\cig-ads-image\data\images\HESTIATWIT_020223_0.png,Ad images for Yiqun/Hestia/Hestia Twitter/Hestia Twitter 2023/HestiaTwit_020223_0A.png,HestiaTwit_020223_0,2023,0,0,0,0,0,0,0,0,0,0,0,0,0,1,1,0,0
HESTIATWIT_020223_1,C:\Users\Eric\Documents\cig-ads-image\data\images\HESTIATWIT_020223_1.png,Ad images for Yiqun/Hestia/Hestia Twitter/Hestia Twitter 2023/HestiaTwit_020223_1.png,HestiaTwit_020223_1,2023,0,0,0,0,0,0,0,0,0,0,0,0,0,1,1,1,0
HESTIATWIT_020323_0,C:\Users\Eric\Documents\cig-ads-image\data\images\HESTIATWIT_020323_0.png,Ad images for Yiqun/Hestia/Hestia Twitter/Hestia Twitter 2023/HestiaTwit_020323_0.png,HestiaTwit_020323_0,2023,0,0,0,0,0,0,0,0,0,0,0,0,0,1,1,0,0
HESTIATWIT_020323_1,C:\Users\Eric\Documents\cig-ads-image\data\images\HESTIATWIT_020323_1.png,Ad images for Yiqun/Hestia/Hestia Twitter/Hestia Twitter 2023/HestiaTwit_020323_1A.png,HestiaTwit_020323_1,2023,0,0,0,0,0,0,1,1,0,0,0,0,0,0,0,0,0
HESTIATWIT_020422_0,C:\Users\Eric\Documents\cig-ads-image\data\images\HESTIATWIT_020422_0.png,Ad images for Yiqun/Hestia/Hestia Twitter/Hestia Twitter 2022/HestiaTwit_020422_0.png,HestiaTwit_020422_0,2022,0,0,0,0,0,0,1,0,0,0,1,0,0,0,0,0,0
HESTIATWIT_020423_0,C:\Users\Eric\Documents\cig-ads-image\data\images\HESTIATWIT_020423_0.png,Ad images for Yiqun/Hestia/Hestia Twitter/Hestia Twitter 2023/HestiaTwit_020423_0A.png,HestiaTwit_020423_0,2023,0,0,0,0,0,0,0,0,0,0,0,0,0,1,0,0,0
HESTIATWIT_020423_1,C:\Users\Eric\Documents\cig-ads-image\data\images\HESTIATWIT_020423_1.png,Ad images for Yiqun/Hestia/Hestia Twitter/Hestia Twitter 2023/HestiaTwit_020423_1A.png,HestiaTwit_020423_1,2023,0,0,0,0,0,0,0,0,0,0,0,0,0,1,0,0,0
HESTIATWIT_020423_2,C:\Users\Eric\Documents\cig-ads-image\data\images\HESTIATWIT_020423_2.png,Ad images for Yiqun/Hestia/Hestia Twitter/Hestia Twitter 2023/HestiaTwit_020423_2A.png,HestiaTwit_020423_2,2023,0,1,0,0,0,0,1,0,0,0,0,1,0,0,1,0,0
HESTIATWIT_020423_3,C:\Users\Eric\Documents\cig-ads-image\data\images\HESTIATWIT_020423_3.png,Ad images for Yiqun/Hestia/Hestia Twitter/Hestia Twitter 2023/HestiaTwit_020423_3​.png,HestiaTwit_020423_3,2023,0,0,0,0,0,0,0,0,0,0,0,0,0,1,0,0,0
HESTIATWIT_020522_0,C:\Users\Eric\Documents\cig-ads-image\data\images\HESTIATWIT_020522_0.png,Ad images for Yiqun/Hestia/Hestia Twitter/Hestia Twitter 2022/HestiaTwit_020522_0.png,HestiaTwit_020522_0,2022,0,0,0,0,0,0,0,0,0,0,0,0,0,0,0,1,0
HESTIATWIT_020523_0,C:\Users\Eric\Documents\cig-ads-image\data\images\HESTIATWIT_020523_0.png,Ad images for Yiqun/Hestia/Hestia Twitter/Hestia Twitter 2023/HestiaTwit_020523_0.png,HestiaTwit_020523_0,2023,0,0,0,0,0,0,0,1,0,0,0,0,0,1,0,0,0
HESTIATWIT_020523_1,C:\Users\Eric\Documents\cig-ads-image\data\images\HESTIATWIT_020523_1.png,Ad images for Yiqun/Hestia/Hestia Twitter/Hestia Twitter 2023/HestiaTwit_020523_1.png,HestiaTwit_020523_1,2023,0,0,0,0,0,0,0,0,0,0,0,0,0,0,1,0,0
HESTIATWIT_020523_2,C:\Users\Eric\Documents\cig-ads-image\data\images\HESTIATWIT_020523_2.png,Ad images for Yiqun/Hestia/Hestia Twitter/Hestia Twitter 2023/HestiaTwit_020523_2A.png,HestiaTwit_020523_2,2023,0,0,0,0,0,0,1,0,0,0,0,0,0,0,0,0,0
HESTIATWIT_020523_3,C:\Users\Eric\Documents\cig-ads-image\data\images\HESTIATWIT_020523_3.png,Ad images for Yiqun/Hestia/Hestia Twitter/Hestia Twitter 2023/HestiaTwit_020523_3.png,HestiaTwit_020523_3,2023,0,0,0,0,0,0,0,0,0,0,0,0,0,0,0,0,0
HESTIATWIT_020523_4,C:\Users\Eric\Documents\cig-ads-image\data\images\HESTIATWIT_020523_4.png,Ad images for Yiqun/Hestia/Hestia Twitter/Hestia Twitter 2023/HestiaTwit_020523_4​.png,HestiaTwit_020523_4,2023,0,0,0,0,0,0,0,0,0,0,0,0,0,0,0,0,0
HESTIATWIT_020623_0,C:\Users\Eric\Documents\cig-ads-image\data\images\HESTIATWIT_020623_0.png,Ad images for Yiqun/Hestia/Hestia Twitter/Hestia Twitter 2023/HestiaTwit_020623_0A.png,HestiaTwit_020623_0,2023,0,0,0,0,0,0,0,0,0,0,0,0,0,0,1,0,0
HESTIATWIT_020623_1,C:\Users\Eric\Documents\cig-ads-image\data\images\HESTIATWIT_020623_1.png,Ad images for Yiqun/Hestia/Hestia Twitter/Hestia Twitter 2023/HestiaTwit_020623_1​.png,HestiaTwit_020623_1,2023,0,0,0,0,0,0,0,0,0,0,0,0,0,0,0,0,0
HESTIATWIT_020623_2,C:\Users\Eric\Documents\cig-ads-image\data\images\HESTIATWIT_020623_2.png,Ad images for Yiqun/Hestia/Hestia Twitter/Hestia Twitter 2023/HestiaTwit_020623_2.png,HestiaTwit_020623_2,2023,0,0,0,0,0,0,0,0,0,0,0,0,0,1,1,0,0
HESTIATWIT_020823_0,C:\Users\Eric\Documents\cig-ads-image\data\images\HESTIATWIT_020823_0.png,Ad images for Yiqun/Hestia/Hestia Twitter/Hestia Twitter 2023/HestiaTwit_020823_0A.png,HestiaTwit_020823_0,2023,0,0,0,0,0,0,0,0,0,0,0,0,0,0,0,0,0
HESTIATWIT_020823_1,C:\Users\Eric\Documents\cig-ads-image\data\images\HESTIATWIT_020823_1.png,Ad images for Yiqun/Hestia/Hestia Twitter/Hestia Twitter 2023/HestiaTwit_020823_1.png,HestiaTwit_020823_1,2023,0,0,0,0,0,0,0,0,0,0,0,0,0,0,0,0,0
HESTIATWIT_020922_0,C:\Users\Eric\Documents\cig-ads-image\data\images\HESTIATWIT_020922_0.png,Ad images for Yiqun/Hestia/Hestia Twitter/Hestia Twitter 2022/HestiaTwit_020922_0.png,HestiaTwit_020922_0,2022,1,0,0,0,0,0,0,0,0,0,0,0,0,1,0,0,0
HESTIATWIT_020923_0,C:\Users\Eric\Documents\cig-ads-image\data\images\HESTIATWIT_020923_0.png,Ad images for Yiqun/Hestia/Hestia Twitter/Hestia Twitter 2023/HestiaTwit_020923_0.png,HestiaTwit_020923_0,2023,0,0,0,0,0,0,0,0,0,0,0,0,0,0,0,0,0
HESTIATWIT_021223_0,C:\Users\Eric\Documents\cig-ads-image\data\images\HESTIATWIT_021223_0.png,Ad images for Yiqun/Hestia/Hestia Twitter/Hestia Twitter 2023/HestiaTwit_021223_0​.png,HestiaTwit_021223_0,2023,0,0,0,0,0,0,0,0,0,0,0,0,0,1,0,0,0
HESTIATWIT_021223_1,C:\Users\Eric\Documents\cig-ads-image\data\images\HESTIATWIT_021223_1.png,Ad images for Yiqun/Hestia/Hestia Twitter/Hestia Twitter 2023/HestiaTwit_021223_1.png,HestiaTwit_021223_1,2023,0,0,0,0,0,0,0,0,0,0,0,0,0,1,0,0,0
HESTIATWIT_021323_0,C:\Users\Eric\Documents\cig-ads-image\data\images\HESTIATWIT_021323_0.png,Ad images for Yiqun/Hestia/Hestia Twitter/Hestia Twitter 2023/HestiaTwit_021323_0A.png,HestiaTwit_021323_0,2023,0,1,0,0,0,0,0,1,0,0,0,0,0,0,0,0,0
HESTIATWIT_021323_1,C:\Users\Eric\Documents\cig-ads-image\data\images\HESTIATWIT_021323_1.png,Ad images for Yiqun/Hestia/Hestia Twitter/Hestia Twitter 2023/HestiaTwit_021323_1​.png,HestiaTwit_021323_1,2023,0,0,0,0,0,0,0,0,0,0,0,0,0,0,0,0,0
HESTIATWIT_021323_2,C:\Users\Eric\Documents\cig-ads-image\data\images\HESTIATWIT_021323_2.png,Ad images for Yiqun/Hestia/Hestia Twitter/Hestia Twitter 2023/HestiaTwit_021323_2​.png,HestiaTwit_021323_2,2023,0,0,0,0,0,0,1,0,0,0,0,0,0,0,0,0,0
HESTIATWIT_021522_0,C:\Users\Eric\Documents\cig-ads-image\data\images\HESTIATWIT_021522_0.png,Ad images for Yiqun/Hestia/Hestia Twitter/Hestia Twitter 2022/HestiaTwit_021522_0.png,HestiaTwit_021522_0,2022,0,0,0,0,0,0,0,0,0,0,0,0,0,0,0,0,0
HESTIATWIT_021523_0,C:\Users\Eric\Documents\cig-ads-image\data\images\HESTIATWIT_021523_0.png,Ad images for Yiqun/Hestia/Hestia Twitter/Hestia Twitter 2023/HestiaTwit_021523_0.png,HestiaTwit_021523_0,2023,0,0,0,0,0,0,0,0,0,0,0,0,0,0,0,0,0
HESTIATWIT_021723_0,C:\Users\Eric\Documents\cig-ads-image\data\images\HESTIATWIT_021723_0.png,Ad images for Yiqun/Hestia/Hestia Twitter/Hestia Twitter 2023/HestiaTwit_021723_0A.png,HestiaTwit_021723_0,2023,0,0,0,0,0,0,0,0,0,0,0,0,0,1,0,0,0
HESTIATWIT_022122_0,C:\Users\Eric\Documents\cig-ads-image\data\images\HESTIATWIT_022122_0.png,Ad images for Yiqun/Hestia/Hestia Twitter/Hestia Twitter 2022/HestiaTwit_022122_0.png,HestiaTwit_022122_0,2022,0,0,0,0,0,0,0,0,0,0,0,0,0,0,0,0,0
HESTIATWIT_022123_0,C:\Users\Eric\Documents\cig-ads-image\data\images\HESTIATWIT_022123_0.png,Ad images for Yiqun/Hestia/Hestia Twitter/Hestia Twitter 2023/HestiaTwit_022123_0.png,HestiaTwit_022123_0,2023,0,0,0,0,0,0,0,0,0,0,0,0,0,1,0,0,0
HESTIATWIT_022423_0,C:\Users\Eric\Documents\cig-ads-image\data\images\HESTIATWIT_022423_0.png,Ad images for Yiqun/Hestia/Hestia Twitter/Hestia Twitter 2023/HestiaTwit_022423_0.png,HestiaTwit_022423_0,2023,0,0,0,0,0,0,0,0,0,0,0,0,0,1,0,0,0
HESTIATWIT_022823_0,C:\Users\Eric\Documents\cig-ads-image\data\images\HESTIATWIT_022823_0.png,Ad images for Yiqun/Hestia/Hestia Twitter/Hestia Twitter 2023/HestiaTwit_022823_0​.png,HestiaTwit_022823_0,2023,0,0,0,0,0,0,0,0,0,0,0,0,0,0,0,0,0
HESTIATWIT_022823_1,C:\Users\Eric\Documents\cig-ads-image\data\images\HESTIATWIT_022823_1.png,Ad images for Yiqun/Hestia/Hestia Twitter/Hestia Twitter 2023/HestiaTwit_022823_1.png,HestiaTwit_022823_1,2023,0,0,0,0,0,0,1,0,0,0,0,0,0,1,0,0,0
HESTIATWIT_030123_0,C:\Users\Eric\Documents\cig-ads-image\data\images\HESTIATWIT_030123_0.png,Ad images for Yiqun/Hestia/Hestia Twitter/Hestia Twitter 2023/HestiaTwit_030123_0​.png,HestiaTwit_030123_0,2023,0,0,0,0,0,0,0,0,0,0,0,0,0,1,1,0,0
HESTIATWIT_030123_1,C:\Users\Eric\Documents\cig-ads-image\data\images\HESTIATWIT_030123_1.png,Ad images for Yiqun/Hestia/Hestia Twitter/Hestia Twitter 2023/HestiaTwit_030123_1.png,HestiaTwit_030123_1,2023,0,1,0,0,0,0,0,0,0,0,0,0,0,1,0,0,0
HESTIATWIT_030123_2,C:\Users\Eric\Documents\cig-ads-image\data\images\HESTIATWIT_030123_2.png,Ad images for Yiqun/Hestia/Hestia Twitter/Hestia Twitter 2023/HestiaTwit_030123_2​A.png,HestiaTwit_030123_2,2023,0,0,0,0,0,0,0,1,0,0,0,1,0,1,0,0,0
HESTIATWIT_030123_3,C:\Users\Eric\Documents\cig-ads-image\data\images\HESTIATWIT_030123_3.png,Ad images for Yiqun/Hestia/Hestia Twitter/Hestia Twitter 2023/HestiaTwit_030123_3​.png,HestiaTwit_030123_3,2023,0,0,0,0,0,0,1,1,0,0,0,0,0,1,0,0,0
HESTIATWIT_030223_0,C:\Users\Eric\Documents\cig-ads-image\data\images\HESTIATWIT_030223_0.png,Ad images for Yiqun/Hestia/Hestia Twitter/Hestia Twitter 2023/HestiaTwit_030223_0​.png,HestiaTwit_030223_0,2023,0,0,0,0,0,0,1,0,0,0,0,0,0,1,0,0,0
HESTIATWIT_030223_1,C:\Users\Eric\Documents\cig-ads-image\data\images\HESTIATWIT_030223_1.png,Ad images for Yiqun/Hestia/Hestia Twitter/Hestia Twitter 2023/HestiaTwit_030223_1​.png,HestiaTwit_030223_1,2023,0,0,0,0,0,0,0,0,0,0,0,0,0,0,0,0,0
HESTIATWIT_030323_0,C:\Users\Eric\Documents\cig-ads-image\data\images\HESTIATWIT_030323_0.png,Ad images for Yiqun/Hestia/Hestia Twitter/Hestia Twitter 2023/HestiaTwit_030323_0​.png,HestiaTwit_030323_0,2023,0,0,0,0,0,0,1,0,0,0,0,1,0,0,0,0,0
HESTIATWIT_030523_0,C:\Users\Eric\Documents\cig-ads-image\data\images\HESTIATWIT_030523_0.png,Ad images for Yiqun/Hestia/Hestia Twitter/Hestia Twitter 2023/HestiaTwit_030523_0​.png,HestiaTwit_030523_0,2023,0,0,0,0,0,0,0,0,0,0,0,0,0,1,0,0,0
HESTIATWIT_030523_1,C:\Users\Eric\Documents\cig-ads-image\data\images\HESTIATWIT_030523_1.png,Ad images for Yiqun/Hestia/Hestia Twitter/Hestia Twitter 2023/HestiaTwit_030523_1​A.png,HestiaTwit_030523_1,2023,0,0,0,0,0,0,0,1,0,0,0,0,0,0,0,0,0
HESTIATWIT_030723_0,C:\Users\Eric\Documents\cig-ads-image\data\images\HESTIATWIT_030723_0.png,Ad images for Yiqun/Hestia/Hestia Twitter/Hestia Twitter 2023/HestiaTwit_030723_0​.png,HestiaTwit_030723_0,2023,0,1,0,0,0,0,0,1,0,0,0,0,0,0,0,0,0
HESTIATWIT_030723_1,C:\Users\Eric\Documents\cig-ads-image\data\images\HESTIATWIT_030723_1.png,Ad images for Yiqun/Hestia/Hestia Twitter/Hestia Twitter 2023/HestiaTwit_030723_1A.png,HestiaTwit_030723_1,2023,0,0,0,0,0,0,0,0,0,0,0,0,0,1,1,0,0
HESTIATWIT_030723_2,C:\Users\Eric\Documents\cig-ads-image\data\images\HESTIATWIT_030723_2.png,Ad images for Yiqun/Hestia/Hestia Twitter/Hestia Twitter 2023/HestiaTwit_030723_2A.png,HestiaTwit_030723_2,2023,0,0,0,0,0,0,0,0,0,0,0,0,0,1,0,0,0
HESTIATWIT_030823_0,C:\Users\Eric\Documents\cig-ads-image\data\images\HESTIATWIT_030823_0.png,Ad images for Yiqun/Hestia/Hestia Twitter/Hestia Twitter 2023/HestiaTwit_030823_0​A.png,HestiaTwit_030823_0,2023,0,0,0,0,0,0,0,0,0,0,0,0,0,1,1,0,0
HESTIATWIT_030823_1,C:\Users\Eric\Documents\cig-ads-image\data\images\HESTIATWIT_030823_1.png,Ad images for Yiqun/Hestia/Hestia Twitter/Hestia Twitter 2023/HestiaTwit_030823_1.png,HestiaTwit_030823_1,2023,0,1,0,1,1,0,0,0,0,0,0,0,0,0,0,0,0
HESTIATWIT_030923_0,C:\Users\Eric\Documents\cig-ads-image\data\images\HESTIATWIT_030923_0.png,Ad images for Yiqun/Hestia/Hestia Twitter/Hestia Twitter 2023/HestiaTwit_030923_0​A.png,HestiaTwit_030923_0,2023,0,1,0,0,0,0,0,0,0,0,0,0,0,0,0,0,0
HESTIATWIT_030923_1,C:\Users\Eric\Documents\cig-ads-image\data\images\HESTIATWIT_030923_1.png,Ad images for Yiqun/Hestia/Hestia Twitter/Hestia Twitter 2023/HestiaTwit_030923_1​.png,HestiaTwit_030923_1,2023,0,0,0,0,1,0,0,0,0,0,1,0,0,0,0,0,0
HESTIATWIT_030923_2,C:\Users\Eric\Documents\cig-ads-image\data\images\HESTIATWIT_030923_2.png,Ad images for Yiqun/Hestia/Hestia Twitter/Hestia Twitter 2023/HestiaTwit_030923_2​.png,HestiaTwit_030923_2,2023,0,0,0,0,0,0,0,0,0,0,0,0,0,1,0,0,0
HESTIATWIT_030923_3,C:\Users\Eric\Documents\cig-ads-image\data\images\HESTIATWIT_030923_3.png,Ad images for Yiqun/Hestia/Hestia Twitter/Hestia Twitter 2023/HestiaTwit_030923_3A​.png,HestiaTwit_030923_3,2023,0,0,0,0,0,0,0,0,0,0,0,0,0,1,1,0,0
HESTIATWIT_031023_0,C:\Users\Eric\Documents\cig-ads-image\data\images\HESTIATWIT_031023_0.png,Ad images for Yiqun/Hestia/Hestia Twitter/Hestia Twitter 2023/HestiaTwit_031023_0​A.png,HestiaTwit_031023_0,2023,0,1,0,0,0,0,0,0,0,0,0,0,0,1,1,0,0
HESTIATWIT_031023_1,C:\Users\Eric\Documents\cig-ads-image\data\images\HESTIATWIT_031023_1.png,Ad images for Yiqun/Hestia/Hestia Twitter/Hestia Twitter 2023/HestiaTwit_031023_1​.png,HestiaTwit_031023_1,2023,0,0,0,1,0,0,0,1,0,0,0,1,0,0,0,0,0
HESTIATWIT_031123_0,C:\Users\Eric\Documents\cig-ads-image\data\images\HESTIATWIT_031123_0.png,Ad images for Yiqun/Hestia/Hestia Twitter/Hestia Twitter 2023/HestiaTwit_031123_0​.png,HestiaTwit_031123_0,2023,0,0,0,0,0,0,0,0,0,0,0,0,0,1,1,0,0
HESTIATWIT_031123_1,C:\Users\Eric\Documents\cig-ads-image\data\images\HESTIATWIT_031123_1.png,Ad images for Yiqun/Hestia/Hestia Twitter/Hestia Twitter 2023/HestiaTwit_031123_1​.png,HestiaTwit_031123_1,2023,0,0,0,0,0,0,0,0,0,0,0,0,0,0,0,0,0
HESTIATWIT_031223_0,C:\Users\Eric\Documents\cig-ads-image\data\images\HESTIATWIT_031223_0.png,Ad images for Yiqun/Hestia/Hestia Twitter/Hestia Twitter 2023/HestiaTwit_031223_0​A.png,HestiaTwit_031223_0,2023,0,0,0,0,1,0,0,0,0,0,0,0,0,0,0,0,0
HESTIATWIT_031323_0,C:\Users\Eric\Documents\cig-ads-image\data\images\HESTIATWIT_031323_0.png,Ad images for Yiqun/Hestia/Hestia Twitter/Hestia Twitter 2023/HestiaTwit_031323_0​.png,HestiaTwit_031323_0,2023,0,0,0,0,0,0,1,1,0,0,0,0,0,0,0,0,0
HESTIATWIT_031323_1,C:\Users\Eric\Documents\cig-ads-image\data\images\HESTIATWIT_031323_1.png,Ad images for Yiqun/Hestia/Hestia Twitter/Hestia Twitter 2023/HestiaTwit_031323_1​.png,HestiaTwit_031323_1,2023,0,0,0,0,1,0,1,0,0,0,0,0,0,0,0,0,0
HESTIATWIT_031323_2,C:\Users\Eric\Documents\cig-ads-image\data\images\HESTIATWIT_031323_2.png,Ad images for Yiqun/Hestia/Hestia Twitter/Hestia Twitter 2023/HestiaTwit_031323_2​.png,HestiaTwit_031323_2,2023,0,0,0,0,1,0,1,0,0,0,0,0,0,0,0,0,0
HESTIATWIT_031423_0,C:\Users\Eric\Documents\cig-ads-image\data\images\HESTIATWIT_031423_0.png,Ad images for Yiqun/Hestia/Hestia Twitter/Hestia Twitter 2023/HestiaTwit_031423_0​.png,HestiaTwit_031423_0,2023,0,0,0,0,1,0,1,0,0,0,0,1,0,0,0,0,0
HESTIATWIT_031823_0,C:\Users\Eric\Documents\cig-ads-image\data\images\HESTIATWIT_031823_0.png,Ad images for Yiqun/Hestia/Hestia Twitter/Hestia Twitter 2023/HestiaTwit_031823_0​A.png,HestiaTwit_031823_0,2023,0,0,0,0,0,0,0,0,0,0,0,0,1,0,0,0,0
HESTIATWIT_032023_0,C:\Users\Eric\Documents\cig-ads-image\data\images\HESTIATWIT_032023_0.png,Ad images for Yiqun/Hestia/Hestia Twitter/Hestia Twitter 2023/HestiaTwit_032023_0A.png,HestiaTwit_032023_0,2023,0,1,0,0,0,0,0,0,0,0,0,0,0,1,0,0,0
HESTIATWIT_032123_0,C:\Users\Eric\Documents\cig-ads-image\data\images\HESTIATWIT_032123_0.png,Ad images for Yiqun/Hestia/Hestia Twitter/Hestia Twitter 2023/HestiaTwit_032123_0​A.png,HestiaTwit_032123_0,2023,0,0,0,0,0,0,0,0,0,0,1,0,0,1,0,0,0
HESTIATWIT_032222_0,C:\Users\Eric\Documents\cig-ads-image\data\images\HESTIATWIT_032222_0.png,Ad images for Yiqun/Hestia/Hestia Twitter/Hestia Twitter 2022/HestiaTwit_032222_0.png,HestiaTwit_032222_0,2022,0,0,0,0,0,0,0,0,0,0,0,0,0,0,0,0,0
HESTIATWIT_032323_0,C:\Users\Eric\Documents\cig-ads-image\data\images\HESTIATWIT_032323_0.png,Ad images for Yiqun/Hestia/Hestia Twitter/Hestia Twitter 2023/HestiaTwit_032323_0​A.png,HestiaTwit_032323_0,2023,0,0,0,0,0,0,0,0,0,0,0,0,0,0,0,0,0
HESTIATWIT_032323_1,C:\Users\Eric\Documents\cig-ads-image\data\images\HESTIATWIT_032323_1.png,Ad images for Yiqun/Hestia/Hestia Twitter/Hestia Twitter 2023/HestiaTwit_032323_1​.png,HestiaTwit_032323_1,2023,0,0,0,0,0,0,0,0,0,0,0,0,0,0,0,0,0
HESTIATWIT_032323_2,C:\Users\Eric\Documents\cig-ads-image\data\images\HESTIATWIT_032323_2.png,Ad images for Yiqun/Hestia/Hestia Twitter/Hestia Twitter 2023/HestiaTwit_032323_2​.png,HestiaTwit_032323_2,2023,0,0,0,0,1,0,0,0,0,0,0,0,0,0,0,0,0
HESTIATWIT_032323_3,C:\Users\Eric\Documents\cig-ads-image\data\images\HESTIATWIT_032323_3.png,Ad images for Yiqun/Hestia/Hestia Twitter/Hestia Twitter 2023/HestiaTwit_032323_3.png,HestiaTwit_032323_3,2023,0,0,0,0,0,1,1,0,0,0,0,0,0,0,0,0,0
HESTIATWIT_032323_4,C:\Users\Eric\Documents\cig-ads-image\data\images\HESTIATWIT_032323_4.png,Ad images for Yiqun/Hestia/Hestia Twitter/Hestia Twitter 2023/HestiaTwit_032323_4A.png,HestiaTwit_032323_4,2023,0,1,0,0,0,0,0,0,0,0,0,0,0,0,0,0,0
HESTIATWIT_032423_0,C:\Users\Eric\Documents\cig-ads-image\data\images\HESTIATWIT_032423_0.png,Ad images for Yiqun/Hestia/Hestia Twitter/Hestia Twitter 2023/HestiaTwit_032423_0​.png,HestiaTwit_032423_0,2023,0,0,0,0,0,0,0,0,0,0,0,0,0,1,1,0,0
HESTIATWIT_032523_0,C:\Users\Eric\Documents\cig-ads-image\data\images\HESTIATWIT_032523_0.png,Ad images for Yiqun/Hestia/Hestia Twitter/Hestia Twitter 2023/HestiaTwit_032523_0​.png,HestiaTwit_032523_0,2023,0,0,0,0,0,0,0,0,0,0,0,0,0,0,0,0,0
HESTIATWIT_032523_1,C:\Users\Eric\Documents\cig-ads-image\data\images\HESTIATWIT_032523_1.png,Ad images for Yiqun/Hestia/Hestia Twitter/Hestia Twitter 2023/HestiaTwit_032523_1​.png,HestiaTwit_032523_1,2023,0,0,0,0,0,0,0,0,0,0,0,0,0,0,0,0,0
HESTIATWIT_032723_0,C:\Users\Eric\Documents\cig-ads-image\data\images\HESTIATWIT_032723_0.png,Ad images for Yiqun/Hestia/Hestia Twitter/Hestia Twitter 2023/HestiaTwit_032723_0​.png,HestiaTwit_032723_0,2023,0,0,0,0,0,0,0,0,0,0,0,0,0,0,0,0,0
HESTIATWIT_032922_0,C:\Users\Eric\Documents\cig-ads-image\data\images\HESTIATWIT_032922_0.png,Ad images for Yiqun/Hestia/Hestia Twitter/Hestia Twitter 2022/HestiaTwit_032922_0.png,HestiaTwit_032922_0,2022,0,0,0,0,0,0,0,0,0,0,0,0,0,0,0,0,0
HESTIATWIT_040123_0,C:\Users\Eric\Documents\cig-ads-image\data\images\HESTIATWIT_040123_0.png,Ad images for Yiqun/Hestia/Hestia Twitter/Hestia Twitter 2023/HestiaTwit_040123_0​.png,HestiaTwit_040123_0,2023,0,0,0,0,0,0,0,1,0,0,0,0,0,0,0,0,0
HESTIATWIT_040323_0,C:\Users\Eric\Documents\cig-ads-image\data\images\HESTIATWIT_040323_0.png,Ad images for Yiqun/Hestia/Hestia Twitter/Hestia Twitter 2023/HestiaTwit_040323_0​A.png,HestiaTwit_040323_0,2023,0,0,0,0,0,0,1,1,0,0,0,0,0,0,0,0,0
HESTIATWIT_040422_0,C:\Users\Eric\Documents\cig-ads-image\data\images\HESTIATWIT_040422_0.png,Ad images for Yiqun/Hestia/Hestia Twitter/Hestia Twitter 2022/HestiaTwit_040422_0.png,HestiaTwit_040422_0,2022,0,0,0,0,0,0,0,0,0,0,0,0,0,0,0,0,0
HESTIATWIT_040522_0,C:\Users\Eric\Documents\cig-ads-image\data\images\HESTIATWIT_040522_0.png,Ad images for Yiqun/Hestia/Hestia Twitter/Hestia Twitter 2022/HestiaTwit_040522_0.png,HestiaTwit_040522_0,2022,0,0,0,0,0,0,0,1,0,0,0,0,0,0,0,0,0
HESTIATWIT_040522_1,C:\Users\Eric\Documents\cig-ads-image\data\images\HESTIATWIT_040522_1.png,Ad images for Yiqun/Hestia/Hestia Twitter/Hestia Twitter 2022/HestiaTwit_040522_1.png,HestiaTwit_040522_1,2022,0,0,0,0,0,0,0,0,0,0,0,0,0,0,0,0,0
HESTIATWIT_040523_0,C:\Users\Eric\Documents\cig-ads-image\data\images\HESTIATWIT_040523_0.png,Ad images for Yiqun/Hestia/Hestia Twitter/Hestia Twitter 2023/HestiaTwit_040523_0​A.png,HestiaTwit_040523_0,2023,0,1,0,0,0,0,0,0,0,0,0,0,0,0,1,0,0
HESTIATWIT_040523_1,C:\Users\Eric\Documents\cig-ads-image\data\images\HESTIATWIT_040523_1.png,Ad images for Yiqun/Hestia/Hestia Twitter/Hestia Twitter 2023/HestiaTwit_040523_1​.png,HestiaTwit_040523_1,2023,0,0,0,0,0,0,0,0,0,0,0,0,0,0,0,0,0
HESTIATWIT_040822_0,C:\Users\Eric\Documents\cig-ads-image\data\images\HESTIATWIT_040822_0.png,Ad images for Yiqun/Hestia/Hestia Twitter/Hestia Twitter 2022/HestiaTwit_040822_0.png,HestiaTwit_040822_0,2022,0,0,0,0,0,0,0,0,0,0,0,0,0,0,0,0,0
HESTIATWIT_040823_0,C:\Users\Eric\Documents\cig-ads-image\data\images\HESTIATWIT_040823_0.png,Ad images for Yiqun/Hestia/Hestia Twitter/Hestia Twitter 2023/HestiaTwit_040823_0A​.png,HestiaTwit_040823_0,2023,0,0,0,0,0,0,0,0,0,0,0,0,0,1,0,1,0
HESTIATWIT_040923_0,C:\Users\Eric\Documents\cig-ads-image\data\images\HESTIATWIT_040923_0.png,Ad images for Yiqun/Hestia/Hestia Twitter/Hestia Twitter 2023/HestiaTwit_040923_0​.png,HestiaTwit_040923_0,2023,0,0,0,0,0,0,1,0,0,0,0,1,0,0,0,0,0
HESTIATWIT_041022_0,C:\Users\Eric\Documents\cig-ads-image\data\images\HESTIATWIT_041022_0.png,Ad images for Yiqun/Hestia/Hestia Twitter/Hestia Twitter 2022/HestiaTwit_041022_0.png,HestiaTwit_041022_0,2022,0,0,0,0,1,0,0,0,0,0,0,0,0,0,0,0,0
HESTIATWIT_041123_0,C:\Users\Eric\Documents\cig-ads-image\data\images\HESTIATWIT_041123_0.png,Ad images for Yiqun/Hestia/Hestia Twitter/Hestia Twitter 2023/HestiaTwit_041123_0​.png,HestiaTwit_041123_0,2023,0,0,0,0,0,0,0,0,0,0,0,0,0,0,0,0,0
HESTIATWIT_041123_1,C:\Users\Eric\Documents\cig-ads-image\data\images\HESTIATWIT_041123_1.png,Ad images for Yiqun/Hestia/Hestia Twitter/Hestia Twitter 2023/HestiaTwit_041123_1​.png,HestiaTwit_041123_1,2023,0,0,0,0,0,0,0,0,0,0,0,0,0,0,0,0,0
HESTIATWIT_041222_0,C:\Users\Eric\Documents\cig-ads-image\data\images\HESTIATWIT_041222_0.png,Ad images for Yiqun/Hestia/Hestia Twitter/Hestia Twitter 2022/HestiaTwit_041222_0.png,HestiaTwit_041222_0,2022,0,0,0,0,0,0,0,0,0,0,0,0,0,0,0,0,0
HESTIATWIT_041422_0,C:\Users\Eric\Documents\cig-ads-image\data\images\HESTIATWIT_041422_0.png,Ad images for Yiqun/Hestia/Hestia Twitter/Hestia Twitter 2022/HestiaTwit_041422_0.png,HestiaTwit_041422_0,2022,0,0,0,0,0,0,0,0,0,0,0,0,0,0,0,1,0
HESTIATWIT_041522_0,C:\Users\Eric\Documents\cig-ads-image\data\images\HESTIATWIT_041522_0.png,Ad images for Yiqun/Hestia/Hestia Twitter/Hestia Twitter 2022/HestiaTwit_041522_0.png,HestiaTwit_041522_0,2022,0,0,0,0,0,0,0,0,0,0,0,0,0,1,0,0,0
HESTIATWIT_041522_1,C:\Users\Eric\Documents\cig-ads-image\data\images\HESTIATWIT_041522_1.png,Ad images for Yiqun/Hestia/Hestia Twitter/Hestia Twitter 2022/HestiaTwit_041522_1.png,HestiaTwit_041522_1,2022,0,0,0,0,0,0,0,0,0,0,0,0,0,1,0,0,0
HESTIATWIT_041522_2,C:\Users\Eric\Documents\cig-ads-image\data\images\HESTIATWIT_041522_2.png,Ad images for Yiqun/Hestia/Hestia Twitter/Hestia Twitter 2022/HestiaTwit_041522_2.png,HestiaTwit_041522_2,2022,0,0,0,0,0,0,0,0,0,0,0,0,0,1,0,1,0
HESTIATWIT_041522_3,C:\Users\Eric\Documents\cig-ads-image\data\images\HESTIATWIT_041522_3.png,Ad images for Yiqun/Hestia/Hestia Twitter/Hestia Twitter 2022/HestiaTwit_041522_3.png,HestiaTwit_041522_3,2022,0,0,0,0,0,0,1,0,0,0,0,0,0,0,0,0,0
HESTIATWIT_041622_0,C:\Users\Eric\Documents\cig-ads-image\data\images\HESTIATWIT_041622_0.png,Ad images for Yiqun/Hestia/Hestia Twitter/Hestia Twitter 2022/HestiaTwit_041622_0.png,HestiaTwit_041622_0,2022,0,1,0,0,0,0,0,0,0,0,0,0,0,1,0,0,0
HESTIATWIT_041622_1,C:\Users\Eric\Documents\cig-ads-image\data\images\HESTIATWIT_041622_1.png,Ad images for Yiqun/Hestia/Hestia Twitter/Hestia Twitter 2022/HestiaTwit_041622_1.png,HestiaTwit_041622_1,2022,0,0,0,0,0,0,0,0,0,0,0,0,0,1,0,0,0
HESTIATWIT_041822_1,C:\Users\Eric\Documents\cig-ads-image\data\images\HESTIATWIT_041822_1.png,Ad images for Yiqun/Hestia/Hestia Twitter/Hestia Twitter 2022/HestiaTwit_041822_1.png,HestiaTwit_041822_1,2022,0,0,0,0,0,0,0,0,0,0,0,0,0,0,0,0,0
HESTIATWIT_041923_0,C:\Users\Eric\Documents\cig-ads-image\data\images\HESTIATWIT_041923_0.png,Ad images for Yiqun/Hestia/Hestia Twitter/Hestia Twitter 2023/HestiaTwit_041923_0​.png,HestiaTwit_041923_0,2023,0,0,0,0,0,0,0,0,0,0,0,0,0,1,0,0,0
HESTIATWIT_042023_0,C:\Users\Eric\Documents\cig-ads-image\data\images\HESTIATWIT_042023_0.png,Ad images for Yiqun/Hestia/Hestia Twitter/Hestia Twitter 2023/HestiaTwit_042023_0​.png,HestiaTwit_042023_0,2023,0,0,0,0,0,1,0,0,1,0,0,0,0,1,0,1,0
HESTIATWIT_042023_1,C:\Users\Eric\Documents\cig-ads-image\data\images\HESTIATWIT_042023_1.png,Ad images for Yiqun/Hestia/Hestia Twitter/Hestia Twitter 2023/HestiaTwit_042023_1​.png,HestiaTwit_042023_1,2023,0,0,0,0,0,0,0,0,0,0,0,0,0,1,0,0,0
HESTIATWIT_042222_0,C:\Users\Eric\Documents\cig-ads-image\data\images\HESTIATWIT_042222_0.png,Ad images for Yiqun/Hestia/Hestia Twitter/Hestia Twitter 2022/HestiaTwit_042222_0.png,HestiaTwit_042222_0,2022,0,0,0,0,0,0,0,0,0,0,0,0,0,0,0,0,0
HESTIATWIT_042223_1,C:\Users\Eric\Documents\cig-ads-image\data\images\HESTIATWIT_042223_1.png,Ad images for Yiqun/Hestia/Hestia Twitter/Hestia Twitter 2023/HestiaTwit_042223_1​.png,HestiaTwit_042223_1,2023,0,0,0,0,0,0,0,0,0,0,0,0,0,0,0,0,0
HESTIATWIT_042223_2,C:\Users\Eric\Documents\cig-ads-image\data\images\HESTIATWIT_042223_2.png,Ad images for Yiqun/Hestia/Hestia Twitter/Hestia Twitter 2023/HestiaTwit_042223_2​.png,HestiaTwit_042223_2,2023,0,0,0,0,0,0,0,0,0,0,0,1,0,1,0,0,0
HESTIATWIT_042223_3,C:\Users\Eric\Documents\cig-ads-image\data\images\HESTIATWIT_042223_3.png,Ad images for Yiqun/Hestia/Hestia Twitter/Hestia Twitter 2023/HestiaTwit_042223_3.png,HestiaTwit_042223_3,2023,0,0,0,0,0,0,0,0,0,0,0,0,0,0,0,0,0
HESTIATWIT_042223_4,C:\Users\Eric\Documents\cig-ads-image\data\images\HESTIATWIT_042223_4.png,Ad images for Yiqun/Hestia/Hestia Twitter/Hestia Twitter 2023/HestiaTwit_042223_4.png,HestiaTwit_042223_4,2023,0,0,0,0,0,0,0,0,0,0,0,0,0,0,0,0,0
HESTIATWIT_042323_1,C:\Users\Eric\Documents\cig-ads-image\data\images\HESTIATWIT_042323_1.png,Ad images for Yiqun/Hestia/Hestia Twitter/Hestia Twitter 2023/HestiaTwit_042323_1​.png,HestiaTwit_042323_1,2023,0,0,0,0,0,0,0,0,0,0,0,0,0,0,0,0,0
HESTIATWIT_042323_2,C:\Users\Eric\Documents\cig-ads-image\data\images\HESTIATWIT_042323_2.png,Ad images for Yiqun/Hestia/Hestia Twitter/Hestia Twitter 2023/HestiaTwit_042323_2​.png,HestiaTwit_042323_2,2023,0,0,0,0,0,0,0,0,0,0,0,0,0,0,0,0,0
HESTIATWIT_042422_0,C:\Users\Eric\Documents\cig-ads-image\data\images\HESTIATWIT_042422_0.png,Ad images for Yiqun/Hestia/Hestia Twitter/Hestia Twitter 2022/HestiaTwit_042422_0.png,HestiaTwit_042422_0,2022,0,0,0,0,0,0,0,0,0,0,0,0,0,0,0,0,0
HESTIATWIT_042522_0,C:\Users\Eric\Documents\cig-ads-image\data\images\HESTIATWIT_042522_0.png,Ad images for Yiqun/Hestia/Hestia Twitter/Hestia Twitter 2022/HestiaTwit_042522_0.png,HestiaTwit_042522_0,2022,0,0,0,0,0,0,0,0,0,0,0,0,0,0,0,0,0
HESTIATWIT_042523_0,C:\Users\Eric\Documents\cig-ads-image\data\images\HESTIATWIT_042523_0.png,Ad images for Yiqun/Hestia/Hestia Twitter/Hestia Twitter 2023/HestiaTwit_042523_0​.png,HestiaTwit_042523_0,2023,0,0,0,0,0,0,0,0,0,0,0,1,0,0,0,0,0
HESTIATWIT_042523_1,C:\Users\Eric\Documents\cig-ads-image\data\images\HESTIATWIT_042523_1.png,Ad images for Yiqun/Hestia/Hestia Twitter/Hestia Twitter 2023/HestiaTwit_042523_1​.png,HestiaTwit_042523_1,2023,0,1,0,0,0,0,0,0,0,0,0,0,0,0,0,0,0
HESTIATWIT_042523_2,C:\Users\Eric\Documents\cig-ads-image\data\images\HESTIATWIT_042523_2.png,Ad images for Yiqun/Hestia/Hestia Twitter/Hestia Twitter 2023/HestiaTwit_042523_2​.png,HestiaTwit_042523_2,2023,0,0,0,0,0,0,0,0,0,0,0,0,0,0,0,0,0
HESTIATWIT_042622_0,C:\Users\Eric\Documents\cig-ads-image\data\images\HESTIATWIT_042622_0.png,Ad images for Yiqun/Hestia/Hestia Twitter/Hestia Twitter 2022/HestiaTwit_042622_0.png,HestiaTwit_042622_0,2022,0,1,0,0,0,0,0,0,0,0,0,0,0,0,0,0,0
HESTIATWIT_042723_0,C:\Users\Eric\Documents\cig-ads-image\data\images\HESTIATWIT_042723_0.png,Ad images for Yiqun/Hestia/Hestia Twitter/Hestia Twitter 2023/HestiaTwit_042723_0.png,HestiaTwit_042723_0,2023,0,0,0,0,0,0,0,0,0,0,0,1,0,0,0,0,0
HESTIATWIT_042723_1,C:\Users\Eric\Documents\cig-ads-image\data\images\HESTIATWIT_042723_1.png,Ad images for Yiqun/Hestia/Hestia Twitter/Hestia Twitter 2023/HestiaTwit_042723_1​.png,HestiaTwit_042723_1,2023,0,0,0,0,0,0,0,0,0,0,0,1,0,0,0,0,0
HESTIATWIT_042923_0,C:\Users\Eric\Documents\cig-ads-image\data\images\HESTIATWIT_042923_0.png,Ad images for Yiqun/Hestia/Hestia Twitter/Hestia Twitter 2023/HestiaTwit_042923_0​.png,HestiaTwit_042923_0,2023,0,0,0,0,0,0,0,0,0,0,0,0,0,1,0,1,0
HESTIATWIT_043022_0,C:\Users\Eric\Documents\cig-ads-image\data\images\HESTIATWIT_043022_0.png,Ad images for Yiqun/Hestia/Hestia Twitter/Hestia Twitter 2022/HestiaTwit_043022_0.png,HestiaTwit_043022_0,2022,0,0,0,0,0,0,0,0,0,0,0,0,0,1,0,0,0
HESTIATWIT_050122_0,C:\Users\Eric\Documents\cig-ads-image\data\images\HESTIATWIT_050122_0.png,Ad images for Yiqun/Hestia/Hestia Twitter/Hestia Twitter 2022/HestiaTwit_050122_0.png,HestiaTwit_050122_0,2022,0,0,0,0,0,0,0,0,0,0,0,0,0,0,0,0,0
HESTIATWIT_051522_0,C:\Users\Eric\Documents\cig-ads-image\data\images\HESTIATWIT_051522_0.png,Ad images for Yiqun/Hestia/Hestia Twitter/Hestia Twitter 2022/HestiaTwit_051522_0.png,HestiaTwit_051522_0,2022,0,0,0,0,0,0,0,0,0,0,0,0,0,1,0,0,0
HESTIATWIT_051522_1,C:\Users\Eric\Documents\cig-ads-image\data\images\HESTIATWIT_051522_1.png,Ad images for Yiqun/Hestia/Hestia Twitter/Hestia Twitter 2022/HestiaTwit_051522_1.png,HestiaTwit_051522_1,2022,0,0,0,0,0,0,0,0,0,0,0,0,0,1,0,0,0
HESTIATWIT_051822_0,C:\Users\Eric\Documents\cig-ads-image\data\images\HESTIATWIT_051822_0.png,Ad images for Yiqun/Hestia/Hestia Twitter/Hestia Twitter 2022/HestiaTwit_051822_0.png,HestiaTwit_051822_0,2022,0,0,0,0,0,0,0,0,0,0,0,0,0,0,0,0,0
HESTIATWIT_060722_0,C:\Users\Eric\Documents\cig-ads-image\data\images\HESTIATWIT_060722_0.png,Ad images for Yiqun/Hestia/Hestia Twitter/Hestia Twitter 2022/HestiaTwit_060722_0.png,HestiaTwit_060722_0,2022,0,0,0,0,0,0,0,0,0,0,0,0,0,1,0,0,0
HESTIATWIT_071422_0,C:\Users\Eric\Documents\cig-ads-image\data\images\HESTIATWIT_071422_0.png,Ad images for Yiqun/Hestia/Hestia Twitter/Hestia Twitter 2022/HestiaTwit_071422_0.png,HestiaTwit_071422_0,2022,0,0,0,0,0,0,0,1,0,0,0,0,0,0,0,0,0
HESTIATWIT_082722_0,C:\Users\Eric\Documents\cig-ads-image\data\images\HESTIATWIT_082722_0.png,Ad images for Yiqun/Hestia/Hestia Twitter/Hestia Twitter 2022/HestiaTwit_082722_0.png,HestiaTwit_082722_0,2022,0,0,0,0,0,0,0,0,0,0,0,0,0,1,0,0,0
HESTIATWIT_083122_0,C:\Users\Eric\Documents\cig-ads-image\data\images\HESTIATWIT_083122_0.png,Ad images for Yiqun/Hestia/Hestia Twitter/Hestia Twitter 2022/HestiaTwit_083122_0.png,HestiaTwit_083122_0,2022,0,0,0,0,0,0,0,0,0,0,0,0,0,0,0,0,0
HESTIATWIT_091923_4,C:\Users\Eric\Documents\cig-ads-image\data\images\HESTIATWIT_091923_4.png,Ad images for Yiqun/Hestia/Hestia Twitter/Hestia Twitter 2023/HestiaTwit_091923_4B.png,HestiaTwit_091923_4,2023,0,0,0,0,0,0,0,1,0,0,0,0,0,1,0,0,0
HESTIATWIT_091923_5,C:\Users\Eric\Documents\cig-ads-image\data\images\HESTIATWIT_091923_5.png,Ad images for Yiqun/Hestia/Hestia Twitter/Hestia Twitter 2023/HestiaTwit_091923_5.png,HestiaTwit_091923_5,2023,0,0,0,0,0,0,0,1,0,0,0,0,0,1,0,0,0
HESTIATWIT_091923_7,C:\Users\Eric\Documents\cig-ads-image\data\images\HESTIATWIT_091923_7.png,Ad images for Yiqun/Hestia/Hestia Twitter/Hestia Twitter 2023/HestiaTwit_091923_7.png,HestiaTwit_091923_7,2023,0,0,0,0,0,0,0,0,0,0,0,0,0,0,0,0,0
HESTIATWIT_091923_8,C:\Users\Eric\Documents\cig-ads-image\data\images\HESTIATWIT_091923_8.png,Ad images for Yiqun/Hestia/Hestia Twitter/Hestia Twitter 2023/HestiaTwit_091923_8.png,HestiaTwit_091923_8,2023,0,0,0,0,0,0,0,0,0,0,0,0,0,0,0,0,0
HESTIATWIT_091923_9,C:\Users\Eric\Documents\cig-ads-image\data\images\HESTIATWIT_091923_9.png,Ad images for Yiqun/Hestia/Hestia Twitter/Hestia Twitter 2023/HestiaTwit_091923_9.png,HestiaTwit_091923_9,2023,0,0,0,0,0,0,0,1,0,0,0,1,0,0,0,0,0
HESTIATWIT_092023_0,C:\Users\Eric\Documents\cig-ads-image\data\images\HESTIATWIT_092023_0.png,Ad images for Yiqun/Hestia/Hestia Twitter/Hestia Twitter 2023/HestiaTwit_092023_0.png,HestiaTwit_092023_0,2023,0,0,0,0,0,0,0,0,0,0,0,0,0,0,0,0,0
HESTIATWIT_092023_1,C:\Users\Eric\Documents\cig-ads-image\data\images\HESTIATWIT_092023_1.png,Ad images for Yiqun/Hestia/Hestia Twitter/Hestia Twitter 2023/HestiaTwit_092023_1.png,HestiaTwit_092023_1,2023,0,0,0,0,0,0,0,0,0,0,0,0,0,0,0,0,0
HESTIATWIT_092023_2,C:\Users\Eric\Documents\cig-ads-image\data\images\HESTIATWIT_092023_2.png,Ad images for Yiqun/Hestia/Hestia Twitter/Hestia Twitter 2023/HestiaTwit_092023_2.png,HestiaTwit_092023_2,2023,0,0,0,0,0,0,0,1,0,0,0,0,0,0,0,1,0
HESTIATWIT_092023_3,C:\Users\Eric\Documents\cig-ads-image\data\images\HESTIATWIT_092023_3.png,Ad images for Yiqun/Hestia/Hestia Twitter/Hestia Twitter 2023/HestiaTwit_092023_3.png,HestiaTwit_092023_3,2023,0,1,0,0,0,0,0,1,0,0,0,0,0,1,1,0,0
HESTIATWIT_092023_4,C:\Users\Eric\Documents\cig-ads-image\data\images\HESTIATWIT_092023_4.png,Ad images for Yiqun/Hestia/Hestia Twitter/Hestia Twitter 2023/HestiaTwit_092023_4.png,HestiaTwit_092023_4,2023,0,0,0,0,0,0,0,1,0,0,0,0,0,0,0,0,0
HESTIATWIT_092123_0,C:\Users\Eric\Documents\cig-ads-image\data\images\HESTIATWIT_092123_0.png,Ad images for Yiqun/Hestia/Hestia Twitter/Hestia Twitter 2023/HestiaTwit_092123_0.png,HestiaTwit_092123_0,2023,0,0,0,0,0,0,0,0,0,0,0,0,0,1,0,0,0
HESTIATWIT_092223_0,C:\Users\Eric\Documents\cig-ads-image\data\images\HESTIATWIT_092223_0.png,Ad images for Yiqun/Hestia/Hestia Twitter/Hestia Twitter 2023/HestiaTwit_092223_0A.png,HestiaTwit_092223_0,2023,0,0,0,0,0,0,0,0,0,0,0,0,0,0,0,0,0
HESTIATWIT_092223_1,C:\Users\Eric\Documents\cig-ads-image\data\images\HESTIATWIT_092223_1.png,Ad images for Yiqun/Hestia/Hestia Twitter/Hestia Twitter 2023/HestiaTwit_092223_1.png,HestiaTwit_092223_1,2023,0,0,0,0,0,0,0,0,0,0,0,0,0,0,0,0,0
HESTIATWIT_092323_0,C:\Users\Eric\Documents\cig-ads-image\data\images\HESTIATWIT_092323_0.png,Ad images for Yiqun/Hestia/Hestia Twitter/Hestia Twitter 2023/HestiaTwit_092323_0.png,HestiaTwit_092323_0,2023,0,0,0,0,0,0,1,1,0,0,0,0,0,0,0,0,0
HESTIATWIT_092523_0,C:\Users\Eric\Documents\cig-ads-image\data\images\HESTIATWIT_092523_0.png,Ad images for Yiqun/Hestia/Hestia Twitter/Hestia Twitter 2023/HestiaTwit_092523_0.png,HestiaTwit_092523_0,2023,0,0,0,0,0,0,0,0,0,0,0,0,0,0,0,0,0
HESTIATWIT_092723_0,C:\Users\Eric\Documents\cig-ads-image\data\images\HESTIATWIT_092723_0.png,Ad images for Yiqun/Hestia/Hestia Twitter/Hestia Twitter 2023/HestiaTwit_092723_0A.png,HestiaTwit_092723_0,2023,0,0,0,0,0,0,0,0,0,0,0,0,0,0,0,0,0
HESTIATWIT_092723_2,C:\Users\Eric\Documents\cig-ads-image\data\images\HESTIATWIT_092723_2.png,Ad images for Yiqun/Hestia/Hestia Twitter/Hestia Twitter 2023/HestiaTwit_092723_2.png,HestiaTwit_092723_2,2023,0,0,0,0,0,0,1,0,0,0,0,0,0,0,0,0,0
HESTIATWIT_092723_3,C:\Users\Eric\Documents\cig-ads-image\data\images\HESTIATWIT_092723_3.png,Ad images for Yiqun/Hestia/Hestia Twitter/Hestia Twitter 2023/HestiaTwit_092723_3.png,HestiaTwit_092723_3,2023,0,0,0,0,0,0,1,0,0,0,0,1,0,0,0,0,0
HESTIATWIT_092822_0,C:\Users\Eric\Documents\cig-ads-image\data\images\HESTIATWIT_092822_0.png,Ad images for Yiqun/Hestia/Hestia Twitter/Hestia Twitter 2022/HestiaTwit_092822_0.png,HestiaTwit_092822_0,2022,0,0,0,0,0,1,0,0,1,0,0,0,0,0,0,0,0
HESTIATWIT_092823_0,C:\Users\Eric\Documents\cig-ads-image\data\images\HESTIATWIT_092823_0.png,Ad images for Yiqun/Hestia/Hestia Twitter/Hestia Twitter 2023/HestiaTwit_092823_0.png,HestiaTwit_092823_0,2023,0,0,0,0,0,0,0,0,0,0,0,0,0,1,0,0,0
HESTIATWIT_092823_1,C:\Users\Eric\Documents\cig-ads-image\data\images\HESTIATWIT_092823_1.png,Ad images for Yiqun/Hestia/Hestia Twitter/Hestia Twitter 2023/HestiaTwit_092823_1.png,HestiaTwit_092823_1,2023,0,0,0,0,0,0,0,0,0,0,0,0,0,0,0,0,0
HESTIATWIT_092823_2,C:\Users\Eric\Documents\cig-ads-image\data\images\HESTIATWIT_092823_2.png,Ad images for Yiqun/Hestia/Hestia Twitter/Hestia Twitter 2023/HestiaTwit_092823_2.png,HestiaTwit_092823_2,2023,0,0,0,0,0,0,0,0,0,0,1,0,0,0,0,0,0
HESTIATWIT_092923_0,C:\Users\Eric\Documents\cig-ads-image\data\images\HESTIATWIT_092923_0.png,Ad images for Yiqun/Hestia/Hestia Twitter/Hestia Twitter 2023/HestiaTwit_092923_0.png,HestiaTwit_092923_0,2023,0,0,0,0,0,0,0,0,0,0,0,0,0,0,0,0,0
HESTIATWIT_092923_1,C:\Users\Eric\Documents\cig-ads-image\data\images\HESTIATWIT_092923_1.png,Ad images for Yiqun/Hestia/Hestia Twitter/Hestia Twitter 2023/HestiaTwit_092923_1.png,HestiaTwit_092923_1,2023,0,0,0,0,0,0,1,0,0,0,0,1,0,0,0,0,0
HESTIATWIT_093023_0,C:\Users\Eric\Documents\cig-ads-image\data\images\HESTIATWIT_093023_0.png,Ad images for Yiqun/Hestia/Hestia Twitter/Hestia Twitter 2023/HestiaTwit_093023_0A.png,HestiaTwit_093023_0,2023,0,0,0,0,0,0,0,0,0,0,0,0,0,1,1,0,0
HESTIATWIT_093023_1,C:\Users\Eric\Documents\cig-ads-image\data\images\HESTIATWIT_093023_1.png,Ad images for Yiqun/Hestia/Hestia Twitter/Hestia Twitter 2023/HestiaTwit_093023_1.png,HestiaTwit_093023_1,2023,0,0,0,0,0,0,0,0,0,0,0,0,0,0,0,0,0
HESTIATWIT_093023_2,C:\Users\Eric\Documents\cig-ads-image\data\images\HESTIATWIT_093023_2.png,Ad images for Yiqun/Hestia/Hestia Twitter/Hestia Twitter 2023/HestiaTwit_093023_2.png,HestiaTwit_093023_2,2023,0,0,0,0,0,0,0,0,0,0,0,0,0,0,0,0,0
HESTIATWIT_100122_0,C:\Users\Eric\Documents\cig-ads-image\data\images\HESTIATWIT_100122_0.png,Ad images for Yiqun/Hestia/Hestia Twitter/Hestia Twitter 2022/HestiaTwit_100122_0.png,HestiaTwit_100122_0,2022,0,0,0,0,0,0,0,0,0,0,0,0,0,1,0,0,0
HESTIATWIT_100123_0,C:\Users\Eric\Documents\cig-ads-image\data\images\HESTIATWIT_100123_0.png,Ad images for Yiqun/Hestia/Hestia Twitter/Hestia Twitter 2023/HestiaTwit_100123_0.png,HestiaTwit_100123_0,2023,0,0,0,0,0,0,0,0,0,0,0,0,0,0,0,0,0
HESTIATWIT_100123_1,C:\Users\Eric\Documents\cig-ads-image\data\images\HESTIATWIT_100123_1.png,Ad images for Yiqun/Hestia/Hestia Twitter/Hestia Twitter 2023/HestiaTwit_100123_1.png,HestiaTwit_100123_1,2023,0,0,0,0,0,0,0,0,0,0,0,0,0,1,0,0,0
HESTIATWIT_100223_0,C:\Users\Eric\Documents\cig-ads-image\data\images\HESTIATWIT_100223_0.png,Ad images for Yiqun/Hestia/Hestia Twitter/Hestia Twitter 2023/HestiaTwit_100223_0.png,HestiaTwit_100223_0,2023,0,0,0,0,0,0,0,0,0,0,0,0,0,0,0,0,0
HESTIATWIT_100223_1,C:\Users\Eric\Documents\cig-ads-image\data\images\HESTIATWIT_100223_1.png,Ad images for Yiqun/Hestia/Hestia Twitter/Hestia Twitter 2023/HestiaTwit_100223_1.png,HestiaTwit_100223_1,2023,0,0,0,0,0,0,0,0,0,0,0,0,0,0,0,0,0
HESTIATWIT_100223_2,C:\Users\Eric\Documents\cig-ads-image\data\images\HESTIATWIT_100223_2.png,Ad images for Yiqun/Hestia/Hestia Twitter/Hestia Twitter 2023/HestiaTwit_100223_2​.png,HestiaTwit_100223_2,2023,0,0,0,0,0,0,0,0,0,0,0,0,0,0,0,0,0
HESTIATWIT_100323_0,C:\Users\Eric\Documents\cig-ads-image\data\images\HESTIATWIT_100323_0.png,Ad images for Yiqun/Hestia/Hestia Twitter/Hestia Twitter 2023/HestiaTwit_100323_0.png,HestiaTwit_100323_0,2023,0,0,0,0,0,0,0,0,0,0,0,0,0,1,1,1,0
HESTIATWIT_100423_0,C:\Users\Eric\Documents\cig-ads-image\data\images\HESTIATWIT_100423_0.png,Ad images for Yiqun/Hestia/Hestia Twitter/Hestia Twitter 2023/HestiaTwit_100423_0.png,HestiaTwit_100423_0,2023,0,0,0,0,0,0,0,0,0,0,0,0,0,0,0,0,0
HESTIATWIT_100623_0,C:\Users\Eric\Documents\cig-ads-image\data\images\HESTIATWIT_100623_0.png,Ad images for Yiqun/Hestia/Hestia Twitter/Hestia Twitter 2023/HestiaTwit_100623_0.png,HestiaTwit_100623_0,2023,0,0,0,0,0,0,0,0,0,0,0,0,0,0,0,0,0
HESTIATWIT_100623_1,C:\Users\Eric\Documents\cig-ads-image\data\images\HESTIATWIT_100623_1.png,Ad images for Yiqun/Hestia/Hestia Twitter/Hestia Twitter 2023/HestiaTwit_100623_1.png,HestiaTwit_100623_1,2023,0,0,0,0,0,0,0,0,0,0,0,0,0,0,0,0,0
HESTIATWIT_100823_0,C:\Users\Eric\Documents\cig-ads-image\data\images\HESTIATWIT_100823_0.png,Ad images for Yiqun/Hestia/Hestia Twitter/Hestia Twitter 2023/HestiaTwit_100823_0.png,HestiaTwit_100823_0,2023,0,0,0,0,0,0,1,0,0,0,0,0,0,0,0,1,0
HESTIATWIT_100923_0,C:\Users\Eric\Documents\cig-ads-image\data\images\HESTIATWIT_100923_0.png,Ad images for Yiqun/Hestia/Hestia Twitter/Hestia Twitter 2023/HestiaTwit_100923_0.png,HestiaTwit_100923_0,2023,0,0,0,0,0,0,0,0,0,0,0,0,0,0,0,0,0
HESTIATWIT_101223_0,C:\Users\Eric\Documents\cig-ads-image\data\images\HESTIATWIT_101223_0.png,Ad images for Yiqun/Hestia/Hestia Twitter/Hestia Twitter 2023/HestiaTwit_101223_0.png,HestiaTwit_101223_0,2023,0,0,0,0,0,0,0,0,0,0,0,0,0,0,0,0,0
HESTIATWIT_101223_1,C:\Users\Eric\Documents\cig-ads-image\data\images\HESTIATWIT_101223_1.png,Ad images for Yiqun/Hestia/Hestia Twitter/Hestia Twitter 2023/HestiaTwit_101223_1.png,HestiaTwit_101223_1,2023,0,0,0,0,0,0,0,0,0,0,0,0,0,0,0,0,0
HESTIATWIT_101323_0,C:\Users\Eric\Documents\cig-ads-image\data\images\HESTIATWIT_101323_0.png,Ad images for Yiqun/Hestia/Hestia Twitter/Hestia Twitter 2023/HestiaTwit_101323_0.png,HestiaTwit_101323_0,2023,0,0,0,0,0,0,0,0,0,0,0,0,0,0,0,0,0
HESTIATWIT_101323_2,C:\Users\Eric\Documents\cig-ads-image\data\images\HESTIATWIT_101323_2.png,Ad images for Yiqun/Hestia/Hestia Twitter/Hestia Twitter 2023/HestiaTwit_101323_2.png,HestiaTwit_101323_2,2023,0,0,0,0,0,0,0,0,0,0,0,0,0,0,0,0,0
HESTIATWIT_101523_0,C:\Users\Eric\Documents\cig-ads-image\data\images\HESTIATWIT_101523_0.png,Ad images for Yiqun/Hestia/Hestia Twitter/Hestia Twitter 2023/HestiaTwit_101523_0A.png,HestiaTwit_101523_0,2023,0,0,0,0,0,0,0,0,0,0,0,0,0,0,0,0,0
HESTIATWIT_101823_0,C:\Users\Eric\Documents\cig-ads-image\data\images\HESTIATWIT_101823_0.png,Ad images for Yiqun/Hestia/Hestia Twitter/Hestia Twitter 2023/HestiaTwit_101823_0.png,HestiaTwit_101823_0,2023,0,0,0,0,0,0,0,0,0,0,0,0,0,0,0,0,0
HESTIATWIT_101823_1,C:\Users\Eric\Documents\cig-ads-image\data\images\HESTIATWIT_101823_1.png,Ad images for Yiqun/Hestia/Hestia Twitter/Hestia Twitter 2023/HestiaTwit_101823_1.png,HestiaTwit_101823_1,2023,0,0,0,0,0,0,0,0,0,0,0,0,0,0,0,0,0
HESTIATWIT_101823_2,C:\Users\Eric\Documents\cig-ads-image\data\images\HESTIATWIT_101823_2.png,Ad images for Yiqun/Hestia/Hestia Twitter/Hestia Twitter 2023/HestiaTwit_101823_2.png,HestiaTwit_101823_2,2023,0,0,0,0,0,0,0,0,0,0,0,0,0,0,0,0,0
HESTIATWIT_102023_0,C:\Users\Eric\Documents\cig-ads-image\data\images\HESTIATWIT_102023_0.png,Ad images for Yiqun/Hestia/Hestia Twitter/Hestia Twitter 2023/HestiaTwit_102023_0.png,HestiaTwit_102023_0,2023,0,0,0,0,0,0,0,0,0,0,0,0,0,0,0,0,0
HESTIATWIT_102023_1,C:\Users\Eric\Documents\cig-ads-image\data\images\HESTIATWIT_102023_1.png,Ad images for Yiqun/Hestia/Hestia Twitter/Hestia Twitter 2023/HestiaTwit_102023_1.png,HestiaTwit_102023_1,2023,0,0,0,0,0,0,1,1,0,0,0,0,0,1,0,0,0
HESTIATWIT_102322_0,C:\Users\Eric\Documents\cig-ads-image\data\images\HESTIATWIT_102322_0.png,Ad images for Yiqun/Hestia/Hestia Twitter/Hestia Twitter 2022/HestiaTwit_102322_0.png,HestiaTwit_102322_0,2022,0,0,0,0,0,0,0,0,0,0,0,0,0,1,0,0,0
HESTIATWIT_102323_0,C:\Users\Eric\Documents\cig-ads-image\data\images\HESTIATWIT_102323_0.png,Ad images for Yiqun/Hestia/Hestia Twitter/Hestia Twitter 2023/HestiaTwit_102323_0.png,HestiaTwit_102323_0,2023,0,0,0,0,0,0,0,0,0,0,0,0,0,0,0,0,0
HESTIATWIT_102823_0,C:\Users\Eric\Documents\cig-ads-image\data\images\HESTIATWIT_102823_0.png,Ad images for Yiqun/Hestia/Hestia Twitter/Hestia Twitter 2023/HestiaTwit_102823_0.png,HestiaTwit_102823_0,2023,0,0,0,0,0,0,0,0,0,0,0,0,0,0,0,0,0
HESTIATWIT_102823_1,C:\Users\Eric\Documents\cig-ads-image\data\images\HESTIATWIT_102823_1.png,Ad images for Yiqun/Hestia/Hestia Twitter/Hestia Twitter 2023/HestiaTwit_102823_1.png,HestiaTwit_102823_1,2023,0,0,0,0,0,0,0,0,0,0,0,0,0,0,0,1,0
HESTIATWIT_102923_0,C:\Users\Eric\Documents\cig-ads-image\data\images\HESTIATWIT_102923_0.png,Ad images for Yiqun/Hestia/Hestia Twitter/Hestia Twitter 2023/HestiaTwit_102923_0.png,HestiaTwit_102923_0,2023,0,0,0,0,0,1,0,0,0,0,0,0,0,0,0,0,0
HESTIATWIT_102923_2,C:\Users\Eric\Documents\cig-ads-image\data\images\HESTIATWIT_102923_2.png,Ad images for Yiqun/Hestia/Hestia Twitter/Hestia Twitter 2023/HestiaTwit_102923_2.png,HestiaTwit_102923_2,2023,0,0,0,0,0,0,0,0,0,0,1,0,0,1,0,0,0
HESTIATWIT_102923_3,C:\Users\Eric\Documents\cig-ads-image\data\images\HESTIATWIT_102923_3.png,Ad images for Yiqun/Hestia/Hestia Twitter/Hestia Twitter 2023/HestiaTwit_102923_3.png,HestiaTwit_102923_3,2023,0,0,0,0,0,1,0,0,0,0,0,0,0,0,0,0,0
HESTIATWIT_102923_4,C:\Users\Eric\Documents\cig-ads-image\data\images\HESTIATWIT_102923_4.png,Ad images for Yiqun/Hestia/Hestia Twitter/Hestia Twitter 2023/HestiaTwit_102923_4.png,HestiaTwit_102923_4,2023,0,0,0,0,0,0,0,0,0,0,0,0,0,0,0,0,0
HESTIATWIT_103023_0,C:\Users\Eric\Documents\cig-ads-image\data\images\HESTIATWIT_103023_0.png,Ad images for Yiqun/Hestia/Hestia Twitter/Hestia Twitter 2023/HestiaTwit_103023_0A.png,HestiaTwit_103023_0,2023,0,0,0,0,0,0,0,0,0,0,0,0,0,0,0,0,0
HESTIATWIT_103023_1,C:\Users\Eric\Documents\cig-ads-image\data\images\HESTIATWIT_103023_1.png,Ad images for Yiqun/Hestia/Hestia Twitter/Hestia Twitter 2023/HestiaTwit_103023_1.png,HestiaTwit_103023_1,2023,0,0,0,0,0,0,0,0,0,0,0,0,0,0,0,0,0
HESTIATWIT_103123_0,C:\Users\Eric\Documents\cig-ads-image\data\images\HESTIATWIT_103123_0.png,Ad images for Yiqun/Hestia/Hestia Twitter/Hestia Twitter 2023/HestiaTwit_103123_0A.png,HestiaTwit_103123_0,2023,0,0,0,0,0,0,0,0,0,0,0,0,0,0,1,0,0
HESTIATWIT_110123_0,C:\Users\Eric\Documents\cig-ads-image\data\images\HESTIATWIT_110123_0.png,Ad images for Yiqun/Hestia/Hestia Twitter/Hestia Twitter 2023/HestiaTwit_110123_0.png,HestiaTwit_110123_0,2023,0,0,0,0,0,0,0,0,0,0,1,0,0,0,0,0,0
HESTIATWIT_110123_1,C:\Users\Eric\Documents\cig-ads-image\data\images\HESTIATWIT_110123_1.png,Ad images for Yiqun/Hestia/Hestia Twitter/Hestia Twitter 2023/HestiaTwit_110123_1A.png,HestiaTwit_110123_1,2023,0,0,0,0,0,0,0,0,0,0,0,0,0,0,0,0,0
HESTIATWIT_110223_0,C:\Users\Eric\Documents\cig-ads-image\data\images\HESTIATWIT_110223_0.png,Ad images for Yiqun/Hestia/Hestia Twitter/Hestia Twitter 2023/HestiaTwit_110223_0.png,HestiaTwit_110223_0,2023,0,0,0,0,0,0,0,0,0,0,0,0,0,0,0,0,0
HESTIATWIT_110223_1,C:\Users\Eric\Documents\cig-ads-image\data\images\HESTIATWIT_110223_1.png,Ad images for Yiqun/Hestia/Hestia Twitter/Hestia Twitter 2023/HestiaTwit_110223_1.png,HestiaTwit_110223_1,2023,0,0,0,0,0,0,0,0,0,0,0,0,0,0,0,0,0
HESTIATWIT_110323_0,C:\Users\Eric\Documents\cig-ads-image\data\images\HESTIATWIT_110323_0.png,Ad images for Yiqun/Hestia/Hestia Twitter/Hestia Twitter 2023/HestiaTwit_110323_0A.png,HestiaTwit_110323_0,2023,0,0,0,0,0,0,0,0,0,0,1,0,0,0,0,1,0
HESTIATWIT_110323_1,C:\Users\Eric\Documents\cig-ads-image\data\images\HESTIATWIT_110323_1.png,Ad images for Yiqun/Hestia/Hestia Twitter/Hestia Twitter 2023/HestiaTwit_110323_1.png,HestiaTwit_110323_1,2023,0,0,0,0,0,0,0,0,0,0,0,0,0,1,0,0,0
HESTIATWIT_110423_0,C:\Users\Eric\Documents\cig-ads-image\data\images\HESTIATWIT_110423_0.png,Ad images for Yiqun/Hestia/Hestia Twitter/Hestia Twitter 2023/HestiaTwit_110423_0.png,HestiaTwit_110423_0,2023,0,1,0,0,0,0,0,0,0,0,0,0,0,1,1,0,0
HESTIATWIT_110722_1,C:\Users\Eric\Documents\cig-ads-image\data\images\HESTIATWIT_110722_1.png,Ad images for Yiqun/Hestia/Hestia Twitter/Hestia Twitter 2022/HestiaTwit_110722_1.png,HestiaTwit_110722_1,2022,0,1,0,0,0,0,0,0,0,0,0,0,0,0,0,0,0
HESTIATWIT_110723_0,C:\Users\Eric\Documents\cig-ads-image\data\images\HESTIATWIT_110723_0.png,Ad images for Yiqun/Hestia/Hestia Twitter/Hestia Twitter 2023/HestiaTwit_110723_0A​.png,HestiaTwit_110723_0,2023,0,0,0,0,0,0,0,0,0,0,0,0,0,0,0,0,0
HESTIATWIT_110723_1,C:\Users\Eric\Documents\cig-ads-image\data\images\HESTIATWIT_110723_1.png,Ad images for Yiqun/Hestia/Hestia Twitter/Hestia Twitter 2023/HestiaTwit_110723_1.png,HestiaTwit_110723_1,2023,0,0,0,0,0,0,0,0,0,0,0,0,0,0,0,0,0
HESTIATWIT_110723_2,C:\Users\Eric\Documents\cig-ads-image\data\images\HESTIATWIT_110723_2.png,Ad images for Yiqun/Hestia/Hestia Twitter/Hestia Twitter 2023/HestiaTwit_110723_2.png,HestiaTwit_110723_2,2023,0,0,0,0,0,0,1,0,0,0,1,1,0,0,0,0,0
HESTIATWIT_110723_3,C:\Users\Eric\Documents\cig-ads-image\data\images\HESTIATWIT_110723_3.png,Ad images for Yiqun/Hestia/Hestia Twitter/Hestia Twitter 2023/HestiaTwit_110723_3.png,HestiaTwit_110723_3,2023,0,0,0,0,0,0,0,0,0,0,0,0,0,1,0,0,0
HESTIATWIT_110723_4,C:\Users\Eric\Documents\cig-ads-image\data\images\HESTIATWIT_110723_4.png,Ad images for Yiqun/Hestia/Hestia Twitter/Hestia Twitter 2023/HestiaTwit_110723_4.png,HestiaTwit_110723_4,2023,0,0,0,0,0,0,0,0,0,0,0,1,0,0,0,0,0
HESTIATWIT_110723_5,C:\Users\Eric\Documents\cig-ads-image\data\images\HESTIATWIT_110723_5.png,Ad images for Yiqun/Hestia/Hestia Twitter/Hestia Twitter 2023/HestiaTwit_110723_5.png,HestiaTwit_110723_5,2023,0,0,0,0,0,0,0,0,0,0,0,0,0,0,0,0,0
HESTIATWIT_110823_0,C:\Users\Eric\Documents\cig-ads-image\data\images\HESTIATWIT_110823_0.png,Ad images for Yiqun/Hestia/Hestia Twitter/Hestia Twitter 2023/HestiaTwit_110823_0.png,HestiaTwit_110823_0,2023,0,0,0,0,0,0,0,0,0,0,0,0,0,0,0,0,0
HESTIATWIT_110923_1,C:\Users\Eric\Documents\cig-ads-image\data\images\HESTIATWIT_110923_1.png,Ad images for Yiqun/Hestia/Hestia Twitter/Hestia Twitter 2023/HestiaTwit_110923_1.png,HestiaTwit_110923_1,2023,0,0,0,0,0,0,0,0,0,0,0,1,0,0,0,0,0
HESTIATWIT_110923_2,C:\Users\Eric\Documents\cig-ads-image\data\images\HESTIATWIT_110923_2.png,Ad images for Yiqun/Hestia/Hestia Twitter/Hestia Twitter 2023/HestiaTwit_110923_2.png,HestiaTwit_110923_2,2023,0,0,0,0,0,0,0,0,0,0,0,0,0,0,0,0,0
HESTIATWIT_111022_0,C:\Users\Eric\Documents\cig-ads-image\data\images\HESTIATWIT_111022_0.png,Ad images for Yiqun/Hestia/Hestia Twitter/Hestia Twitter 2022/HestiaTwit_111022_0.png,HestiaTwit_111022_0,2022,0,0,0,0,0,0,0,0,0,0,0,0,0,0,0,1,0
HESTIATWIT_111023_0,C:\Users\Eric\Documents\cig-ads-image\data\images\HESTIATWIT_111023_0.png,Ad images for Yiqun/Hestia/Hestia Twitter/Hestia Twitter 2023/HestiaTwit_111023_0.png,HestiaTwit_111023_0,2023,0,0,0,0,0,1,1,0,0,0,0,0,0,0,0,0,0
HESTIATWIT_111023_1,C:\Users\Eric\Documents\cig-ads-image\data\images\HESTIATWIT_111023_1.png,Ad images for Yiqun/Hestia/Hestia Twitter/Hestia Twitter 2023/HestiaTwit_111023_1.png,HestiaTwit_111023_1,2023,0,0,0,0,0,0,0,0,0,0,0,0,0,0,1,0,0
HESTIATWIT_111023_2,C:\Users\Eric\Documents\cig-ads-image\data\images\HESTIATWIT_111023_2.png,Ad images for Yiqun/Hestia/Hestia Twitter/Hestia Twitter 2023/HestiaTwit_111023_2.png,HestiaTwit_111023_2,2023,0,0,0,0,0,0,0,0,0,0,0,0,0,0,0,0,0
HESTIATWIT_111023_3,C:\Users\Eric\Documents\cig-ads-image\data\images\HESTIATWIT_111023_3.png,Ad images for Yiqun/Hestia/Hestia Twitter/Hestia Twitter 2023/HestiaTwit_111023_3.png,HestiaTwit_111023_3,2023,0,0,0,0,0,0,0,0,0,0,0,0,0,0,0,0,0
HESTIATWIT_111023_4,C:\Users\Eric\Documents\cig-ads-image\data\images\HESTIATWIT_111023_4.png,Ad images for Yiqun/Hestia/Hestia Twitter/Hestia Twitter 2023/HestiaTwit_111023_4.png,HestiaTwit_111023_4,2023,0,0,0,0,0,0,0,0,0,0,1,0,0,0,0,0,0
HESTIATWIT_111023_5,C:\Users\Eric\Documents\cig-ads-image\data\images\HESTIATWIT_111023_5.png,Ad images for Yiqun/Hestia/Hestia Twitter/Hestia Twitter 2023/HestiaTwit_111023_5.png,HestiaTwit_111023_5,2023,0,0,0,0,0,0,0,0,0,0,0,0,0,0,0,0,0
HESTIATWIT_111223_0,C:\Users\Eric\Documents\cig-ads-image\data\images\HESTIATWIT_111223_0.png,Ad images for Yiqun/Hestia/Hestia Twitter/Hestia Twitter 2023/HestiaTwit_111223_0.png,HestiaTwit_111223_0,2023,0,0,0,0,0,1,0,0,0,0,0,0,0,1,1,0,0
HESTIATWIT_111223_1,C:\Users\Eric\Documents\cig-ads-image\data\images\HESTIATWIT_111223_1.png,Ad images for Yiqun/Hestia/Hestia Twitter/Hestia Twitter 2023/HestiaTwit_111223_1.png,HestiaTwit_111223_1,2023,0,0,0,0,0,0,0,0,0,0,0,0,0,1,0,0,0
HESTIATWIT_111223_2,C:\Users\Eric\Documents\cig-ads-image\data\images\HESTIATWIT_111223_2.png,Ad images for Yiqun/Hestia/Hestia Twitter/Hestia Twitter 2023/HestiaTwit_111223_2.png,HestiaTwit_111223_2,2023,0,0,0,0,0,0,0,0,0,0,0,0,0,0,0,0,0
HESTIATWIT_111223_3,C:\Users\Eric\Documents\cig-ads-image\data\images\HESTIATWIT_111223_3.png,Ad images for Yiqun/Hestia/Hestia Twitter/Hestia Twitter 2023/HestiaTwit_111223_3.png,HestiaTwit_111223_3,2023,0,0,0,0,0,0,1,0,0,0,0,0,0,1,0,0,0
HESTIATWIT_111223_4,C:\Users\Eric\Documents\cig-ads-image\data\images\HESTIATWIT_111223_4.png,Ad images for Yiqun/Hestia/Hestia Twitter/Hestia Twitter 2023/HestiaTwit_111223_4.png,HestiaTwit_111223_4,2023,0,0,0,0,0,0,0,0,0,0,0,0,0,0,0,0,0
HESTIATWIT_111223_5,C:\Users\Eric\Documents\cig-ads-image\data\images\HESTIATWIT_111223_5.png,Ad images for Yiqun/Hestia/Hestia Twitter/Hestia Twitter 2023/HestiaTwit_111223_5.png,HestiaTwit_111223_5,2023,0,0,0,0,0,0,1,0,0,0,0,0,0,1,0,0,0
HESTIATWIT_111323_0,C:\Users\Eric\Documents\cig-ads-image\data\images\HESTIATWIT_111323_0.png,Ad images for Yiqun/Hestia/Hestia Twitter/Hestia Twitter 2023/HestiaTwit_111323_0.png,HestiaTwit_111323_0,2023,0,0,0,0,0,0,0,0,0,0,0,0,0,0,0,0,0
HESTIATWIT_111323_1,C:\Users\Eric\Documents\cig-ads-image\data\images\HESTIATWIT_111323_1.png,Ad images for Yiqun/Hestia/Hestia Twitter/Hestia Twitter 2023/HestiaTwit_111323_1.png,HestiaTwit_111323_1,2023,0,0,0,0,0,0,0,0,0,0,0,0,0,0,0,0,0
HESTIATWIT_111323_2,C:\Users\Eric\Documents\cig-ads-image\data\images\HESTIATWIT_111323_2.png,Ad images for Yiqun/Hestia/Hestia Twitter/Hestia Twitter 2023/HestiaTwit_111323_2.png,HestiaTwit_111323_2,2023,0,0,0,0,0,0,0,0,0,0,0,0,0,0,0,0,0
HESTIATWIT_111323_3,C:\Users\Eric\Documents\cig-ads-image\data\images\HESTIATWIT_111323_3.png,Ad images for Yiqun/Hestia/Hestia Twitter/Hestia Twitter 2023/HestiaTwit_111323_3.png,HestiaTwit_111323_3,2023,0,0,0,0,0,0,0,0,0,0,1,0,0,0,0,0,0
HESTIATWIT_111323_4,C:\Users\Eric\Documents\cig-ads-image\data\images\HESTIATWIT_111323_4.png,Ad images for Yiqun/Hestia/Hestia Twitter/Hestia Twitter 2023/HestiaTwit_111323_4.png,HestiaTwit_111323_4,2023,0,0,0,0,0,0,0,0,0,0,0,0,0,0,0,0,0
HESTIATWIT_111323_5,C:\Users\Eric\Documents\cig-ads-image\data\images\HESTIATWIT_111323_5.png,Ad images for Yiqun/Hestia/Hestia Twitter/Hestia Twitter 2023/HestiaTwit_111323_5.png,HestiaTwit_111323_5,2023,0,0,0,1,0,1,0,0,0,0,0,0,0,1,0,0,0
HESTIATWIT_111323_6,C:\Users\Eric\Documents\cig-ads-image\data\images\HESTIATWIT_111323_6.png,Ad images for Yiqun/Hestia/Hestia Twitter/Hestia Twitter 2023/HestiaTwit_111323_6A.png,HestiaTwit_111323_6,2023,0,0,0,0,0,0,0,0,0,0,0,0,0,1,1,0,0
HESTIATWIT_111422_0,C:\Users\Eric\Documents\cig-ads-image\data\images\HESTIATWIT_111422_0.png,Ad images for Yiqun/Hestia/Hestia Twitter/Hestia Twitter 2022/HestiaTwit_111422_0.png,HestiaTwit_111422_0,2022,0,0,0,0,0,0,0,0,0,0,0,0,0,0,0,0,0
HESTIATWIT_111423_1,C:\Users\Eric\Documents\cig-ads-image\data\images\HESTIATWIT_111423_1.png,Ad images for Yiqun/Hestia/Hestia Twitter/Hestia Twitter 2023/HestiaTwit_111423_1A.png,HestiaTwit_111423_1,2023,0,0,0,0,0,0,0,0,0,0,0,0,0,0,1,0,0
HESTIATWIT_111423_2,C:\Users\Eric\Documents\cig-ads-image\data\images\HESTIATWIT_111423_2.png,Ad images for Yiqun/Hestia/Hestia Twitter/Hestia Twitter 2023/HestiaTwit_111423_2.png,HestiaTwit_111423_2,2023,0,0,0,0,0,0,0,0,0,0,0,0,0,1,0,1,0
HESTIATWIT_111523_0,C:\Users\Eric\Documents\cig-ads-image\data\images\HESTIATWIT_111523_0.png,Ad images for Yiqun/Hestia/Hestia Twitter/Hestia Twitter 2023/HestiaTwit_111523_0.png,HestiaTwit_111523_0,2023,0,0,0,0,0,0,0,0,0,0,0,0,0,1,0,0,0
HESTIATWIT_111623_0,C:\Users\Eric\Documents\cig-ads-image\data\images\HESTIATWIT_111623_0.png,Ad images for Yiqun/Hestia/Hestia Twitter/Hestia Twitter 2023/HestiaTwit_111623_0.png,HestiaTwit_111623_0,2023,0,1,0,0,0,0,0,0,0,0,1,0,0,0,1,0,0
HESTIATWIT_111723_0,C:\Users\Eric\Documents\cig-ads-image\data\images\HESTIATWIT_111723_0.png,Ad images for Yiqun/Hestia/Hestia Twitter/Hestia Twitter 2023/HestiaTwit_111723_0.png,HestiaTwit_111723_0,2023,0,0,0,0,0,0,0,0,0,0,0,0,0,0,0,0,0
HESTIATWIT_111822_0,C:\Users\Eric\Documents\cig-ads-image\data\images\HESTIATWIT_111822_0.png,Ad images for Yiqun/Hestia/Hestia Twitter/Hestia Twitter 2022/HestiaTwit_111822_0.png,HestiaTwit_111822_0,2022,0,1,0,0,0,0,0,0,0,0,1,0,0,0,0,0,0
HESTIATWIT_111823_0,C:\Users\Eric\Documents\cig-ads-image\data\images\HESTIATWIT_111823_0.png,Ad images for Yiqun/Hestia/Hestia Twitter/Hestia Twitter 2023/HestiaTwit_111823_0.png,HestiaTwit_111823_0,2023,0,0,0,0,0,0,0,0,0,0,0,0,0,0,0,0,0
HESTIATWIT_111823_1,C:\Users\Eric\Documents\cig-ads-image\data\images\HESTIATWIT_111823_1.png,Ad images for Yiqun/Hestia/Hestia Twitter/Hestia Twitter 2023/HestiaTwit_111823_1.png,HestiaTwit_111823_1,2023,0,0,0,0,0,0,0,0,0,0,0,0,0,0,0,0,0
HESTIATWIT_111823_2,C:\Users\Eric\Documents\cig-ads-image\data\images\HESTIATWIT_111823_2.png,Ad images for Yiqun/Hestia/Hestia Twitter/Hestia Twitter 2023/HestiaTwit_111823_2.png,HestiaTwit_111823_2,2023,0,0,0,0,0,0,0,0,0,0,1,0,0,0,0,0,0
HESTIATWIT_111922_0,C:\Users\Eric\Documents\cig-ads-image\data\images\HESTIATWIT_111922_0.png,Ad images for Yiqun/Hestia/Hestia Twitter/Hestia Twitter 2022/HestiaTwit_111922_0.png,HestiaTwit_111922_0,2022,0,0,0,0,0,0,0,0,0,0,0,0,0,0,0,0,0
HESTIATWIT_112023_0,C:\Users\Eric\Documents\cig-ads-image\data\images\HESTIATWIT_112023_0.png,Ad images for Yiqun/Hestia/Hestia Twitter/Hestia Twitter 2023/HestiaTwit_112023_0.png,HestiaTwit_112023_0,2023,0,0,0,0,0,0,0,0,0,0,0,1,0,0,0,0,0
HESTIATWIT_112023_1,C:\Users\Eric\Documents\cig-ads-image\data\images\HESTIATWIT_112023_1.png,Ad images for Yiqun/Hestia/Hestia Twitter/Hestia Twitter 2023/HestiaTwit_112023_1.png,HestiaTwit_112023_1,2023,0,0,0,0,0,0,0,0,0,0,0,0,0,1,0,0,0
HESTIATWIT_112023_2,C:\Users\Eric\Documents\cig-ads-image\data\images\HESTIATWIT_112023_2.png,Ad images for Yiqun/Hestia/Hestia Twitter/Hestia Twitter 2023/HestiaTwit_112023_2.png,HestiaTwit_112023_2,2023,0,0,0,0,0,0,0,0,0,0,0,0,0,0,0,1,0
HESTIATWIT_112222_0,C:\Users\Eric\Documents\cig-ads-image\data\images\HESTIATWIT_112222_0.png,Ad images for Yiqun/Hestia/Hestia Twitter/Hestia Twitter 2022/HestiaTwit_112222_0.png,HestiaTwit_112222_0,2022,0,0,0,0,0,0,0,0,0,0,0,0,0,1,0,0,0
HESTIATWIT_112323_0,C:\Users\Eric\Documents\cig-ads-image\data\images\HESTIATWIT_112323_0.png,Ad images for Yiqun/Hestia/Hestia Twitter/Hestia Twitter 2023/HestiaTwit_112323_0.png,HestiaTwit_112323_0,2023,0,0,0,0,0,0,0,0,0,0,0,0,0,0,0,0,0
HESTIATWIT_112323_1,C:\Users\Eric\Documents\cig-ads-image\data\images\HESTIATWIT_112323_1.png,Ad images for Yiqun/Hestia/Hestia Twitter/Hestia Twitter 2023/HestiaTwit_112323_1.png,HestiaTwit_112323_1,2023,0,0,0,0,0,0,0,0,0,0,0,0,0,0,0,0,0
HESTIATWIT_112323_2,C:\Users\Eric\Documents\cig-ads-image\data\images\HESTIATWIT_112323_2.png,Ad images for Yiqun/Hestia/Hestia Twitter/Hestia Twitter 2023/HestiaTwit_112323_2.png,HestiaTwit_112323_2,2023,0,0,0,0,0,0,0,0,0,0,0,0,0,0,0,0,0
HESTIATWIT_112422_0,C:\Users\Eric\Documents\cig-ads-image\data\images\HESTIATWIT_112422_0.png,Ad images for Yiqun/Hestia/Hestia Twitter/Hestia Twitter 2022/HestiaTwit_112422_0.png,HestiaTwit_112422_0,2022,0,0,0,0,0,0,0,0,0,0,1,0,0,0,0,0,0
HESTIATWIT_112623_0,C:\Users\Eric\Documents\cig-ads-image\data\images\HESTIATWIT_112623_0.png,Ad images for Yiqun/Hestia/Hestia Twitter/Hestia Twitter 2023/HestiaTwit_112623_0.png,HestiaTwit_112623_0,2023,0,0,0,0,0,0,0,0,0,0,0,0,0,1,0,0,0
HESTIATWIT_112723_0,C:\Users\Eric\Documents\cig-ads-image\data\images\HESTIATWIT_112723_0.png,Ad images for Yiqun/Hestia/Hestia Twitter/Hestia Twitter 2023/HestiaTwit_112723_0.png,HestiaTwit_112723_0,2023,0,0,0,0,0,0,0,0,0,0,0,0,0,0,0,0,0
HESTIATWIT_112723_1,C:\Users\Eric\Documents\cig-ads-image\data\images\HESTIATWIT_112723_1.png,Ad images for Yiqun/Hestia/Hestia Twitter/Hestia Twitter 2023/HestiaTwit_112723_1.png,HestiaTwit_112723_1,2023,0,0,0,0,0,0,0,0,0,0,1,0,0,0,0,0,0
HESTIATWIT_112823_0,C:\Users\Eric\Documents\cig-ads-image\data\images\HESTIATWIT_112823_0.png,Ad images for Yiqun/Hestia/Hestia Twitter/Hestia Twitter 2023/HestiaTwit_112823_0.png,HestiaTwit_112823_0,2023,0,0,0,0,0,0,0,0,0,0,0,0,0,0,0,1,0
HESTIATWIT_112922_0,C:\Users\Eric\Documents\cig-ads-image\data\images\HESTIATWIT_112922_0.png,Ad images for Yiqun/Hestia/Hestia Twitter/Hestia Twitter 2022/HestiaTwit_112922_0.png,HestiaTwit_112922_0,2022,0,0,0,0,0,0,0,0,0,0,0,0,0,0,0,0,0
HESTIATWIT_112923_0,C:\Users\Eric\Documents\cig-ads-image\data\images\HESTIATWIT_112923_0.png,Ad images for Yiqun/Hestia/Hestia Twitter/Hestia Twitter 2023/HestiaTwit_112923_0.png,HestiaTwit_112923_0,2023,0,0,0,0,0,0,0,0,0,0,1,0,0,0,0,0,0
HESTIATWIT_113023_0,C:\Users\Eric\Documents\cig-ads-image\data\images\HESTIATWIT_113023_0.png,Ad images for Yiqun/Hestia/Hestia Twitter/Hestia Twitter 2023/HestiaTwit_113023_0.png,HestiaTwit_113023_0,2023,0,0,0,0,0,0,0,0,0,0,0,0,0,0,0,1,0
HESTIATWIT_113023_1,C:\Users\Eric\Documents\cig-ads-image\data\images\HESTIATWIT_113023_1.png,Ad images for Yiqun/Hestia/Hestia Twitter/Hestia Twitter 2023/HestiaTwit_113023_1.png,HestiaTwit_113023_1,2023,0,0,0,0,0,0,0,0,0,0,1,0,0,0,0,0,0
HESTIATWIT_113023_2,C:\Users\Eric\Documents\cig-ads-image\data\images\HESTIATWIT_113023_2.png,Ad images for Yiqun/Hestia/Hestia Twitter/Hestia Twitter 2023/HestiaTwit_113023_2.png,HestiaTwit_113023_2,2023,0,0,0,0,0,0,1,0,0,0,0,0,0,1,0,0,0
HESTIATWIT_120223_0,C:\Users\Eric\Documents\cig-ads-image\data\images\HESTIATWIT_120223_0.png,Ad images for Yiqun/Hestia/Hestia Twitter/Hestia Twitter 2023/HestiaTwit_120223_0.png,HestiaTwit_120223_0,2023,0,1,0,0,0,0,0,0,0,0,0,0,0,1,0,0,0
HESTIATWIT_120223_1,C:\Users\Eric\Documents\cig-ads-image\data\images\HESTIATWIT_120223_1.png,Ad images for Yiqun/Hestia/Hestia Twitter/Hestia Twitter 2023/HestiaTwit_120223_1.png,HestiaTwit_120223_1,2023,0,0,0,0,0,0,0,0,0,0,0,0,0,0,0,0,0
HESTIATWIT_120223_2,C:\Users\Eric\Documents\cig-ads-image\data\images\HESTIATWIT_120223_2.png,Ad images for Yiqun/Hestia/Hestia Twitter/Hestia Twitter 2023/HestiaTwit_120223_2.png,HestiaTwit_120223_2,2023,0,0,0,0,0,0,0,0,0,0,0,0,0,0,0,0,0
HESTIATWIT_120323_0,C:\Users\Eric\Documents\cig-ads-image\data\images\HESTIATWIT_120323_0.png,Ad images for Yiqun/Hestia/Hestia Twitter/Hestia Twitter 2023/HestiaTwit_120323_0.png,HestiaTwit_120323_0,2023,0,0,0,0,0,0,0,0,0,0,0,0,0,0,0,0,0
HESTIATWIT_120323_1,C:\Users\Eric\Documents\cig-ads-image\data\images\HESTIATWIT_120323_1.png,Ad images for Yiqun/Hestia/Hestia Twitter/Hestia Twitter 2023/HestiaTwit_120323_1.png,HestiaTwit_120323_1,2023,0,0,0,0,0,0,0,0,0,0,0,0,0,0,0,0,0
HESTIATWIT_120523_0,C:\Users\Eric\Documents\cig-ads-image\data\images\HESTIATWIT_120523_0.png,Ad images for Yiqun/Hestia/Hestia Twitter/Hestia Twitter 2023/HestiaTwit_120523_0.png,HestiaTwit_120523_0,2023,0,0,0,0,0,0,0,0,0,0,0,0,0,0,0,0,0
HESTIATWIT_120623_0,C:\Users\Eric\Documents\cig-ads-image\data\images\HESTIATWIT_120623_0.png,Ad images for Yiqun/Hestia/Hestia Twitter/Hestia Twitter 2023/HestiaTwit_120623_0.png,HestiaTwit_120623_0,2023,0,0,0,0,0,0,0,0,0,0,1,0,0,0,0,0,0
HESTIATWIT_120623_1,C:\Users\Eric\Documents\cig-ads-image\data\images\HESTIATWIT_120623_1.png,Ad images for Yiqun/Hestia/Hestia Twitter/Hestia Twitter 2023/HestiaTwit_120623_1.png,HestiaTwit_120623_1,2023,0,0,0,0,0,0,0,0,0,0,1,0,0,0,0,0,0
HESTIATWIT_120623_2,C:\Users\Eric\Documents\cig-ads-image\data\images\HESTIATWIT_120623_2.png,Ad images for Yiqun/Hestia/Hestia Twitter/Hestia Twitter 2023/HestiaTwit_120623_2.png,HestiaTwit_120623_2,2023,0,0,0,0,0,0,0,0,0,0,0,0,0,0,0,0,0
HESTIATWIT_120623_3,C:\Users\Eric\Documents\cig-ads-image\data\images\HESTIATWIT_120623_3.png,Ad images for Yiqun/Hestia/Hestia Twitter/Hestia Twitter 2023/HestiaTwit_120623_3.png,HestiaTwit_120623_3,2023,0,1,0,0,0,0,0,0,0,0,1,0,0,0,0,0,0
HESTIATWIT_120722_0,C:\Users\Eric\Documents\cig-ads-image\data\images\HESTIATWIT_120722_0.png,Ad images for Yiqun/Hestia/Hestia Twitter/Hestia Twitter 2022/HestiaTwit_120722_0.png,HestiaTwit_120722_0,2022,0,0,0,0,0,0,0,0,0,0,0,0,0,0,0,0,0
HESTIATWIT_120723_0,C:\Users\Eric\Documents\cig-ads-image\data\images\HESTIATWIT_120723_0.png,Ad images for Yiqun/Hestia/Hestia Twitter/Hestia Twitter 2023/HestiaTwit_120723_0.png,HestiaTwit_120723_0,2023,0,0,0,0,0,0,0,0,0,0,0,0,0,0,1,0,0
HESTIATWIT_120723_1,C:\Users\Eric\Documents\cig-ads-image\data\images\HESTIATWIT_120723_1.png,Ad images for Yiqun/Hestia/Hestia Twitter/Hestia Twitter 2023/HestiaTwit_120723_1.png,HestiaTwit_120723_1,2023,0,0,0,0,0,0,0,0,0,0,0,0,0,0,0,0,0
HESTIATWIT_120823_0,C:\Users\Eric\Documents\cig-ads-image\data\images\HESTIATWIT_120823_0.png,Ad images for Yiqun/Hestia/Hestia Twitter/Hestia Twitter 2023/HestiaTwit_120823_0.png,HestiaTwit_120823_0,2023,0,1,0,0,1,0,0,0,0,0,0,0,0,1,0,0,0
HESTIATWIT_121123_0,C:\Users\Eric\Documents\cig-ads-image\data\images\HESTIATWIT_121123_0.png,Ad images for Yiqun/Hestia/Hestia Twitter/Hestia Twitter 2023/HestiaTwit_121123_0.png,HestiaTwit_121123_0,2023,0,0,0,0,0,0,0,0,0,0,1,0,0,0,0,0,0
HESTIATWIT_121123_1,C:\Users\Eric\Documents\cig-ads-image\data\images\HESTIATWIT_121123_1.png,Ad images for Yiqun/Hestia/Hestia Twitter/Hestia Twitter 2023/HestiaTwit_121123_1​A.png,HestiaTwit_121123_1,2023,0,0,0,0,0,1,1,0,0,0,0,0,0,0,0,1,0
HESTIATWIT_121222_0,C:\Users\Eric\Documents\cig-ads-image\data\images\HESTIATWIT_121222_0.png,Ad images for Yiqun/Hestia/Hestia Twitter/Hestia Twitter 2022/HestiaTwit_121222_0.png,HestiaTwit_121222_0,2022,0,0,0,0,0,0,0,0,0,0,0,0,0,0,0,0,0
HESTIATWIT_121223_0,C:\Users\Eric\Documents\cig-ads-image\data\images\HESTIATWIT_121223_0.png,Ad images for Yiqun/Hestia/Hestia Twitter/Hestia Twitter 2023/HestiaTwit_121223_0.png,HestiaTwit_121223_0,2023,0,0,0,0,0,0,0,0,0,0,1,0,0,0,0,0,0
HESTIATWIT_121323_0,C:\Users\Eric\Documents\cig-ads-image\data\images\HESTIATWIT_121323_0.png,Ad images for Yiqun/Hestia/Hestia Twitter/Hestia Twitter 2023/HestiaTwit_121323_0A​.png,HestiaTwit_121323_0,2023,0,0,0,0,0,0,0,0,0,0,0,0,0,1,0,0,0
HESTIATWIT_121423_0,C:\Users\Eric\Documents\cig-ads-image\data\images\HESTIATWIT_121423_0.png,Ad images for Yiqun/Hestia/Hestia Twitter/Hestia Twitter 2023/HestiaTwit_121423_0A​.png,HestiaTwit_121423_0,2023,0,0,0,0,0,1,0,0,0,0,0,0,0,0,0,0,0
HESTIATWIT_121723_0,C:\Users\Eric\Documents\cig-ads-image\data\images\HESTIATWIT_121723_0.png,Ad images for Yiqun/Hestia/Hestia Twitter/Hestia Twitter 2023/HestiaTwit_121723_0.png,HestiaTwit_121723_0,2023,0,0,0,0,0,0,0,1,0,0,0,0,0,1,0,0,0
HESTIATWIT_121823_0,C:\Users\Eric\Documents\cig-ads-image\data\images\HESTIATWIT_121823_0.png,Ad images for Yiqun/Hestia/Hestia Twitter/Hestia Twitter 2023/HestiaTwit_121823_0.png,HestiaTwit_121823_0,2023,0,0,0,0,0,0,0,0,0,0,0,1,0,0,0,0,0
HESTIATWIT_121823_1,C:\Users\Eric\Documents\cig-ads-image\data\images\HESTIATWIT_121823_1.png,Ad images for Yiqun/Hestia/Hestia Twitter/Hestia Twitter 2023/HestiaTwit_121823_1.png,HestiaTwit_121823_1,2023,0,0,0,0,0,0,1,0,0,0,0,0,0,1,0,0,0
HESTIATWIT_122023_0,C:\Users\Eric\Documents\cig-ads-image\data\images\HESTIATWIT_122023_0.png,Ad images for Yiqun/Hestia/Hestia Twitter/Hestia Twitter 2023/HestiaTwit_122023_0A.png,HestiaTwit_122023_0,2023,0,1,0,0,0,0,1,0,0,0,0,0,0,1,0,0,0
HESTIATWIT_122123_0,C:\Users\Eric\Documents\cig-ads-image\data\images\HESTIATWIT_122123_0.png,Ad images for Yiqun/Hestia/Hestia Twitter/Hestia Twitter 2023/HestiaTwit_122123_0.png,HestiaTwit_122123_0,2023,0,0,0,0,0,0,0,0,0,0,0,0,0,0,0,0,0
HESTIATWIT_122123_1,C:\Users\Eric\Documents\cig-ads-image\data\images\HESTIATWIT_122123_1.png,Ad images for Yiqun/Hestia/Hestia Twitter/Hestia Twitter 2023/HestiaTwit_122123_1.png,HestiaTwit_122123_1,2023,0,0,0,0,0,0,0,1,0,0,0,0,0,0,0,1,0
HESTIATWIT_122223_0,C:\Users\Eric\Documents\cig-ads-image\data\images\HESTIATWIT_122223_0.png,Ad images for Yiqun/Hestia/Hestia Twitter/Hestia Twitter 2023/HestiaTwit_122223_0.png,HestiaTwit_122223_0,2023,0,1,0,0,0,0,0,1,0,0,0,0,0,1,0,0,0
HESTIATWIT_122522_0,C:\Users\Eric\Documents\cig-ads-image\data\images\HESTIATWIT_122522_0.png,Ad images for Yiqun/Hestia/Hestia Twitter/Hestia Twitter 2022/HestiaTwit_122522_0.png,HestiaTwit_122522_0,2022,0,0,0,0,0,0,0,0,0,0,0,0,0,0,0,0,0
HESTIATWIT_122622_0,C:\Users\Eric\Documents\cig-ads-image\data\images\HESTIATWIT_122622_0.png,Ad images for Yiqun/Hestia/Hestia Twitter/Hestia Twitter 2022/HestiaTwit_122622_0.png,HestiaTwit_122622_0,2022,0,0,0,0,0,0,0,0,0,0,0,0,0,1,0,0,0
HESTIATWIT_122622_1,C:\Users\Eric\Documents\cig-ads-image\data\images\HESTIATWIT_122622_1.png,Ad images for Yiqun/Hestia/Hestia Twitter/Hestia Twitter 2022/HestiaTwit_122622_1.png,HestiaTwit_122622_1,2022,0,1,0,0,1,0,0,0,0,0,0,0,0,1,0,0,0
HESTIATWIT_122622_2,C:\Users\Eric\Documents\cig-ads-image\data\images\HESTIATWIT_122622_2.png,Ad images for Yiqun/Hestia/Hestia Twitter/Hestia Twitter 2022/HestiaTwit_122622_2.png,HestiaTwit_122622_2,2022,0,0,0,0,0,0,0,0,0,0,0,0,0,0,0,0,0
HESTIATWIT_122623_0,C:\Users\Eric\Documents\cig-ads-image\data\images\HESTIATWIT_122623_0.png,Ad images for Yiqun/Hestia/Hestia Twitter/Hestia Twitter 2023/HestiaTwit_122623_0A.png,HestiaTwit_122623_0,2023,0,1,0,0,0,0,0,0,0,0,0,0,0,1,0,0,0
HESTIATWIT_122623_1,C:\Users\Eric\Documents\cig-ads-image\data\images\HESTIATWIT_122623_1.png,Ad images for Yiqun/Hestia/Hestia Twitter/Hestia Twitter 2023/HestiaTwit_122623_1.png,HestiaTwit_122623_1,2023,0,0,0,0,0,0,0,0,0,0,0,0,0,1,0,0,0
HESTIATWIT_122723_0,C:\Users\Eric\Documents\cig-ads-image\data\images\HESTIATWIT_122723_0.png,Ad images for Yiqun/Hestia/Hestia Twitter/Hestia Twitter 2023/HestiaTwit_122723_0A.png,HestiaTwit_122723_0,2023,0,1,0,0,0,0,0,0,0,0,0,0,0,0,0,0,0
HESTIATWIT_122723_2,C:\Users\Eric\Documents\cig-ads-image\data\images\HESTIATWIT_122723_2.png,Ad images for Yiqun/Hestia/Hestia Twitter/Hestia Twitter 2023/HestiaTwit_122723_2A.png,HestiaTwit_122723_2,2023,0,1,0,0,0,0,1,0,0,0,1,0,0,0,0,0,0
HESTIATWIT_123123_0,C:\Users\Eric\Documents\cig-ads-image\data\images\HESTIATWIT_123123_0.png,Ad images for Yiqun/Hestia/Hestia Twitter/Hestia Twitter 2023/HestiaTwit_123123_0.png,HestiaTwit_123123_0,2023,0,0,0,0,0,0,0,0,0,0,0,0,0,0,0,0,0
LGEMAIL22_002,C:\Users\Eric\Documents\cig-ads-image\data\images\LGEMAIL22_002.jpeg,Ad images for Yiqun/Trinkets and Trash Image Files/Ecig/2022/Logic/Email/LGemail22_002.jpeg,LGemail22_002,2022,1,1,0,0,0,0,0,0,0,0,0,0,0,0,0,0,1
LGMAG22_001,C:\Users\Eric\Documents\cig-ads-image\data\images\LGMAG22_001.jpeg,Ad images for Yiqun/Trinkets and Trash Image Files/Ecig/2022/Logic/Magazine/LGmag22_001.jpeg,LGmag22_001,2022,1,0,0,0,0,0,0,0,0,0,0,0,0,0,0,0,0
LSCMAG21_001,C:\Users\Eric\Documents\cig-ads-image\data\images\LSCMAG21_001.jpeg,Ad images for Yiqun/Trinkets and Trash Image Files/Cig/2021/Lucky Strike/Print/LScmag21_001​ .jpeg,LScmag21_001,2021,0,0,0,0,0,0,0,0,0,0,0,0,0,0,0,0,0
LSCMAG21_002,C:\Users\Eric\Documents\cig-ads-image\data\images\LSCMAG21_002.jpeg,Ad images for Yiqun/Trinkets and Trash Image Files/Cig/2021/Lucky Strike/Print/LScmag21_002.jpeg,LScmag21_002,2021,0,0,0,0,1,1,0,0,0,0,1,0,0,0,0,0,0
LSCMAG21_003,C:\Users\Eric\Documents\cig-ads-image\data\images\LSCMAG21_003.jpeg,Ad images for Yiqun/Trinkets and Trash Image Files/Cig/2021/Lucky Strike/Print/LScmag21_003.jpeg,LScmag21_003,2021,0,0,0,0,0,0,0,0,0,0,0,0,0,0,0,0,0
LSCMAG21_004,C:\Users\Eric\Documents\cig-ads-image\data\images\LSCMAG21_004.jpeg,Ad images for Yiqun/Trinkets and Trash Image Files/Cig/2021/Lucky Strike/Print/LScmag21_004.jpeg,LScmag21_004,2021,0,0,0,0,0,0,0,0,0,0,0,0,0,0,0,0,0
LSCMAG21_005,C:\Users\Eric\Documents\cig-ads-image\data\images\LSCMAG21_005.jpeg,Ad images for Yiqun/Trinkets and Trash Image Files/Cig/2021/Lucky Strike/Print/LScmag21_005.jpeg,LScmag21_005,2021,0,1,0,0,0,0,0,0,0,0,0,0,0,1,0,0,0
LSCMAG21_006,C:\Users\Eric\Documents\cig-ads-image\data\images\LSCMAG21_006.jpeg,Ad images for Yiqun/Trinkets and Trash Image Files/Cig/2021/Lucky Strike/Print/LScmag21_006.jpeg,LScmag21_006,2021,0,0,0,1,1,0,0,0,0,0,1,0,0,0,0,0,0
LSCMAG21_007,C:\Users\Eric\Documents\cig-ads-image\data\images\LSCMAG21_007.jpeg,Ad images for Yiqun/Trinkets and Trash Image Files/Cig/2021/Lucky Strike/Print/LScmag21_007.jpeg,LScmag21_007,2021,0,0,0,1,0,0,0,0,0,0,0,0,0,1,0,0,0
LSCMAG21_008,C:\Users\Eric\Documents\cig-ads-image\data\images\LSCMAG21_008.jpeg,Ad images for Yiqun/Trinkets and Trash Image Files/Cig/2021/Lucky Strike/Print/LScmag21_008.jpeg,LScmag21_008,2021,0,0,0,0,0,0,0,0,0,0,0,0,0,0,0,0,0
LSCMAG21_009,C:\Users\Eric\Documents\cig-ads-image\data\images\LSCMAG21_009.jpeg,Ad images for Yiqun/Trinkets and Trash Image Files/Cig/2021/Lucky Strike/Print/LScmag21_009.jpeg,LScmag21_009,2021,0,0,0,1,0,0,0,0,0,0,0,0,0,1,0,0,0
LSCMAG21_010,C:\Users\Eric\Documents\cig-ads-image\data\images\LSCMAG21_010.jpeg,Ad images for Yiqun/Trinkets and Trash Image Files/Cig/2021/Lucky Strike/Print/LScmag21_010.jpeg,LScmag21_010,2021,0,0,0,0,0,0,1,0,0,0,0,0,0,1,0,0,0
LSCMAG21_011,C:\Users\Eric\Documents\cig-ads-image\data\images\LSCMAG21_011.jpeg,Ad images for Yiqun/Trinkets and Trash Image Files/Cig/2021/Lucky Strike/Print/LScmag21_011.jpeg,LScmag21_011,2021,0,0,0,1,0,0,0,0,0,0,0,0,0,0,0,0,0
LSCMAG22_001,C:\Users\Eric\Documents\cig-ads-image\data\images\LSCMAG22_001.jpeg,Ad images for Yiqun/Trinkets and Trash Image Files/Cig/2022/Lucky Strike/Print/LScmag22_001​ .jpeg,LScmag22_001,2022,0,0,0,0,0,0,1,0,0,0,0,0,0,0,0,0,0
LSCMAG22_002,C:\Users\Eric\Documents\cig-ads-image\data\images\LSCMAG22_002.jpeg,Ad images for Yiqun/Trinkets and Trash Image Files/Cig/2022/Lucky Strike/Print/LScmag22_002.jpeg,LScmag22_002,2022,0,0,0,1,0,0,0,0,0,0,0,0,0,0,0,0,0
MARCMAG21_001,C:\Users\Eric\Documents\cig-ads-image\data\images\MARCMAG21_001.jpeg,Ad images for Yiqun/Trinkets and Trash Image Files/Cig/2021/Marlboro/Print/MARcmag21_001​.jpeg,MARcmag21_001,2021,0,0,0,0,0,0,0,0,0,0,0,0,0,0,0,0,0
MARCMAG21_002,C:\Users\Eric\Documents\cig-ads-image\data\images\MARCMAG21_002.jpeg,Ad images for Yiqun/Trinkets and Trash Image Files/Cig/2021/Marlboro/Print/MARcmag21_002.jpeg,MARcmag21_002,2021,0,0,0,0,0,0,0,0,0,0,0,0,0,0,0,0,0
MARCMAG21_003,C:\Users\Eric\Documents\cig-ads-image\data\images\MARCMAG21_003.jpeg,Ad images for Yiqun/Trinkets and Trash Image Files/Cig/2021/Marlboro/Print/MARcmag21_003.jpeg,MARcmag21_003,2021,0,0,0,0,0,0,0,0,0,0,0,0,0,0,0,0,0
MARCMAG21_004,C:\Users\Eric\Documents\cig-ads-image\data\images\MARCMAG21_004.jpeg,Ad images for Yiqun/Trinkets and Trash Image Files/Cig/2021/Marlboro/Print/MARcmag21_004.jpeg,MARcmag21_004,2021,0,0,0,0,0,0,0,0,0,0,0,0,0,0,0,0,0
MARCMAG21_005,C:\Users\Eric\Documents\cig-ads-image\data\images\MARCMAG21_005.jpeg,Ad images for Yiqun/Trinkets and Trash Image Files/Cig/2021/Marlboro/Print/MARcmag21_005.jpeg,MARcmag21_005,2021,0,0,0,0,0,1,1,0,0,0,0,0,0,0,0,0,0
MARCMAG21_006,C:\Users\Eric\Documents\cig-ads-image\data\images\MARCMAG21_006.jpeg,Ad images for Yiqun/Trinkets and Trash Image Files/Cig/2021/Marlboro/Print/MARcmag21_006.jpeg,MARcmag21_006,2021,0,0,0,0,0,0,0,0,0,0,0,0,0,0,0,0,0
MAREMAIL21_001,C:\Users\Eric\Documents\cig-ads-image\data\images\MAREMAIL21_001.jpeg,Ad images for Yiqun/Trinkets and Trash Image Files/Cig/2021/Marlboro/Email/MARemail21_001.jpeg,MARemail21_001,2021,0,1,0,1,0,0,0,0,0,0,0,0,0,0,0,0,0
MAREMAIL21_002,C:\Users\Eric\Documents\cig-ads-image\data\images\MAREMAIL21_002.jpeg,Ad images for Yiqun/Trinkets and Trash Image Files/Cig/2021/Marlboro/Email/MARemail21_002.jpeg,MARemail21_002,2021,0,0,0,0,0,0,0,0,0,0,0,0,0,0,0,0,0
MAREMAIL21_003,C:\Users\Eric\Documents\cig-ads-image\data\images\MAREMAIL21_003.jpeg,Ad images for Yiqun/Trinkets and Trash Image Files/Cig/2021/Marlboro/Email/MARemail21_003.jpeg,MARemail21_003,2021,0,0,0,0,0,0,0,0,0,0,0,0,0,0,0,0,0
MAREMAIL21_004,C:\Users\Eric\Documents\cig-ads-image\data\images\MAREMAIL21_004.jpeg,Ad images for Yiqun/Trinkets and Trash Image Files/Cig/2021/Marlboro/Email/MARemail21_004.jpeg,MARemail21_004,2021,0,0,0,0,0,0,0,0,0,0,1,0,0,0,0,0,0
MAREMAIL21_005,C:\Users\Eric\Documents\cig-ads-image\data\images\MAREMAIL21_005.jpeg,Ad images for Yiqun/Trinkets and Trash Image Files/Cig/2021/Marlboro/Email/MARemail21_005.jpeg,MARemail21_005,2021,0,0,0,0,0,0,0,0,0,0,0,0,0,0,0,0,0
MAREMAIL21_006,C:\Users\Eric\Documents\cig-ads-image\data\images\MAREMAIL21_006.jpeg,Ad images for Yiqun/Trinkets and Trash Image Files/Cig/2021/Marlboro/Email/MARemail21_006.jpeg,MARemail21_006,2021,0,0,0,0,0,0,0,0,0,0,0,0,0,0,0,0,0
MAREMAIL22_001,C:\Users\Eric\Documents\cig-ads-image\data\images\MAREMAIL22_001.jpeg,Ad images for Yiqun/Trinkets and Trash Image Files/Cig/2022/Marlboro/email/MARemail22_001.jpeg,MARemail22_001,2022,0,0,0,0,0,0,0,0,0,0,0,0,0,0,0,0,0
MAREMAIL22_002,C:\Users\Eric\Documents\cig-ads-image\data\images\MAREMAIL22_002.jpeg,Ad images for Yiqun/Trinkets and Trash Image Files/Cig/2022/Marlboro/email/MARemail22_002.jpeg,MARemail22_002,2022,0,0,0,0,0,0,0,0,0,0,0,0,0,0,0,0,0
MAREMAIL22_003,C:\Users\Eric\Documents\cig-ads-image\data\images\MAREMAIL22_003.jpeg,Ad images for Yiqun/Trinkets and Trash Image Files/Cig/2022/Marlboro/email/MARemail22_003.jpeg,MARemail22_003,2022,0,1,0,0,0,0,0,0,0,0,0,0,0,0,0,0,0
MAREMAIL22_004,C:\Users\Eric\Documents\cig-ads-image\data\images\MAREMAIL22_004.jpeg,Ad images for Yiqun/Trinkets and Trash Image Files/Cig/2022/Marlboro/email/MARemail22_004.jpeg,MARemail22_004,2022,0,0,1,0,1,0,0,0,0,0,1,0,0,0,0,0,0
MAREMAIL22_005,C:\Users\Eric\Documents\cig-ads-image\data\images\MAREMAIL22_005.jpeg,Ad images for Yiqun/Trinkets and Trash Image Files/Cig/2022/Marlboro/email/MARemail22_005.jpeg,MARemail22_005,2022,0,0,0,0,0,0,0,0,0,0,0,0,0,0,0,0,0
MAREMAIL22_006,C:\Users\Eric\Documents\cig-ads-image\data\images\MAREMAIL22_006.jpeg,Ad images for Yiqun/Trinkets and Trash Image Files/Cig/2022/Marlboro/email/MARemail22_006.jpeg,MARemail22_006,2022,0,0,0,0,0,0,0,0,0,0,0,0,0,0,0,0,0
MAREMAIL22_007,C:\Users\Eric\Documents\cig-ads-image\data\images\MAREMAIL22_007.jpeg,Ad images for Yiqun/Trinkets and Trash Image Files/Cig/2022/Marlboro/email/MARemail22_007.jpeg,MARemail22_007,2022,0,0,0,0,0,0,0,0,0,0,0,0,0,0,0,0,0
NASCMAG21_001,C:\Users\Eric\Documents\cig-ads-image\data\images\NASCMAG21_001.jpeg,Ad images for Yiqun/Trinkets and Trash Image Files/Cig/2021/Natural American Spirit/Print/NAScmag21_001.jpeg,NAScmag21_001,2021,0,0,0,0,0,0,0,0,0,0,0,0,0,0,0,0,0
NASCMAG21_002,C:\Users\Eric\Documents\cig-ads-image\data\images\NASCMAG21_002.jpeg,Ad images for Yiqun/Trinkets and Trash Image Files/Cig/2021/Natural American Spirit/Print/NAScmag21_002.jpeg,NAScmag21_002,2021,0,0,0,0,0,0,0,0,0,0,0,0,0,0,0,0,0
NASCMAG21_003,C:\Users\Eric\Documents\cig-ads-image\data\images\NASCMAG21_003.jpeg,Ad images for Yiqun/Trinkets and Trash Image Files/Cig/2021/Natural American Spirit/Print/NAScmag21_003.jpeg,NAScmag21_003,2021,0,0,0,0,0,0,0,0,0,0,0,0,0,0,0,0,0
NASCMAG21_004,C:\Users\Eric\Documents\cig-ads-image\data\images\NASCMAG21_004.jpeg,Ad images for Yiqun/Trinkets and Trash Image Files/Cig/2021/Natural American Spirit/Print/NAScmag21_004.jpeg,NAScmag21_004,2021,0,0,0,0,0,0,0,0,0,0,0,0,0,0,0,0,0
NASCMAG21_005,C:\Users\Eric\Documents\cig-ads-image\data\images\NASCMAG21_005.jpeg,Ad images for Yiqun/Trinkets and Trash Image Files/Cig/2021/Natural American Spirit/Print/NAScmag21_005.jpeg,NAScmag21_005,2021,0,0,0,0,0,0,0,0,0,0,0,0,0,0,0,0,0
NASCMAG21_006,C:\Users\Eric\Documents\cig-ads-image\data\images\NASCMAG21_006.jpeg,Ad images for Yiqun/Trinkets and Trash Image Files/Cig/2021/Natural American Spirit/Print/NAScmag21_006.jpeg,NAScmag21_006,2021,0,0,0,0,0,0,0,0,0,0,0,0,0,0,0,0,0
NASCMAG21_007,C:\Users\Eric\Documents\cig-ads-image\data\images\NASCMAG21_007.jpeg,Ad images for Yiqun/Trinkets and Trash Image Files/Cig/2021/Natural American Spirit/Print/NAScmag21_007.jpeg,NAScmag21_007,2021,0,1,0,0,0,0,0,0,0,0,0,0,0,0,0,0,0
NASCMAG22_001,C:\Users\Eric\Documents\cig-ads-image\data\images\NASCMAG22_001.png,Ad images for Yiqun/Trinkets and Trash Image Files/Cig/2022/American Spirit/Magazine/NAScmag22_001.png,NAScmag22_001,2022,0,1,0,0,0,0,0,0,0,0,0,0,0,0,0,0,0
NASCMAG22_002,C:\Users\Eric\Documents\cig-ads-image\data\images\NASCMAG22_002.jpeg,Ad images for Yiqun/Trinkets and Trash Image Files/Cig/2022/American Spirit/Magazine/NAScmag22_002.jpeg,NAScmag22_002,2022,0,1,0,0,0,0,0,0,0,0,0,0,0,0,0,0,0
NASCMAG22_003,C:\Users\Eric\Documents\cig-ads-image\data\images\NASCMAG22_003.jpeg,Ad images for Yiqun/Trinkets and Trash Image Files/Cig/2022/American Spirit/Magazine/NAScmag22_003.jpeg,NAScmag22_003,2022,0,0,0,0,0,1,0,0,0,0,0,0,0,0,0,0,0
NASDTC21_001,C:\Users\Eric\Documents\cig-ads-image\data\images\NASDTC21_001.jpeg,Ad images for Yiqun/Trinkets and Trash Image Files/Cig/2021/Natural American Spirit/DTC/NASdtc21_001A.jpeg,NASdtc21_001,2021,0,0,0,0,0,0,0,0,0,0,0,0,0,0,0,0,0
NASDTC21_002,C:\Users\Eric\Documents\cig-ads-image\data\images\NASDTC21_002.jpeg,Ad images for Yiqun/Trinkets and Trash Image Files/Cig/2021/Natural American Spirit/DTC/NASdtc21_002A.jpeg,NASdtc21_002,2021,0,0,0,0,0,0,0,0,0,0,0,0,0,0,0,0,0
NASDTC21_003,C:\Users\Eric\Documents\cig-ads-image\data\images\NASDTC21_003.jpeg,Ad images for Yiqun/Trinkets and Trash Image Files/Cig/2021/Natural American Spirit/DTC/NASdtc21_003A.jpeg,NASdtc21_003,2021,0,1,0,0,0,0,0,0,0,0,0,0,0,0,0,0,0
NASEMAIL21_001,C:\Users\Eric\Documents\cig-ads-image\data\images\NASEMAIL21_001.jpeg,Ad images for Yiqun/Trinkets and Trash Image Files/Cig/2021/Natural American Spirit/Email/NASemail21_001.jpeg,NASemail21_001,2021,0,0,0,0,0,1,0,0,0,0,0,0,0,0,0,0,0
NASEMAIL21_002,C:\Users\Eric\Documents\cig-ads-image\data\images\NASEMAIL21_002.jpeg,Ad images for Yiqun/Trinkets and Trash Image Files/Cig/2021/Natural American Spirit/Email/NASemail21_002.jpeg,NASemail21_002,2021,0,0,0,0,0,0,0,0,0,0,0,0,0,0,0,0,0
NASEMAIL21_003,C:\Users\Eric\Documents\cig-ads-image\data\images\NASEMAIL21_003.jpeg,Ad images for Yiqun/Trinkets and Trash Image Files/Cig/2021/Natural American Spirit/Email/NASemail21_003.jpeg,NASemail21_003,2021,0,1,0,0,0,0,0,0,0,0,0,0,0,0,0,0,0
NASEMAIL21_004,C:\Users\Eric\Documents\cig-ads-image\data\images\NASEMAIL21_004.jpeg,Ad images for Yiqun/Trinkets and Trash Image Files/Cig/2021/Natural American Spirit/Email/NASemail21_004.jpeg,NASemail21_004,2021,0,0,1,0,0,0,0,0,0,0,0,0,0,0,0,0,0
NASEMAIL21_005,C:\Users\Eric\Documents\cig-ads-image\data\images\NASEMAIL21_005.jpeg,Ad images for Yiqun/Trinkets and Trash Image Files/Cig/2021/Natural American Spirit/Email/NASemail21_005.jpeg,NASemail21_005,2021,0,1,0,0,0,1,0,0,0,0,0,0,0,0,0,0,0
NASEMAIL21_006,C:\Users\Eric\Documents\cig-ads-image\data\images\NASEMAIL21_006.jpeg,Ad images for Yiqun/Trinkets and Trash Image Files/Cig/2021/Natural American Spirit/Email/NASemail21_006.jpeg,NASemail21_006,2021,0,1,0,0,0,0,0,0,0,0,0,0,0,0,0,0,0
NASEMAIL21_007,C:\Users\Eric\Documents\cig-ads-image\data\images\NASEMAIL21_007.jpeg,Ad images for Yiqun/Trinkets and Trash Image Files/Cig/2021/Natural American Spirit/Email/NASemail21_007.jpeg,NASemail21_007,2021,0,1,0,0,0,0,0,0,0,0,0,0,0,0,0,0,0
NASEMAIL21_008,C:\Users\Eric\Documents\cig-ads-image\data\images\NASEMAIL21_008.jpeg,Ad images for Yiqun/Trinkets and Trash Image Files/Cig/2021/Natural American Spirit/Email/NASemail21_008.jpeg,NASemail21_008,2021,0,0,0,0,0,0,0,0,0,0,0,0,0,0,0,0,0
NASEMAIL22_001,C:\Users\Eric\Documents\cig-ads-image\data\images\NASEMAIL22_001.jpeg,Ad images for Yiqun/Trinkets and Trash Image Files/Cig/2022/American Spirit/Email/NASemail22_001.jpeg,NASemail22_001,2022,0,1,0,0,0,0,0,0,0,0,0,0,0,0,0,0,0
NASEMAIL22_002,C:\Users\Eric\Documents\cig-ads-image\data\images\NASEMAIL22_002.jpeg,Ad images for Yiqun/Trinkets and Trash Image Files/Cig/2022/American Spirit/Email/NASemail22_002.jpeg,NASemail22_002,2022,0,0,0,0,0,0,0,0,0,0,0,0,0,0,0,0,0
NASEMAIL22_003,C:\Users\Eric\Documents\cig-ads-image\data\images\NASEMAIL22_003.jpeg,Ad images for Yiqun/Trinkets and Trash Image Files/Cig/2022/American Spirit/Email/NASemail22_003.jpeg,NASemail22_003,2022,0,1,1,0,0,0,0,0,0,0,0,0,0,0,0,0,0
NASEMAIL22_004,C:\Users\Eric\Documents\cig-ads-image\data\images\NASEMAIL22_004.jpeg,Ad images for Yiqun/Trinkets and Trash Image Files/Cig/2022/American Spirit/Email/NASemail22_004.jpeg,NASemail22_004,2022,0,1,0,0,0,1,0,0,0,0,0,0,0,0,0,0,0
NASEMAIL22_005,C:\Users\Eric\Documents\cig-ads-image\data\images\NASEMAIL22_005.jpeg,Ad images for Yiqun/Trinkets and Trash Image Files/Cig/2022/American Spirit/Email/NASemail22_005.jpeg,NASemail22_005,2022,0,0,0,0,0,0,0,0,0,0,0,0,0,0,0,0,0
NASEMAIL22_007,C:\Users\Eric\Documents\cig-ads-image\data\images\NASEMAIL22_007.jpeg,Ad images for Yiqun/Trinkets and Trash Image Files/Cig/2022/American Spirit/Email/NASemail22_007.jpeg,NASemail22_007,2022,0,0,0,0,0,1,0,0,0,0,0,0,0,0,0,0,0
NASEMAIL22_009,C:\Users\Eric\Documents\cig-ads-image\data\images\NASEMAIL22_009.jpeg,Ad images for Yiqun/Trinkets and Trash Image Files/Cig/2022/American Spirit/Email/NASemail22_009.jpeg,NASemail22_009,2022,0,1,0,0,0,0,0,0,0,0,0,0,0,0,0,0,0
NASEMAIL22_010,C:\Users\Eric\Documents\cig-ads-image\data\images\NASEMAIL22_010.jpeg,Ad images for Yiqun/Trinkets and Trash Image Files/Cig/2022/American Spirit/Email/NASemail22_010.jpeg,NASemail22_010,2022,0,0,0,0,0,1,0,0,0,0,0,0,0,0,0,0,0
NASEMAIL22_011,C:\Users\Eric\Documents\cig-ads-image\data\images\NASEMAIL22_011.jpeg,Ad images for Yiqun/Trinkets and Trash Image Files/Cig/2022/American Spirit/Email/NASemail22_011.jpeg,NASemail22_011,2022,0,1,0,0,0,0,0,0,0,0,0,0,0,0,0,0,0
NASEMAIL22_012,C:\Users\Eric\Documents\cig-ads-image\data\images\NASEMAIL22_012.jpeg,Ad images for Yiqun/Trinkets and Trash Image Files/Cig/2022/American Spirit/Email/NASemail22_012.jpeg,NASemail22_012,2022,0,1,0,0,0,0,0,0,0,0,0,0,0,0,0,0,0
NASEMAIL22_013,C:\Users\Eric\Documents\cig-ads-image\data\images\NASEMAIL22_013.jpeg,Ad images for Yiqun/Trinkets and Trash Image Files/Cig/2022/American Spirit/Email/NASemail22_013.jpeg,NASemail22_013,2022,0,1,1,1,0,0,0,0,0,0,0,0,0,0,0,0,0
NASEMAIL22_014,C:\Users\Eric\Documents\cig-ads-image\data\images\NASEMAIL22_014.jpeg,Ad images for Yiqun/Trinkets and Trash Image Files/Cig/2022/American Spirit/Email/NASemail22_014.jpeg,NASemail22_014,2022,0,0,0,0,0,0,0,0,0,0,0,0,0,0,0,0,0
NASOUTDOOR22_001,C:\Users\Eric\Documents\cig-ads-image\data\images\NASOUTDOOR22_001.png,Ad images for Yiqun/Trinkets and Trash Image Files/Cig/2022/American Spirit/outdoor/NASoutdoor22_001.png,NASoutdoor22_001,2022,0,0,0,0,0,0,0,0,0,0,0,0,0,0,0,0,0
NPCMAG21_001,C:\Users\Eric\Documents\cig-ads-image\data\images\NPCMAG21_001.jpeg,Ad images for Yiqun/Trinkets and Trash Image Files/Cig/2021/Newport/Print/NPcmag21_001.jpeg,NPcmag21_001,2021,0,0,0,0,0,0,0,0,0,0,0,0,0,0,0,0,0
NPCMAG21_002,C:\Users\Eric\Documents\cig-ads-image\data\images\NPCMAG21_002.jpeg,Ad images for Yiqun/Trinkets and Trash Image Files/Cig/2021/Newport/Print/NPcmag21_002.jpeg,NPcmag21_002,2021,0,0,1,0,0,0,0,0,0,0,0,0,0,0,0,0,0
NPEMAIL22_001,C:\Users\Eric\Documents\cig-ads-image\data\images\NPEMAIL22_001.jpeg,Ad images for Yiqun/Trinkets and Trash Image Files/Cig/2022/Newport/Email/NPemail22_001.jpeg,NPemail22_001,2022,0,1,1,0,0,0,0,0,0,0,0,0,0,0,0,0,0
VUSEFACE_052721_1,C:\Users\Eric\Documents\cig-ads-image\data\images\VUSEFACE_052721_1.png,Ad images for Yiqun/Vuse/Vuse Facebook/Vuse Facebook 2021/VuseFace_052721_1B.png,VuseFace_052721_1,2021,1,0,0,1,1,0,0,0,0,0,0,0,0,0,0,0,1
VUSEFACE_053021_0,C:\Users\Eric\Documents\cig-ads-image\data\images\VUSEFACE_053021_0.png,Ad images for Yiqun/Vuse/Vuse Facebook/Vuse Facebook 2021/VuseFace_053021_0A.png,VuseFace_053021_0,2021,1,0,0,1,0,0,0,0,0,0,1,0,0,0,0,0,1
VUSEFACE_053121_0,C:\Users\Eric\Documents\cig-ads-image\data\images\VUSEFACE_053121_0.png,Ad images for Yiqun/Vuse/Vuse Facebook/Vuse Facebook 2021/VuseFace_053121_0.png,VuseFace_053121_0,2021,1,0,0,1,0,0,0,0,0,0,0,0,0,0,0,0,1
VUSEINSTA_030321_0,C:\Users\Eric\Documents\cig-ads-image\data\images\VUSEINSTA_030321_0.png,Ad images for Yiqun/Vuse/Vuse Instagram/Vuse Instagram 2021/VuseInsta_030321_0.png,VuseInsta_030321_0,2021,1,0,1,0,0,0,0,0,0,0,0,0,0,0,0,0,1
VUSEINSTA_030421_0,C:\Users\Eric\Documents\cig-ads-image\data\images\VUSEINSTA_030421_0.png,Ad images for Yiqun/Vuse/Vuse Instagram/Vuse Instagram 2021/VuseInsta_030421_0.png,VuseInsta_030421_0,2021,1,1,1,0,1,0,0,0,0,0,0,0,0,0,0,0,1
VUSEINSTA_030521_0,C:\Users\Eric\Documents\cig-ads-image\data\images\VUSEINSTA_030521_0.png,Ad images for Yiqun/Vuse/Vuse Instagram/Vuse Instagram 2021/VuseInsta_030521_0.png,VuseInsta_030521_0,2021,1,1,0,0,0,0,0,0,0,0,0,0,0,1,0,0,1
VUSEINSTA_030621_0,C:\Users\Eric\Documents\cig-ads-image\data\images\VUSEINSTA_030621_0.png,Ad images for Yiqun/Vuse/Vuse Instagram/Vuse Instagram 2021/VuseInsta_030621_0.png,VuseInsta_030621_0,2021,1,1,0,0,0,0,0,0,0,0,0,0,0,1,0,0,1
VUSEINSTA_030721_0,C:\Users\Eric\Documents\cig-ads-image\data\images\VUSEINSTA_030721_0.png,Ad images for Yiqun/Vuse/Vuse Instagram/Vuse Instagram 2021/VuseInsta_030721_0.png,VuseInsta_030721_0,2021,1,1,1,0,0,0,0,0,0,0,0,0,0,1,0,0,1
VUSEINSTA_030821_0,C:\Users\Eric\Documents\cig-ads-image\data\images\VUSEINSTA_030821_0.png,Ad images for Yiqun/Vuse/Vuse Instagram/Vuse Instagram 2021/VuseInsta_030821_0.png,VuseInsta_030821_0,2021,1,1,0,0,0,0,1,0,0,0,0,0,0,0,0,0,1
VUSEINSTA_030921_0,C:\Users\Eric\Documents\cig-ads-image\data\images\VUSEINSTA_030921_0.png,Ad images for Yiqun/Vuse/Vuse Instagram/Vuse Instagram 2021/VuseInsta_030921_0.png,VuseInsta_030921_0,2021,1,1,0,0,0,0,0,0,0,0,0,0,0,0,0,1,1
VUSEINSTA_031021_0,C:\Users\Eric\Documents\cig-ads-image\data\images\VUSEINSTA_031021_0.png,Ad images for Yiqun/Vuse/Vuse Instagram/Vuse Instagram 2021/VuseInsta_031021_0.png,VuseInsta_031021_0,2021,1,1,0,0,0,0,0,0,0,0,0,0,0,0,0,0,1
VUSEINSTA_031221_0,C:\Users\Eric\Documents\cig-ads-image\data\images\VUSEINSTA_031221_0.png,Ad images for Yiqun/Vuse/Vuse Instagram/Vuse Instagram 2021/VuseInsta_031221_0.png,VuseInsta_031221_0,2021,1,0,1,0,1,0,0,0,0,0,0,0,0,0,0,0,1
VUSEINSTA_031521_0,C:\Users\Eric\Documents\cig-ads-image\data\images\VUSEINSTA_031521_0.png,Ad images for Yiqun/Vuse/Vuse Instagram/Vuse Instagram 2021/VuseInsta_031521_0.png,VuseInsta_031521_0,2021,1,1,0,0,0,0,0,0,0,0,0,0,0,0,0,0,1
VUSEINSTA_031721_0,C:\Users\Eric\Documents\cig-ads-image\data\images\VUSEINSTA_031721_0.png,Ad images for Yiqun/Vuse/Vuse Instagram/Vuse Instagram 2021/VuseInsta_031721_0.png,VuseInsta_031721_0,2021,1,0,0,0,0,0,0,0,0,0,0,0,0,0,0,1,1
VUSEINSTA_031821_0,C:\Users\Eric\Documents\cig-ads-image\data\images\VUSEINSTA_031821_0.png,Ad images for Yiqun/Vuse/Vuse Instagram/Vuse Instagram 2021/VuseInsta_031821_0.png,VuseInsta_031821_0,2021,1,1,1,0,0,0,0,0,0,0,0,0,0,0,0,0,1
VUSEINSTA_031921_0,C:\Users\Eric\Documents\cig-ads-image\data\images\VUSEINSTA_031921_0.png,Ad images for Yiqun/Vuse/Vuse Instagram/Vuse Instagram 2021/VuseInsta_031921_0.png,VuseInsta_031921_0,2021,1,0,0,0,0,0,0,0,0,0,0,0,0,0,0,0,1
VUSEINSTA_032121_0,C:\Users\Eric\Documents\cig-ads-image\data\images\VUSEINSTA_032121_0.png,Ad images for Yiqun/Vuse/Vuse Instagram/Vuse Instagram 2021/VuseInsta_032121_0.png,VuseInsta_032121_0,2021,1,1,0,0,0,0,0,0,0,0,0,0,0,0,0,0,1
VUSEINSTA_032321_0,C:\Users\Eric\Documents\cig-ads-image\data\images\VUSEINSTA_032321_0.png,Ad images for Yiqun/Vuse/Vuse Instagram/Vuse Instagram 2021/VuseInsta_032321_0.png,VuseInsta_032321_0,2021,1,0,0,0,0,0,0,0,0,0,0,0,0,0,0,0,1
VUSEINSTA_032421_0,C:\Users\Eric\Documents\cig-ads-image\data\images\VUSEINSTA_032421_0.png,Ad images for Yiqun/Vuse/Vuse Instagram/Vuse Instagram 2021/VuseInsta_032421_0.png,VuseInsta_032421_0,2021,1,0,1,0,0,0,0,0,0,0,0,0,0,0,0,1,1
VUSEINSTA_032921_0,C:\Users\Eric\Documents\cig-ads-image\data\images\VUSEINSTA_032921_0.png,Ad images for Yiqun/Vuse/Vuse Instagram/Vuse Instagram 2021/VuseInsta_032921_0.png,VuseInsta_032921_0,2021,1,1,0,0,0,0,0,0,0,0,0,0,0,0,0,0,1
VUSEINSTA_040121_0,C:\Users\Eric\Documents\cig-ads-image\data\images\VUSEINSTA_040121_0.png,Ad images for Yiqun/Vuse/Vuse Instagram/Vuse Instagram 2021/VuseInsta_040121_0.png,VuseInsta_040121_0,2021,1,0,0,0,0,0,1,0,0,0,0,0,0,0,0,0,1
VUSEINSTA_040421_0,C:\Users\Eric\Documents\cig-ads-image\data\images\VUSEINSTA_040421_0.png,Ad images for Yiqun/Vuse/Vuse Instagram/Vuse Instagram 2021/VuseInsta_040421_0.png,VuseInsta_040421_0,2021,1,0,0,0,0,0,0,0,0,0,0,0,0,0,0,1,1
VUSEINSTA_040621_0,C:\Users\Eric\Documents\cig-ads-image\data\images\VUSEINSTA_040621_0.png,Ad images for Yiqun/Vuse/Vuse Instagram/Vuse Instagram 2021/VuseInsta_040621_0.png,VuseInsta_040621_0,2021,1,0,0,0,0,0,0,0,0,0,0,0,0,0,0,0,1
VUSEINSTA_040721_0,C:\Users\Eric\Documents\cig-ads-image\data\images\VUSEINSTA_040721_0.png,Ad images for Yiqun/Vuse/Vuse Instagram/Vuse Instagram 2021/VuseInsta_040721_0.png,VuseInsta_040721_0,2021,1,0,0,0,0,0,0,0,0,0,0,0,0,0,0,0,1
VUSEINSTA_040821_0,C:\Users\Eric\Documents\cig-ads-image\data\images\VUSEINSTA_040821_0.png,Ad images for Yiqun/Vuse/Vuse Instagram/Vuse Instagram 2021/VuseInsta_040821_0.png,VuseInsta_040821_0,2021,1,0,0,0,0,0,0,0,0,0,0,0,0,0,0,0,1
VUSEINSTA_040921_0,C:\Users\Eric\Documents\cig-ads-image\data\images\VUSEINSTA_040921_0.png,Ad images for Yiqun/Vuse/Vuse Instagram/Vuse Instagram 2021/VuseInsta_040921_0.png,VuseInsta_040921_0,2021,1,1,1,0,1,0,0,0,0,0,0,0,0,0,0,1,1
VUSEINSTA_041021_0,C:\Users\Eric\Documents\cig-ads-image\data\images\VUSEINSTA_041021_0.png,Ad images for Yiqun/Vuse/Vuse Instagram/Vuse Instagram 2021/VuseInsta_041021_0.png,VuseInsta_041021_0,2021,1,0,0,0,0,0,0,0,0,0,0,0,0,0,0,0,1
VUSEINSTA_041121_0,C:\Users\Eric\Documents\cig-ads-image\data\images\VUSEINSTA_041121_0.png,Ad images for Yiqun/Vuse/Vuse Instagram/Vuse Instagram 2021/VuseInsta_041121_0.png,VuseInsta_041121_0,2021,1,0,0,0,0,0,0,0,0,0,0,0,0,0,0,0,1
VUSEINSTA_041221_0,C:\Users\Eric\Documents\cig-ads-image\data\images\VUSEINSTA_041221_0.png,Ad images for Yiqun/Vuse/Vuse Instagram/Vuse Instagram 2021/VuseInsta_041221_0.png,VuseInsta_041221_0,2021,1,0,0,0,0,0,0,0,0,0,0,0,0,0,0,0,1
VUSEINSTA_041321_0,C:\Users\Eric\Documents\cig-ads-image\data\images\VUSEINSTA_041321_0.png,Ad images for Yiqun/Vuse/Vuse Instagram/Vuse Instagram 2021/VuseInsta_041321_0.png,VuseInsta_041321_0,2021,1,0,0,0,0,0,0,0,0,0,0,0,0,0,0,0,1
VUSEINSTA_041421_0,C:\Users\Eric\Documents\cig-ads-image\data\images\VUSEINSTA_041421_0.png,Ad images for Yiqun/Vuse/Vuse Instagram/Vuse Instagram 2021/VuseInsta_041421_0.png,VuseInsta_041421_0,2021,1,1,0,0,0,0,0,0,0,0,0,0,0,0,0,1,1
VUSEINSTA_041621_0,C:\Users\Eric\Documents\cig-ads-image\data\images\VUSEINSTA_041621_0.png,Ad images for Yiqun/Vuse/Vuse Instagram/Vuse Instagram 2021/VuseInsta_041621_0.png,VuseInsta_041621_0,2021,1,1,1,0,0,0,0,0,0,0,0,0,0,0,0,0,1
VUSEINSTA_041721_0,C:\Users\Eric\Documents\cig-ads-image\data\images\VUSEINSTA_041721_0.png,Ad images for Yiqun/Vuse/Vuse Instagram/Vuse Instagram 2021/VuseInsta_041721_0.png,VuseInsta_041721_0,2021,1,0,0,1,0,0,0,0,0,0,0,0,0,0,0,1,1
VUSEINSTA_041821_0,C:\Users\Eric\Documents\cig-ads-image\data\images\VUSEINSTA_041821_0.png,Ad images for Yiqun/Vuse/Vuse Instagram/Vuse Instagram 2021/VuseInsta_041821_0.png,VuseInsta_041821_0,2021,1,0,0,0,1,0,0,0,0,0,0,0,0,0,0,0,1
VUSEINSTA_041821_1,C:\Users\Eric\Documents\cig-ads-image\data\images\VUSEINSTA_041821_1.png,Ad images for Yiqun/Vuse/Vuse Instagram/Vuse Instagram 2021/VuseInsta_041821_1.png,VuseInsta_041821_1,2021,1,0,0,1,0,0,0,0,0,0,0,0,0,0,0,0,1
VUSEINSTA_042121_0,C:\Users\Eric\Documents\cig-ads-image\data\images\VUSEINSTA_042121_0.png,Ad images for Yiqun/Vuse/Vuse Instagram/Vuse Instagram 2021/VuseInsta_042121_0.png,VuseInsta_042121_0,2021,1,0,0,0,0,0,0,0,0,0,1,0,0,0,0,0,1
VUSEINSTA_042221_0,C:\Users\Eric\Documents\cig-ads-image\data\images\VUSEINSTA_042221_0.png,Ad images for Yiqun/Vuse/Vuse Instagram/Vuse Instagram 2021/VuseInsta_042221_0.png,VuseInsta_042221_0,2021,1,1,0,0,1,0,0,0,0,0,1,0,0,0,0,0,1
VUSEINSTA_042321_0,C:\Users\Eric\Documents\cig-ads-image\data\images\VUSEINSTA_042321_0.png,Ad images for Yiqun/Vuse/Vuse Instagram/Vuse Instagram 2021/VuseInsta_042321_0.png,VuseInsta_042321_0,2021,1,0,0,1,1,0,0,0,0,0,1,0,0,0,0,0,1
VUSEINSTA_042621_0,C:\Users\Eric\Documents\cig-ads-image\data\images\VUSEINSTA_042621_0.png,Ad images for Yiqun/Vuse/Vuse Instagram/Vuse Instagram 2021/VuseInsta_042621_0.png,VuseInsta_042621_0,2021,1,1,1,0,1,0,0,0,0,0,1,0,0,0,0,0,1
VUSEINSTA_042721_0,C:\Users\Eric\Documents\cig-ads-image\data\images\VUSEINSTA_042721_0.png,Ad images for Yiqun/Vuse/Vuse Instagram/Vuse Instagram 2021/VuseInsta_042721_0.png,VuseInsta_042721_0,2021,1,0,0,0,1,0,0,0,0,0,1,0,0,0,0,0,1
VUSEINSTA_042821_0,C:\Users\Eric\Documents\cig-ads-image\data\images\VUSEINSTA_042821_0.png,Ad images for Yiqun/Vuse/Vuse Instagram/Vuse Instagram 2021/VuseInsta_042821_0.png,VuseInsta_042821_0,2021,1,0,0,0,0,0,0,0,0,0,1,0,0,0,0,0,1
VUSEINSTA_042921_0,C:\Users\Eric\Documents\cig-ads-image\data\images\VUSEINSTA_042921_0.png,Ad images for Yiqun/Vuse/Vuse Instagram/Vuse Instagram 2021/VuseInsta_042921_0.png,VuseInsta_042921_0,2021,1,0,1,0,1,0,0,0,0,0,1,0,0,0,0,0,1
VUSEINSTA_042921_1,C:\Users\Eric\Documents\cig-ads-image\data\images\VUSEINSTA_042921_1.png,Ad images for Yiqun/Vuse/Vuse Instagram/Vuse Instagram 2021/VuseInsta_042921_1.png,VuseInsta_042921_1,2021,1,0,0,0,0,0,0,0,0,0,1,0,0,0,0,0,1
VUSEINSTA_042921_2,C:\Users\Eric\Documents\cig-ads-image\data\images\VUSEINSTA_042921_2.png,Ad images for Yiqun/Vuse/Vuse Instagram/Vuse Instagram 2021/VuseInsta_042921_2.png,VuseInsta_042921_2,2021,1,0,0,0,0,0,0,0,0,0,1,0,0,0,0,0,1
VUSEINSTA_043021_0,C:\Users\Eric\Documents\cig-ads-image\data\images\VUSEINSTA_043021_0.png,Ad images for Yiqun/Vuse/Vuse Instagram/Vuse Instagram 2021/VuseInsta_043021_0.png,VuseInsta_043021_0,2021,1,0,0,0,1,0,0,0,0,0,1,0,0,0,0,0,1
VUSEINSTA_043021_1,C:\Users\Eric\Documents\cig-ads-image\data\images\VUSEINSTA_043021_1.png,Ad images for Yiqun/Vuse/Vuse Instagram/Vuse Instagram 2021/VuseInsta_043021_1.png,VuseInsta_043021_1,2021,1,0,0,0,1,0,0,0,0,0,1,0,0,0,0,0,1
VUSEINSTA_050121_0,C:\Users\Eric\Documents\cig-ads-image\data\images\VUSEINSTA_050121_0.png,Ad images for Yiqun/Vuse/Vuse Instagram/Vuse Instagram 2021/VuseInsta_050121_0.png,VuseInsta_050121_0,2021,1,0,0,0,0,0,0,0,0,0,1,0,0,0,0,0,1
VUSEINSTA_050121_1,C:\Users\Eric\Documents\cig-ads-image\data\images\VUSEINSTA_050121_1.png,Ad images for Yiqun/Vuse/Vuse Instagram/Vuse Instagram 2021/VuseInsta_050121_1.png,VuseInsta_050121_1,2021,1,1,0,0,0,0,0,0,0,0,0,0,0,0,0,0,1
VUSEINSTA_050121_2,C:\Users\Eric\Documents\cig-ads-image\data\images\VUSEINSTA_050121_2.png,Ad images for Yiqun/Vuse/Vuse Instagram/Vuse Instagram 2021/VuseInsta_050121_2.png,VuseInsta_050121_2,2021,1,0,0,1,0,0,0,0,0,0,1,0,0,0,0,1,1
VUSEINSTA_050221_0,C:\Users\Eric\Documents\cig-ads-image\data\images\VUSEINSTA_050221_0.png,Ad images for Yiqun/Vuse/Vuse Instagram/Vuse Instagram 2021/VuseInsta_050221_0.png,VuseInsta_050221_0,2021,1,0,0,1,0,0,0,0,0,0,1,0,0,0,0,0,1
VUSEMAIL21_001,C:\Users\Eric\Documents\cig-ads-image\data\images\VUSEMAIL21_001.jpeg,Ad images for Yiqun/Trinkets and Trash Image Files/Ecig/2021/Vuse/Email/VUSemail21_001.jpeg,VUSemail21_001,2021,0,0,0,0,0,0,0,0,0,0,0,0,0,0,0,0,0
VUSSOCIAL21_001,C:\Users\Eric\Documents\cig-ads-image\data\images\VUSSOCIAL21_001.jpeg,Ad images for Yiqun/Trinkets and Trash Image Files/Ecig/2021/Vuse/Social/VUSsocial21_001.jpeg,VUSsocial21_001,2021,0,0,0,0,1,1,0,0,0,0,0,0,1,0,0,1,1
VUSSOCIAL21_002,C:\Users\Eric\Documents\cig-ads-image\data\images\VUSSOCIAL21_002.jpeg,Ad images for Yiqun/Trinkets and Trash Image Files/Ecig/2021/Vuse/Social/VUSsocial21_002.jpeg,VUSsocial21_002,2021,0,0,1,0,0,0,1,0,0,0,0,0,0,0,0,0,1
VUSSOCIAL21_003,C:\Users\Eric\Documents\cig-ads-image\data\images\VUSSOCIAL21_003.jpeg,Ad images for Yiqun/Trinkets and Trash Image Files/Ecig/2021/Vuse/Social/VUSsocial21_003.jpeg,VUSsocial21_003,2021,0,0,0,0,0,0,0,0,0,0,0,0,0,0,0,0,0
VUSSOCIAL22_001,C:\Users\Eric\Documents\cig-ads-image\data\images\VUSSOCIAL22_001.jpeg,Ad images for Yiqun/Trinkets and Trash Image Files/Ecig/2022/Vuse/Social/VUSsocial22_001.jpeg,VUSsocial22_001,2022,1,0,0,0,0,0,0,0,0,0,0,0,0,0,0,0,1
WINCMAG21_001,C:\Users\Eric\Documents\cig-ads-image\data\images\WINCMAG21_001.jpeg,Ad images for Yiqun/Trinkets and Trash Image Files/Cig/2021/Winston/Print/WINcmag21_001.jpeg,WINcmag21_001,2021,0,0,0,0,0,0,0,0,0,0,0,0,0,0,0,0,0
WINOD21_001,C:\Users\Eric\Documents\cig-ads-image\data\images\WINOD21_001.jpeg,Ad images for Yiqun/Trinkets and Trash Image Files/Cig/2021/Winston/Outdoor/WINod21_001.jpeg,WINod21_001,2021,0,0,0,0,0,0,0,0,0,0,0,0,0,0,0,0,0
